asin,title,main_category,price,average_rating,rating_number,features,description,images
B00000000,BrandE Fragrance Product 0,Fragrance,35.68087058126293,4.559382000545538,30,"['Feature 0', 'Feature 1', 'Feature 2']",High quality fragrance product with premium ingredients,['https://placeholder-images.com/product_0.jpg']
B00000001,BrandC Makeup Product 1,Makeup,23.996488214520404,3.918497783931734,382,"['Feature 0', 'Feature 1', 'Feature 2']",High quality makeup product with premium ingredients,['https://placeholder-images.com/product_1.jpg']
B00000002,BrandC Fragrance Product 2,Fragrance,12.881829201412343,4.939819704323988,501,"['Feature 0', 'Feature 1', 'Feature 2']",High quality fragrance product with premium ingredients,['https://placeholder-images.com/product_2.jpg']
B00000003,BrandF Bath Product 3,Bath,10.109027217742007,4.984423118582435,170,"['Feature 0', 'Feature 1', 'Feature 2']",High quality bath product with premium ingredients,['https://placeholder-images.com/product_3.jpg']
B00000004,BrandB Fragrance Product 4,Fragrance,83.4659004285133,3.8638900372842313,570,"['Feature 0', 'Feature 1', 'Feature 2']",High quality fragrance product with premium ingredients,['https://placeholder-images.com/product_4.jpg']
B00000005,BrandC Haircare Product 5,Haircare,65.98053604013577,3.093331326427231,709,"['Feature 0', 'Feature 1', 'Feature 2']",High quality haircare product with premium ingredients,['https://placeholder-images.com/product_5.jpg']
B00000006,BrandF Bath Product 6,Bath,119.9246345950219,3.3993475643167193,576,"['Feature 0', 'Feature 1', 'Feature 2']",High quality bath product with premium ingredients,['https://placeholder-images.com/product_6.jpg']
B00000007,BrandA Fragrance Product 7,Fragrance,16.50305778079968,4.215089703802876,30,"['Feature 0', 'Feature 1', 'Feature 2']",High quality fragrance product with premium ingredients,['https://placeholder-images.com/product_7.jpg']
B00000008,BrandB Skincare Product 8,Skincare,142.84397521546666,4.931264066149119,251,"['Feature 0', 'Feature 1', 'Feature 2']",High quality skincare product with premium ingredients,['https://placeholder-images.com/product_8.jpg']
B00000009,BrandA Makeup Product 9,Makeup,12.235275310829987,3.4617876512442978,101,"['Feature 0', 'Feature 1', 'Feature 2']",High quality makeup product with premium ingredients,['https://placeholder-images.com/product_9.jpg']
B00000010,BrandD Fragrance Product 10,Fragrance,79.32476741557782,3.068777042230437,215,"['Feature 0', 'Feature 1', 'Feature 2']",High quality fragrance product with premium ingredients,['https://placeholder-images.com/product_10.jpg']
B00000011,BrandD Skincare Product 11,Skincare,35.51305229032873,4.510722820635305,399,"['Feature 0', 'Feature 1', 'Feature 2']",High quality skincare product with premium ingredients,['https://placeholder-images.com/product_11.jpg']
B00000012,BrandB Bath Product 12,Bath,89.47804589479881,3.062626584911117,411,"['Feature 0', 'Feature 1', 'Feature 2']",High quality bath product with premium ingredients,['https://placeholder-images.com/product_12.jpg']
B00000013,BrandD Makeup Product 13,Makeup,141.5298518189865,4.789654700855298,279,"['Feature 0', 'Feature 1', 'Feature 2']",High quality makeup product with premium ingredients,['https://placeholder-images.com/product_13.jpg']
B00000014,BrandD Bath Product 14,Bath,16.33182044747533,3.650660661526529,729,"['Feature 0', 'Feature 1', 'Feature 2']",High quality bath product with premium ingredients,['https://placeholder-images.com/product_14.jpg']
B00000015,BrandB Tools Product 15,Tools,85.55689853447117,4.173502331327697,226,"['Feature 0', 'Feature 1', 'Feature 2']",High quality tools product with premium ingredients,['https://placeholder-images.com/product_15.jpg']
B00000016,BrandD Fragrance Product 16,Fragrance,85.97745164215479,3.2818484499495253,24,"['Feature 0', 'Feature 1', 'Feature 2']",High quality fragrance product with premium ingredients,['https://placeholder-images.com/product_16.jpg']
B00000017,BrandA Tools Product 17,Tools,12.18909694376715,3.846802961412739,138,"['Feature 0', 'Feature 1', 'Feature 2']",High quality tools product with premium ingredients,['https://placeholder-images.com/product_17.jpg']
B00000018,BrandC Fragrance Product 18,Fragrance,37.837936572432724,4.4226839054972995,428,"['Feature 0', 'Feature 1', 'Feature 2']",High quality fragrance product with premium ingredients,['https://placeholder-images.com/product_18.jpg']
B00000019,BrandC Skincare Product 19,Skincare,20.36625124277265,3.7169314570885454,50,"['Feature 0', 'Feature 1', 'Feature 2']",High quality skincare product with premium ingredients,['https://placeholder-images.com/product_19.jpg']
B00000020,BrandA Fragrance Product 20,Fragrance,97.2617377558581,3.6617960497052984,57,"['Feature 0', 'Feature 1', 'Feature 2']",High quality fragrance product with premium ingredients,['https://placeholder-images.com/product_20.jpg']
B00000021,BrandE Bath Product 21,Bath,112.14486496732897,4.2751149427104265,996,"['Feature 0', 'Feature 1', 'Feature 2']",High quality bath product with premium ingredients,['https://placeholder-images.com/product_21.jpg']
B00000022,BrandA Haircare Product 22,Haircare,63.60976246553058,4.943424190778208,652,"['Feature 0', 'Feature 1', 'Feature 2']",High quality haircare product with premium ingredients,['https://placeholder-images.com/product_22.jpg']
B00000023,BrandE Skincare Product 23,Skincare,88.57880765972948,4.541934359909122,880,"['Feature 0', 'Feature 1', 'Feature 2']",High quality skincare product with premium ingredients,['https://placeholder-images.com/product_23.jpg']
B00000024,BrandA Haircare Product 24,Haircare,109.49280455601024,3.2217816416236627,901,"['Feature 0', 'Feature 1', 'Feature 2']",High quality haircare product with premium ingredients,['https://placeholder-images.com/product_24.jpg']
B00000025,BrandC Tools Product 25,Tools,14.400085996142796,4.272820822527561,573,"['Feature 0', 'Feature 1', 'Feature 2']",High quality tools product with premium ingredients,['https://placeholder-images.com/product_25.jpg']
B00000026,BrandD Tools Product 26,Tools,137.059306349653,3.49858445829775,758,"['Feature 0', 'Feature 1', 'Feature 2']",High quality tools product with premium ingredients,['https://placeholder-images.com/product_26.jpg']
B00000027,BrandE Haircare Product 27,Haircare,42.03174316882715,3.1539598196575858,708,"['Feature 0', 'Feature 1', 'Feature 2']",High quality haircare product with premium ingredients,['https://placeholder-images.com/product_27.jpg']
B00000028,BrandF Haircare Product 28,Haircare,133.26549746213607,4.2487080962675865,583,"['Feature 0', 'Feature 1', 'Feature 2']",High quality haircare product with premium ingredients,['https://placeholder-images.com/product_28.jpg']
B00000029,BrandE Skincare Product 29,Skincare,132.0044826262805,4.607344153798229,565,"['Feature 0', 'Feature 1', 'Feature 2']",High quality skincare product with premium ingredients,['https://placeholder-images.com/product_29.jpg']
B00000030,BrandF Fragrance Product 30,Fragrance,133.65923624864155,3.648690042010548,357,"['Feature 0', 'Feature 1', 'Feature 2']",High quality fragrance product with premium ingredients,['https://placeholder-images.com/product_30.jpg']
B00000031,BrandF Skincare Product 31,Skincare,25.407269433874745,3.4558703250838834,967,"['Feature 0', 'Feature 1', 'Feature 2']",High quality skincare product with premium ingredients,['https://placeholder-images.com/product_31.jpg']
B00000032,BrandD Skincare Product 32,Skincare,59.35963988678366,3.609562516316058,719,"['Feature 0', 'Feature 1', 'Feature 2']",High quality skincare product with premium ingredients,['https://placeholder-images.com/product_32.jpg']
B00000033,BrandA Haircare Product 33,Haircare,77.87619599025764,4.384872065780541,243,"['Feature 0', 'Feature 1', 'Feature 2']",High quality haircare product with premium ingredients,['https://placeholder-images.com/product_33.jpg']
B00000034,BrandC Fragrance Product 34,Fragrance,55.24841048290573,4.037581243486732,242,"['Feature 0', 'Feature 1', 'Feature 2']",High quality fragrance product with premium ingredients,['https://placeholder-images.com/product_34.jpg']
B00000035,BrandA Fragrance Product 35,Fragrance,19.084914595257416,3.5078308278686894,277,"['Feature 0', 'Feature 1', 'Feature 2']",High quality fragrance product with premium ingredients,['https://placeholder-images.com/product_35.jpg']
B00000036,BrandB Bath Product 36,Bath,109.71788258942189,3.2961738599067996,961,"['Feature 0', 'Feature 1', 'Feature 2']",High quality bath product with premium ingredients,['https://placeholder-images.com/product_36.jpg']
B00000037,BrandC Skincare Product 37,Skincare,95.33900675718556,4.005358046457723,575,"['Feature 0', 'Feature 1', 'Feature 2']",High quality skincare product with premium ingredients,['https://placeholder-images.com/product_37.jpg']
B00000038,BrandA Tools Product 38,Tools,98.80918825819093,4.361410903109533,62,"['Feature 0', 'Feature 1', 'Feature 2']",High quality tools product with premium ingredients,['https://placeholder-images.com/product_38.jpg']
B00000039,BrandB Fragrance Product 39,Fragrance,147.9910635754841,3.484110543023001,845,"['Feature 0', 'Feature 1', 'Feature 2']",High quality fragrance product with premium ingredients,['https://placeholder-images.com/product_39.jpg']
B00000040,BrandC Haircare Product 40,Haircare,43.90239135883962,4.606279512759792,846,"['Feature 0', 'Feature 1', 'Feature 2']",High quality haircare product with premium ingredients,['https://placeholder-images.com/product_40.jpg']
B00000041,BrandB Fragrance Product 41,Fragrance,98.69415950652525,4.071549368149517,761,"['Feature 0', 'Feature 1', 'Feature 2']",High quality fragrance product with premium ingredients,['https://placeholder-images.com/product_41.jpg']
B00000042,BrandA Skincare Product 42,Skincare,54.909209096043014,3.3730370207997087,358,"['Feature 0', 'Feature 1', 'Feature 2']",High quality skincare product with premium ingredients,['https://placeholder-images.com/product_42.jpg']
B00000043,BrandD Haircare Product 43,Haircare,55.63424672826387,3.4404820951310966,355,"['Feature 0', 'Feature 1', 'Feature 2']",High quality haircare product with premium ingredients,['https://placeholder-images.com/product_43.jpg']
B00000044,BrandC Haircare Product 44,Haircare,58.81323822084211,3.1923531021828415,498,"['Feature 0', 'Feature 1', 'Feature 2']",High quality haircare product with premium ingredients,['https://placeholder-images.com/product_44.jpg']
B00000045,BrandB Skincare Product 45,Skincare,127.27941482702592,4.351380234078562,962,"['Feature 0', 'Feature 1', 'Feature 2']",High quality skincare product with premium ingredients,['https://placeholder-images.com/product_45.jpg']
B00000046,BrandB Skincare Product 46,Skincare,139.4571065589988,4.754678706761962,620,"['Feature 0', 'Feature 1', 'Feature 2']",High quality skincare product with premium ingredients,['https://placeholder-images.com/product_46.jpg']
B00000047,BrandB Fragrance Product 47,Fragrance,147.50356806612098,4.033271782542029,890,"['Feature 0', 'Feature 1', 'Feature 2']",High quality fragrance product with premium ingredients,['https://placeholder-images.com/product_47.jpg']
B00000048,BrandA Makeup Product 48,Makeup,23.03438749282589,4.794431515906654,46,"['Feature 0', 'Feature 1', 'Feature 2']",High quality makeup product with premium ingredients,['https://placeholder-images.com/product_48.jpg']
B00000049,BrandA Haircare Product 49,Haircare,49.04198936290546,4.400715659945543,217,"['Feature 0', 'Feature 1', 'Feature 2']",High quality haircare product with premium ingredients,['https://placeholder-images.com/product_49.jpg']
B00000050,BrandD Haircare Product 50,Haircare,134.1920993971164,4.559751091715247,929,"['Feature 0', 'Feature 1', 'Feature 2']",High quality haircare product with premium ingredients,['https://placeholder-images.com/product_50.jpg']
B00000051,BrandC Fragrance Product 51,Fragrance,140.98889919093264,4.570681302227888,113,"['Feature 0', 'Feature 1', 'Feature 2']",High quality fragrance product with premium ingredients,['https://placeholder-images.com/product_51.jpg']
B00000052,BrandF Fragrance Product 52,Fragrance,11.287587226328151,3.2029430857320644,108,"['Feature 0', 'Feature 1', 'Feature 2']",High quality fragrance product with premium ingredients,['https://placeholder-images.com/product_52.jpg']
B00000053,BrandE Skincare Product 53,Skincare,49.748936463245194,3.6107277206887867,715,"['Feature 0', 'Feature 1', 'Feature 2']",High quality skincare product with premium ingredients,['https://placeholder-images.com/product_53.jpg']
B00000054,BrandC Bath Product 54,Bath,101.27457633036407,3.44853861892112,170,"['Feature 0', 'Feature 1', 'Feature 2']",High quality bath product with premium ingredients,['https://placeholder-images.com/product_54.jpg']
B00000055,BrandA Fragrance Product 55,Fragrance,79.14512012568085,3.3576454184426576,513,"['Feature 0', 'Feature 1', 'Feature 2']",High quality fragrance product with premium ingredients,['https://placeholder-images.com/product_55.jpg']
B00000056,BrandA Haircare Product 56,Haircare,53.12851085933449,4.085080461109799,964,"['Feature 0', 'Feature 1', 'Feature 2']",High quality haircare product with premium ingredients,['https://placeholder-images.com/product_56.jpg']
B00000057,BrandF Haircare Product 57,Haircare,47.12833147544156,3.487979286758167,47,"['Feature 0', 'Feature 1', 'Feature 2']",High quality haircare product with premium ingredients,['https://placeholder-images.com/product_57.jpg']
B00000058,BrandE Bath Product 58,Bath,78.14390141432372,4.812197575437108,36,"['Feature 0', 'Feature 1', 'Feature 2']",High quality bath product with premium ingredients,['https://placeholder-images.com/product_58.jpg']
B00000059,BrandE Makeup Product 59,Makeup,80.36919303472689,4.153807769252718,969,"['Feature 0', 'Feature 1', 'Feature 2']",High quality makeup product with premium ingredients,['https://placeholder-images.com/product_59.jpg']
B00000060,BrandE Skincare Product 60,Skincare,42.22593755381774,3.9983867597695046,525,"['Feature 0', 'Feature 1', 'Feature 2']",High quality skincare product with premium ingredients,['https://placeholder-images.com/product_60.jpg']
B00000061,BrandA Haircare Product 61,Haircare,16.104528045620725,4.989101021594682,167,"['Feature 0', 'Feature 1', 'Feature 2']",High quality haircare product with premium ingredients,['https://placeholder-images.com/product_61.jpg']
B00000062,BrandF Tools Product 62,Tools,138.0810146308628,3.7403174005108886,754,"['Feature 0', 'Feature 1', 'Feature 2']",High quality tools product with premium ingredients,['https://placeholder-images.com/product_62.jpg']
B00000063,BrandE Tools Product 63,Tools,69.945780764424,4.933309638087339,108,"['Feature 0', 'Feature 1', 'Feature 2']",High quality tools product with premium ingredients,['https://placeholder-images.com/product_63.jpg']
B00000064,BrandA Fragrance Product 64,Fragrance,20.54847584085795,3.611394038574364,937,"['Feature 0', 'Feature 1', 'Feature 2']",High quality fragrance product with premium ingredients,['https://placeholder-images.com/product_64.jpg']
B00000065,BrandC Skincare Product 65,Skincare,33.72898453605295,4.1136025249167005,744,"['Feature 0', 'Feature 1', 'Feature 2']",High quality skincare product with premium ingredients,['https://placeholder-images.com/product_65.jpg']
B00000066,BrandB Bath Product 66,Bath,140.20235687351646,3.140832261699088,635,"['Feature 0', 'Feature 1', 'Feature 2']",High quality bath product with premium ingredients,['https://placeholder-images.com/product_66.jpg']
B00000067,BrandB Bath Product 67,Bath,45.582910869763424,3.5905811768378775,995,"['Feature 0', 'Feature 1', 'Feature 2']",High quality bath product with premium ingredients,['https://placeholder-images.com/product_67.jpg']
B00000068,BrandA Skincare Product 68,Skincare,29.126986401884032,4.417821993820237,48,"['Feature 0', 'Feature 1', 'Feature 2']",High quality skincare product with premium ingredients,['https://placeholder-images.com/product_68.jpg']
B00000069,BrandB Tools Product 69,Tools,123.31056176699191,4.6202267893583615,930,"['Feature 0', 'Feature 1', 'Feature 2']",High quality tools product with premium ingredients,['https://placeholder-images.com/product_69.jpg']
B00000070,BrandD Tools Product 70,Tools,81.58793584053129,4.003032589374399,694,"['Feature 0', 'Feature 1', 'Feature 2']",High quality tools product with premium ingredients,['https://placeholder-images.com/product_70.jpg']
B00000071,BrandA Fragrance Product 71,Fragrance,19.93172837998987,3.7935676544277768,663,"['Feature 0', 'Feature 1', 'Feature 2']",High quality fragrance product with premium ingredients,['https://placeholder-images.com/product_71.jpg']
B00000072,BrandC Fragrance Product 72,Fragrance,57.31932195921501,3.751165905279888,843,"['Feature 0', 'Feature 1', 'Feature 2']",High quality fragrance product with premium ingredients,['https://placeholder-images.com/product_72.jpg']
B00000073,BrandC Bath Product 73,Bath,75.18372253854442,4.085289269415153,134,"['Feature 0', 'Feature 1', 'Feature 2']",High quality bath product with premium ingredients,['https://placeholder-images.com/product_73.jpg']
B00000074,BrandB Bath Product 74,Bath,130.45664656363454,3.500502721031728,691,"['Feature 0', 'Feature 1', 'Feature 2']",High quality bath product with premium ingredients,['https://placeholder-images.com/product_74.jpg']
B00000075,BrandF Bath Product 75,Bath,85.19153980753177,3.653302483592082,273,"['Feature 0', 'Feature 1', 'Feature 2']",High quality bath product with premium ingredients,['https://placeholder-images.com/product_75.jpg']
B00000076,BrandD Tools Product 76,Tools,40.21494384955804,4.245780951638,205,"['Feature 0', 'Feature 1', 'Feature 2']",High quality tools product with premium ingredients,['https://placeholder-images.com/product_76.jpg']
B00000077,BrandE Bath Product 77,Bath,37.21320475928222,3.822707810113357,876,"['Feature 0', 'Feature 1', 'Feature 2']",High quality bath product with premium ingredients,['https://placeholder-images.com/product_77.jpg']
B00000078,BrandE Fragrance Product 78,Fragrance,145.73516139598226,4.429190208359904,668,"['Feature 0', 'Feature 1', 'Feature 2']",High quality fragrance product with premium ingredients,['https://placeholder-images.com/product_78.jpg']
B00000079,BrandC Skincare Product 79,Skincare,71.45599889878906,3.1569127626845317,750,"['Feature 0', 'Feature 1', 'Feature 2']",High quality skincare product with premium ingredients,['https://placeholder-images.com/product_79.jpg']
B00000080,BrandE Makeup Product 80,Makeup,21.322215326407672,3.8566289498802155,917,"['Feature 0', 'Feature 1', 'Feature 2']",High quality makeup product with premium ingredients,['https://placeholder-images.com/product_80.jpg']
B00000081,BrandA Tools Product 81,Tools,34.26120480991841,3.3128740853421723,811,"['Feature 0', 'Feature 1', 'Feature 2']",High quality tools product with premium ingredients,['https://placeholder-images.com/product_81.jpg']
B00000082,BrandF Bath Product 82,Bath,110.04342917800872,4.320394753435463,894,"['Feature 0', 'Feature 1', 'Feature 2']",High quality bath product with premium ingredients,['https://placeholder-images.com/product_82.jpg']
B00000083,BrandE Skincare Product 83,Skincare,113.30556833740759,4.108708105022801,799,"['Feature 0', 'Feature 1', 'Feature 2']",High quality skincare product with premium ingredients,['https://placeholder-images.com/product_83.jpg']
B00000084,BrandC Tools Product 84,Tools,44.68233853016204,3.711945357302523,95,"['Feature 0', 'Feature 1', 'Feature 2']",High quality tools product with premium ingredients,['https://placeholder-images.com/product_84.jpg']
B00000085,BrandE Skincare Product 85,Skincare,26.250169670968273,3.0920052840435055,103,"['Feature 0', 'Feature 1', 'Feature 2']",High quality skincare product with premium ingredients,['https://placeholder-images.com/product_85.jpg']
B00000086,BrandF Bath Product 86,Bath,108.51210031320332,3.9483476581746504,227,"['Feature 0', 'Feature 1', 'Feature 2']",High quality bath product with premium ingredients,['https://placeholder-images.com/product_86.jpg']
B00000087,BrandE Makeup Product 87,Makeup,76.28604790927919,3.3464037398200306,743,"['Feature 0', 'Feature 1', 'Feature 2']",High quality makeup product with premium ingredients,['https://placeholder-images.com/product_87.jpg']
B00000088,BrandB Tools Product 88,Tools,96.21901372731031,4.270187301735287,811,"['Feature 0', 'Feature 1', 'Feature 2']",High quality tools product with premium ingredients,['https://placeholder-images.com/product_88.jpg']
B00000089,BrandB Fragrance Product 89,Fragrance,97.62038819999309,4.006272517160175,778,"['Feature 0', 'Feature 1', 'Feature 2']",High quality fragrance product with premium ingredients,['https://placeholder-images.com/product_89.jpg']
B00000090,BrandE Tools Product 90,Tools,32.81081979140016,3.1411374948008595,768,"['Feature 0', 'Feature 1', 'Feature 2']",High quality tools product with premium ingredients,['https://placeholder-images.com/product_90.jpg']
B00000091,BrandA Makeup Product 91,Makeup,131.40785069770052,4.272807194892023,861,"['Feature 0', 'Feature 1', 'Feature 2']",High quality makeup product with premium ingredients,['https://placeholder-images.com/product_91.jpg']
B00000092,BrandB Fragrance Product 92,Fragrance,90.27138583407066,3.2570007064678204,966,"['Feature 0', 'Feature 1', 'Feature 2']",High quality fragrance product with premium ingredients,['https://placeholder-images.com/product_92.jpg']
B00000093,BrandC Haircare Product 93,Haircare,141.80507322871352,3.7722052756015483,426,"['Feature 0', 'Feature 1', 'Feature 2']",High quality haircare product with premium ingredients,['https://placeholder-images.com/product_93.jpg']
B00000094,BrandC Makeup Product 94,Makeup,37.4107588705015,3.138722601750331,616,"['Feature 0', 'Feature 1', 'Feature 2']",High quality makeup product with premium ingredients,['https://placeholder-images.com/product_94.jpg']
B00000095,BrandB Bath Product 95,Bath,15.454838523432707,4.236507768675786,736,"['Feature 0', 'Feature 1', 'Feature 2']",High quality bath product with premium ingredients,['https://placeholder-images.com/product_95.jpg']
B00000096,BrandB Skincare Product 96,Skincare,54.656588241126585,4.689750621938909,611,"['Feature 0', 'Feature 1', 'Feature 2']",High quality skincare product with premium ingredients,['https://placeholder-images.com/product_96.jpg']
B00000097,BrandB Bath Product 97,Bath,46.49723395302644,3.9920749085868126,835,"['Feature 0', 'Feature 1', 'Feature 2']",High quality bath product with premium ingredients,['https://placeholder-images.com/product_97.jpg']
B00000098,BrandB Tools Product 98,Tools,98.05199854918376,4.754944027054106,429,"['Feature 0', 'Feature 1', 'Feature 2']",High quality tools product with premium ingredients,['https://placeholder-images.com/product_98.jpg']
B00000099,BrandE Skincare Product 99,Skincare,145.46127721283466,4.095943766496175,878,"['Feature 0', 'Feature 1', 'Feature 2']",High quality skincare product with premium ingredients,['https://placeholder-images.com/product_99.jpg']
B00000100,BrandC Skincare Product 100,Skincare,148.67071988009425,3.825235353822853,987,"['Feature 0', 'Feature 1', 'Feature 2']",High quality skincare product with premium ingredients,['https://placeholder-images.com/product_100.jpg']
B00000101,BrandF Skincare Product 101,Skincare,88.6613369001283,3.47719371958068,704,"['Feature 0', 'Feature 1', 'Feature 2']",High quality skincare product with premium ingredients,['https://placeholder-images.com/product_101.jpg']
B00000102,BrandA Tools Product 102,Tools,43.35306133655712,3.7554577723525897,890,"['Feature 0', 'Feature 1', 'Feature 2']",High quality tools product with premium ingredients,['https://placeholder-images.com/product_102.jpg']
B00000103,BrandD Bath Product 103,Bath,125.70404525508383,3.6400992020612235,708,"['Feature 0', 'Feature 1', 'Feature 2']",High quality bath product with premium ingredients,['https://placeholder-images.com/product_103.jpg']
B00000104,BrandA Haircare Product 104,Haircare,17.487941544631646,4.917082993766397,924,"['Feature 0', 'Feature 1', 'Feature 2']",High quality haircare product with premium ingredients,['https://placeholder-images.com/product_104.jpg']
B00000105,BrandA Fragrance Product 105,Fragrance,54.70390926265808,4.90012393410161,393,"['Feature 0', 'Feature 1', 'Feature 2']",High quality fragrance product with premium ingredients,['https://placeholder-images.com/product_105.jpg']
B00000106,BrandC Fragrance Product 106,Fragrance,79.0235920880527,3.166568822390519,78,"['Feature 0', 'Feature 1', 'Feature 2']",High quality fragrance product with premium ingredients,['https://placeholder-images.com/product_106.jpg']
B00000107,BrandD Haircare Product 107,Haircare,56.01303635178824,4.345036912154077,493,"['Feature 0', 'Feature 1', 'Feature 2']",High quality haircare product with premium ingredients,['https://placeholder-images.com/product_107.jpg']
B00000108,BrandA Tools Product 108,Tools,25.88504428244272,4.861858211374585,195,"['Feature 0', 'Feature 1', 'Feature 2']",High quality tools product with premium ingredients,['https://placeholder-images.com/product_108.jpg']
B00000109,BrandB Bath Product 109,Bath,71.81427019227277,4.7754083655166,244,"['Feature 0', 'Feature 1', 'Feature 2']",High quality bath product with premium ingredients,['https://placeholder-images.com/product_109.jpg']
B00000110,BrandB Haircare Product 110,Haircare,145.61127215637887,4.376060020350078,963,"['Feature 0', 'Feature 1', 'Feature 2']",High quality haircare product with premium ingredients,['https://placeholder-images.com/product_110.jpg']
B00000111,BrandA Fragrance Product 111,Fragrance,24.157174657190634,3.168213612229995,662,"['Feature 0', 'Feature 1', 'Feature 2']",High quality fragrance product with premium ingredients,['https://placeholder-images.com/product_111.jpg']
B00000112,BrandA Makeup Product 112,Makeup,125.06040830064987,4.412484454312993,526,"['Feature 0', 'Feature 1', 'Feature 2']",High quality makeup product with premium ingredients,['https://placeholder-images.com/product_112.jpg']
B00000113,BrandE Tools Product 113,Tools,42.651930139433894,4.162610834453565,374,"['Feature 0', 'Feature 1', 'Feature 2']",High quality tools product with premium ingredients,['https://placeholder-images.com/product_113.jpg']
B00000114,BrandF Skincare Product 114,Skincare,123.79193941605035,4.894497154767717,226,"['Feature 0', 'Feature 1', 'Feature 2']",High quality skincare product with premium ingredients,['https://placeholder-images.com/product_114.jpg']
B00000115,BrandD Tools Product 115,Tools,59.030554538043894,4.4163623911664,796,"['Feature 0', 'Feature 1', 'Feature 2']",High quality tools product with premium ingredients,['https://placeholder-images.com/product_115.jpg']
B00000116,BrandD Tools Product 116,Tools,88.1765949630127,3.848444018493953,867,"['Feature 0', 'Feature 1', 'Feature 2']",High quality tools product with premium ingredients,['https://placeholder-images.com/product_116.jpg']
B00000117,BrandF Haircare Product 117,Haircare,78.96751460072028,3.0227072895348384,229,"['Feature 0', 'Feature 1', 'Feature 2']",High quality haircare product with premium ingredients,['https://placeholder-images.com/product_117.jpg']
B00000118,BrandB Bath Product 118,Bath,113.73634052749357,4.534389706217143,904,"['Feature 0', 'Feature 1', 'Feature 2']",High quality bath product with premium ingredients,['https://placeholder-images.com/product_118.jpg']
B00000119,BrandA Skincare Product 119,Skincare,105.34551979356726,3.47501294258494,514,"['Feature 0', 'Feature 1', 'Feature 2']",High quality skincare product with premium ingredients,['https://placeholder-images.com/product_119.jpg']
B00000120,BrandA Fragrance Product 120,Fragrance,21.60478503706959,4.056740242594419,126,"['Feature 0', 'Feature 1', 'Feature 2']",High quality fragrance product with premium ingredients,['https://placeholder-images.com/product_120.jpg']
B00000121,BrandB Bath Product 121,Bath,11.701626456574289,4.939757653415278,838,"['Feature 0', 'Feature 1', 'Feature 2']",High quality bath product with premium ingredients,['https://placeholder-images.com/product_121.jpg']
B00000122,BrandF Tools Product 122,Tools,139.45006623130345,4.838231430557319,685,"['Feature 0', 'Feature 1', 'Feature 2']",High quality tools product with premium ingredients,['https://placeholder-images.com/product_122.jpg']
B00000123,BrandC Haircare Product 123,Haircare,145.70235498667387,4.046195688340298,242,"['Feature 0', 'Feature 1', 'Feature 2']",High quality haircare product with premium ingredients,['https://placeholder-images.com/product_123.jpg']
B00000124,BrandF Skincare Product 124,Skincare,51.22915255752018,4.991662750058741,575,"['Feature 0', 'Feature 1', 'Feature 2']",High quality skincare product with premium ingredients,['https://placeholder-images.com/product_124.jpg']
B00000125,BrandC Bath Product 125,Bath,136.16212146873846,3.090892760682916,21,"['Feature 0', 'Feature 1', 'Feature 2']",High quality bath product with premium ingredients,['https://placeholder-images.com/product_125.jpg']
B00000126,BrandF Makeup Product 126,Makeup,73.79194538999981,4.240265195603073,17,"['Feature 0', 'Feature 1', 'Feature 2']",High quality makeup product with premium ingredients,['https://placeholder-images.com/product_126.jpg']
B00000127,BrandD Makeup Product 127,Makeup,100.55877063362134,3.7765367679797444,325,"['Feature 0', 'Feature 1', 'Feature 2']",High quality makeup product with premium ingredients,['https://placeholder-images.com/product_127.jpg']
B00000128,BrandD Makeup Product 128,Makeup,20.882849175097878,4.948789615332333,713,"['Feature 0', 'Feature 1', 'Feature 2']",High quality makeup product with premium ingredients,['https://placeholder-images.com/product_128.jpg']
B00000129,BrandF Haircare Product 129,Haircare,14.524233155351066,3.5595270143378914,733,"['Feature 0', 'Feature 1', 'Feature 2']",High quality haircare product with premium ingredients,['https://placeholder-images.com/product_129.jpg']
B00000130,BrandD Tools Product 130,Tools,47.934069952118186,3.2663702504474994,556,"['Feature 0', 'Feature 1', 'Feature 2']",High quality tools product with premium ingredients,['https://placeholder-images.com/product_130.jpg']
B00000131,BrandF Tools Product 131,Tools,142.97198786086938,4.45143901677672,824,"['Feature 0', 'Feature 1', 'Feature 2']",High quality tools product with premium ingredients,['https://placeholder-images.com/product_131.jpg']
B00000132,BrandB Skincare Product 132,Skincare,21.584778804942857,4.753322971851586,260,"['Feature 0', 'Feature 1', 'Feature 2']",High quality skincare product with premium ingredients,['https://placeholder-images.com/product_132.jpg']
B00000133,BrandE Tools Product 133,Tools,13.69137642961528,3.752926733756099,74,"['Feature 0', 'Feature 1', 'Feature 2']",High quality tools product with premium ingredients,['https://placeholder-images.com/product_133.jpg']
B00000134,BrandA Makeup Product 134,Makeup,62.7434557913117,4.499156599952144,226,"['Feature 0', 'Feature 1', 'Feature 2']",High quality makeup product with premium ingredients,['https://placeholder-images.com/product_134.jpg']
B00000135,BrandC Bath Product 135,Bath,127.89664923899922,4.676657409422276,619,"['Feature 0', 'Feature 1', 'Feature 2']",High quality bath product with premium ingredients,['https://placeholder-images.com/product_135.jpg']
B00000136,BrandC Skincare Product 136,Skincare,28.739296632088646,3.027343929653995,832,"['Feature 0', 'Feature 1', 'Feature 2']",High quality skincare product with premium ingredients,['https://placeholder-images.com/product_136.jpg']
B00000137,BrandD Bath Product 137,Bath,123.80614127821086,4.999435346572261,879,"['Feature 0', 'Feature 1', 'Feature 2']",High quality bath product with premium ingredients,['https://placeholder-images.com/product_137.jpg']
B00000138,BrandE Haircare Product 138,Haircare,91.92093452556607,4.452241688143696,723,"['Feature 0', 'Feature 1', 'Feature 2']",High quality haircare product with premium ingredients,['https://placeholder-images.com/product_138.jpg']
B00000139,BrandC Makeup Product 139,Makeup,44.62873424404767,3.9010882706201873,887,"['Feature 0', 'Feature 1', 'Feature 2']",High quality makeup product with premium ingredients,['https://placeholder-images.com/product_139.jpg']
B00000140,BrandC Skincare Product 140,Skincare,48.46245158362723,3.414455298016113,458,"['Feature 0', 'Feature 1', 'Feature 2']",High quality skincare product with premium ingredients,['https://placeholder-images.com/product_140.jpg']
B00000141,BrandB Skincare Product 141,Skincare,60.14278052459767,3.227115184399258,163,"['Feature 0', 'Feature 1', 'Feature 2']",High quality skincare product with premium ingredients,['https://placeholder-images.com/product_141.jpg']
B00000142,BrandB Makeup Product 142,Makeup,76.66949755046198,4.662742980125002,315,"['Feature 0', 'Feature 1', 'Feature 2']",High quality makeup product with premium ingredients,['https://placeholder-images.com/product_142.jpg']
B00000143,BrandA Fragrance Product 143,Fragrance,87.26695742842797,4.121875943070773,743,"['Feature 0', 'Feature 1', 'Feature 2']",High quality fragrance product with premium ingredients,['https://placeholder-images.com/product_143.jpg']
B00000144,BrandA Haircare Product 144,Haircare,92.59382559926905,3.9600919340369503,928,"['Feature 0', 'Feature 1', 'Feature 2']",High quality haircare product with premium ingredients,['https://placeholder-images.com/product_144.jpg']
B00000145,BrandE Tools Product 145,Tools,99.51058997639393,4.610089335038724,112,"['Feature 0', 'Feature 1', 'Feature 2']",High quality tools product with premium ingredients,['https://placeholder-images.com/product_145.jpg']
B00000146,BrandD Bath Product 146,Bath,147.2647815129329,4.21617569908377,859,"['Feature 0', 'Feature 1', 'Feature 2']",High quality bath product with premium ingredients,['https://placeholder-images.com/product_146.jpg']
B00000147,BrandC Bath Product 147,Bath,22.74029274718624,4.4527940653004565,258,"['Feature 0', 'Feature 1', 'Feature 2']",High quality bath product with premium ingredients,['https://placeholder-images.com/product_147.jpg']
B00000148,BrandA Bath Product 148,Bath,119.71142178376003,3.7930855646425403,768,"['Feature 0', 'Feature 1', 'Feature 2']",High quality bath product with premium ingredients,['https://placeholder-images.com/product_148.jpg']
B00000149,BrandC Makeup Product 149,Makeup,107.66986200908487,4.592943551347755,147,"['Feature 0', 'Feature 1', 'Feature 2']",High quality makeup product with premium ingredients,['https://placeholder-images.com/product_149.jpg']
B00000150,BrandB Skincare Product 150,Skincare,117.64848378415564,3.132471955703732,78,"['Feature 0', 'Feature 1', 'Feature 2']",High quality skincare product with premium ingredients,['https://placeholder-images.com/product_150.jpg']
B00000151,BrandF Makeup Product 151,Makeup,78.96653315900174,3.657503220575016,756,"['Feature 0', 'Feature 1', 'Feature 2']",High quality makeup product with premium ingredients,['https://placeholder-images.com/product_151.jpg']
B00000152,BrandC Haircare Product 152,Haircare,20.620865935212947,3.2577594438212985,192,"['Feature 0', 'Feature 1', 'Feature 2']",High quality haircare product with premium ingredients,['https://placeholder-images.com/product_152.jpg']
B00000153,BrandF Haircare Product 153,Haircare,107.67346031757044,3.360134544698597,909,"['Feature 0', 'Feature 1', 'Feature 2']",High quality haircare product with premium ingredients,['https://placeholder-images.com/product_153.jpg']
B00000154,BrandC Skincare Product 154,Skincare,132.4044646796184,4.0304721097284215,681,"['Feature 0', 'Feature 1', 'Feature 2']",High quality skincare product with premium ingredients,['https://placeholder-images.com/product_154.jpg']
B00000155,BrandE Makeup Product 155,Makeup,36.92046263321391,3.0817372325329577,14,"['Feature 0', 'Feature 1', 'Feature 2']",High quality makeup product with premium ingredients,['https://placeholder-images.com/product_155.jpg']
B00000156,BrandD Makeup Product 156,Makeup,58.66669002757569,3.0636093629703303,847,"['Feature 0', 'Feature 1', 'Feature 2']",High quality makeup product with premium ingredients,['https://placeholder-images.com/product_156.jpg']
B00000157,BrandE Skincare Product 157,Skincare,74.50902752458161,3.412667436811585,555,"['Feature 0', 'Feature 1', 'Feature 2']",High quality skincare product with premium ingredients,['https://placeholder-images.com/product_157.jpg']
B00000158,BrandF Skincare Product 158,Skincare,56.213931863421756,3.6431655293600578,803,"['Feature 0', 'Feature 1', 'Feature 2']",High quality skincare product with premium ingredients,['https://placeholder-images.com/product_158.jpg']
B00000159,BrandA Skincare Product 159,Skincare,106.28986039345162,4.023314027094522,116,"['Feature 0', 'Feature 1', 'Feature 2']",High quality skincare product with premium ingredients,['https://placeholder-images.com/product_159.jpg']
B00000160,BrandA Tools Product 160,Tools,48.76287074060852,4.612402559586123,634,"['Feature 0', 'Feature 1', 'Feature 2']",High quality tools product with premium ingredients,['https://placeholder-images.com/product_160.jpg']
B00000161,BrandE Haircare Product 161,Haircare,148.07597942135413,4.073181291974665,65,"['Feature 0', 'Feature 1', 'Feature 2']",High quality haircare product with premium ingredients,['https://placeholder-images.com/product_161.jpg']
B00000162,BrandF Bath Product 162,Bath,96.55566801424143,3.7378272791395446,225,"['Feature 0', 'Feature 1', 'Feature 2']",High quality bath product with premium ingredients,['https://placeholder-images.com/product_162.jpg']
B00000163,BrandE Makeup Product 163,Makeup,18.727790751573803,3.2954781838124534,892,"['Feature 0', 'Feature 1', 'Feature 2']",High quality makeup product with premium ingredients,['https://placeholder-images.com/product_163.jpg']
B00000164,BrandF Haircare Product 164,Haircare,114.94627248120224,3.0609443054671885,283,"['Feature 0', 'Feature 1', 'Feature 2']",High quality haircare product with premium ingredients,['https://placeholder-images.com/product_164.jpg']
B00000165,BrandF Makeup Product 165,Makeup,84.56641730370325,3.4849410072694593,994,"['Feature 0', 'Feature 1', 'Feature 2']",High quality makeup product with premium ingredients,['https://placeholder-images.com/product_165.jpg']
B00000166,BrandD Tools Product 166,Tools,12.809967688881692,3.6441583311663566,240,"['Feature 0', 'Feature 1', 'Feature 2']",High quality tools product with premium ingredients,['https://placeholder-images.com/product_166.jpg']
B00000167,BrandB Bath Product 167,Bath,84.94697896217329,3.4664328230996024,534,"['Feature 0', 'Feature 1', 'Feature 2']",High quality bath product with premium ingredients,['https://placeholder-images.com/product_167.jpg']
B00000168,BrandA Fragrance Product 168,Fragrance,105.07432468022854,4.578342477214677,118,"['Feature 0', 'Feature 1', 'Feature 2']",High quality fragrance product with premium ingredients,['https://placeholder-images.com/product_168.jpg']
B00000169,BrandD Makeup Product 169,Makeup,85.19491585459669,4.173682236041758,785,"['Feature 0', 'Feature 1', 'Feature 2']",High quality makeup product with premium ingredients,['https://placeholder-images.com/product_169.jpg']
B00000170,BrandD Skincare Product 170,Skincare,27.861242391378926,3.5675518115974487,527,"['Feature 0', 'Feature 1', 'Feature 2']",High quality skincare product with premium ingredients,['https://placeholder-images.com/product_170.jpg']
B00000171,BrandB Fragrance Product 171,Fragrance,95.0577311211002,3.488706310929309,324,"['Feature 0', 'Feature 1', 'Feature 2']",High quality fragrance product with premium ingredients,['https://placeholder-images.com/product_171.jpg']
B00000172,BrandF Tools Product 172,Tools,94.8084747099642,3.474453583471989,671,"['Feature 0', 'Feature 1', 'Feature 2']",High quality tools product with premium ingredients,['https://placeholder-images.com/product_172.jpg']
B00000173,BrandF Tools Product 173,Tools,61.14995475436807,3.975619601617476,359,"['Feature 0', 'Feature 1', 'Feature 2']",High quality tools product with premium ingredients,['https://placeholder-images.com/product_173.jpg']
B00000174,BrandF Haircare Product 174,Haircare,49.913323617138595,3.3467471905895096,832,"['Feature 0', 'Feature 1', 'Feature 2']",High quality haircare product with premium ingredients,['https://placeholder-images.com/product_174.jpg']
B00000175,BrandC Skincare Product 175,Skincare,83.43159453983566,3.8207936539793232,557,"['Feature 0', 'Feature 1', 'Feature 2']",High quality skincare product with premium ingredients,['https://placeholder-images.com/product_175.jpg']
B00000176,BrandB Bath Product 176,Bath,90.6397784927924,4.834791226171063,856,"['Feature 0', 'Feature 1', 'Feature 2']",High quality bath product with premium ingredients,['https://placeholder-images.com/product_176.jpg']
B00000177,BrandF Bath Product 177,Bath,46.10639578629158,3.341775174780132,956,"['Feature 0', 'Feature 1', 'Feature 2']",High quality bath product with premium ingredients,['https://placeholder-images.com/product_177.jpg']
B00000178,BrandA Bath Product 178,Bath,110.5840179171175,4.0700734640898215,35,"['Feature 0', 'Feature 1', 'Feature 2']",High quality bath product with premium ingredients,['https://placeholder-images.com/product_178.jpg']
B00000179,BrandE Haircare Product 179,Haircare,117.72901064687116,3.3740874971150467,127,"['Feature 0', 'Feature 1', 'Feature 2']",High quality haircare product with premium ingredients,['https://placeholder-images.com/product_179.jpg']
B00000180,BrandC Fragrance Product 180,Fragrance,37.93096982736476,4.472494367396976,149,"['Feature 0', 'Feature 1', 'Feature 2']",High quality fragrance product with premium ingredients,['https://placeholder-images.com/product_180.jpg']
B00000181,BrandB Skincare Product 181,Skincare,117.48913020199743,3.174580359179351,903,"['Feature 0', 'Feature 1', 'Feature 2']",High quality skincare product with premium ingredients,['https://placeholder-images.com/product_181.jpg']
B00000182,BrandD Haircare Product 182,Haircare,54.889906902332,4.187766195115797,911,"['Feature 0', 'Feature 1', 'Feature 2']",High quality haircare product with premium ingredients,['https://placeholder-images.com/product_182.jpg']
B00000183,BrandB Makeup Product 183,Makeup,86.80443651134145,4.097843959777954,907,"['Feature 0', 'Feature 1', 'Feature 2']",High quality makeup product with premium ingredients,['https://placeholder-images.com/product_183.jpg']
B00000184,BrandB Tools Product 184,Tools,22.301535573971954,3.2776495468840405,338,"['Feature 0', 'Feature 1', 'Feature 2']",High quality tools product with premium ingredients,['https://placeholder-images.com/product_184.jpg']
B00000185,BrandA Skincare Product 185,Skincare,93.3894236850982,3.9431523771003167,428,"['Feature 0', 'Feature 1', 'Feature 2']",High quality skincare product with premium ingredients,['https://placeholder-images.com/product_185.jpg']
B00000186,BrandA Bath Product 186,Bath,129.10184440230364,4.4919490510974365,955,"['Feature 0', 'Feature 1', 'Feature 2']",High quality bath product with premium ingredients,['https://placeholder-images.com/product_186.jpg']
B00000187,BrandE Bath Product 187,Bath,112.3214465285102,4.876680913642076,597,"['Feature 0', 'Feature 1', 'Feature 2']",High quality bath product with premium ingredients,['https://placeholder-images.com/product_187.jpg']
B00000188,BrandC Haircare Product 188,Haircare,139.70291930255956,4.443193101502555,581,"['Feature 0', 'Feature 1', 'Feature 2']",High quality haircare product with premium ingredients,['https://placeholder-images.com/product_188.jpg']
B00000189,BrandC Tools Product 189,Tools,121.33742366038463,3.403254640095489,807,"['Feature 0', 'Feature 1', 'Feature 2']",High quality tools product with premium ingredients,['https://placeholder-images.com/product_189.jpg']
B00000190,BrandE Haircare Product 190,Haircare,36.096698150340174,3.4713834921299993,87,"['Feature 0', 'Feature 1', 'Feature 2']",High quality haircare product with premium ingredients,['https://placeholder-images.com/product_190.jpg']
B00000191,BrandF Makeup Product 191,Makeup,60.23626777729035,4.7544010816262166,98,"['Feature 0', 'Feature 1', 'Feature 2']",High quality makeup product with premium ingredients,['https://placeholder-images.com/product_191.jpg']
B00000192,BrandF Makeup Product 192,Makeup,135.95344234090425,4.248203088363676,874,"['Feature 0', 'Feature 1', 'Feature 2']",High quality makeup product with premium ingredients,['https://placeholder-images.com/product_192.jpg']
B00000193,BrandA Skincare Product 193,Skincare,59.750743254575426,3.782964220403004,971,"['Feature 0', 'Feature 1', 'Feature 2']",High quality skincare product with premium ingredients,['https://placeholder-images.com/product_193.jpg']
B00000194,BrandE Bath Product 194,Bath,136.90609553503657,4.248475991827984,956,"['Feature 0', 'Feature 1', 'Feature 2']",High quality bath product with premium ingredients,['https://placeholder-images.com/product_194.jpg']
B00000195,BrandF Bath Product 195,Bath,56.5942100277478,4.461098273618603,563,"['Feature 0', 'Feature 1', 'Feature 2']",High quality bath product with premium ingredients,['https://placeholder-images.com/product_195.jpg']
B00000196,BrandE Fragrance Product 196,Fragrance,79.35930769655519,4.482921822278091,932,"['Feature 0', 'Feature 1', 'Feature 2']",High quality fragrance product with premium ingredients,['https://placeholder-images.com/product_196.jpg']
B00000197,BrandE Fragrance Product 197,Fragrance,31.234483162585164,3.6234441355910967,420,"['Feature 0', 'Feature 1', 'Feature 2']",High quality fragrance product with premium ingredients,['https://placeholder-images.com/product_197.jpg']
B00000198,BrandF Skincare Product 198,Skincare,38.63624304372486,4.428128164447228,526,"['Feature 0', 'Feature 1', 'Feature 2']",High quality skincare product with premium ingredients,['https://placeholder-images.com/product_198.jpg']
B00000199,BrandB Haircare Product 199,Haircare,57.89144482022704,4.642514609344026,168,"['Feature 0', 'Feature 1', 'Feature 2']",High quality haircare product with premium ingredients,['https://placeholder-images.com/product_199.jpg']
B00000200,BrandE Fragrance Product 200,Fragrance,27.848412726477537,3.7945745811207345,166,"['Feature 0', 'Feature 1', 'Feature 2']",High quality fragrance product with premium ingredients,['https://placeholder-images.com/product_200.jpg']
B00000201,BrandE Tools Product 201,Tools,42.09519533256981,4.444505136786132,139,"['Feature 0', 'Feature 1', 'Feature 2']",High quality tools product with premium ingredients,['https://placeholder-images.com/product_201.jpg']
B00000202,BrandC Haircare Product 202,Haircare,107.152782225394,4.085448886695192,820,"['Feature 0', 'Feature 1', 'Feature 2']",High quality haircare product with premium ingredients,['https://placeholder-images.com/product_202.jpg']
B00000203,BrandE Haircare Product 203,Haircare,125.75183589327096,4.918149589128055,881,"['Feature 0', 'Feature 1', 'Feature 2']",High quality haircare product with premium ingredients,['https://placeholder-images.com/product_203.jpg']
B00000204,BrandF Bath Product 204,Bath,66.11919834690958,3.924011607288265,311,"['Feature 0', 'Feature 1', 'Feature 2']",High quality bath product with premium ingredients,['https://placeholder-images.com/product_204.jpg']
B00000205,BrandD Haircare Product 205,Haircare,137.65933723801504,3.2782323882861237,219,"['Feature 0', 'Feature 1', 'Feature 2']",High quality haircare product with premium ingredients,['https://placeholder-images.com/product_205.jpg']
B00000206,BrandA Skincare Product 206,Skincare,12.535425734917672,4.7442478178883025,469,"['Feature 0', 'Feature 1', 'Feature 2']",High quality skincare product with premium ingredients,['https://placeholder-images.com/product_206.jpg']
B00000207,BrandD Fragrance Product 207,Fragrance,138.6250731165045,4.580169274248173,814,"['Feature 0', 'Feature 1', 'Feature 2']",High quality fragrance product with premium ingredients,['https://placeholder-images.com/product_207.jpg']
B00000208,BrandA Makeup Product 208,Makeup,90.68037042335385,4.213430092765712,60,"['Feature 0', 'Feature 1', 'Feature 2']",High quality makeup product with premium ingredients,['https://placeholder-images.com/product_208.jpg']
B00000209,BrandF Tools Product 209,Tools,140.81138206766207,4.851137025813553,416,"['Feature 0', 'Feature 1', 'Feature 2']",High quality tools product with premium ingredients,['https://placeholder-images.com/product_209.jpg']
B00000210,BrandF Skincare Product 210,Skincare,43.026844843311366,3.3310410207345793,429,"['Feature 0', 'Feature 1', 'Feature 2']",High quality skincare product with premium ingredients,['https://placeholder-images.com/product_210.jpg']
B00000211,BrandA Bath Product 211,Bath,56.50049777169145,3.6228885280912824,380,"['Feature 0', 'Feature 1', 'Feature 2']",High quality bath product with premium ingredients,['https://placeholder-images.com/product_211.jpg']
B00000212,BrandA Tools Product 212,Tools,114.19495125806044,3.411159616751275,322,"['Feature 0', 'Feature 1', 'Feature 2']",High quality tools product with premium ingredients,['https://placeholder-images.com/product_212.jpg']
B00000213,BrandB Tools Product 213,Tools,56.68988403676018,3.796337387181887,546,"['Feature 0', 'Feature 1', 'Feature 2']",High quality tools product with premium ingredients,['https://placeholder-images.com/product_213.jpg']
B00000214,BrandC Makeup Product 214,Makeup,139.21443245178787,3.9314002446376266,484,"['Feature 0', 'Feature 1', 'Feature 2']",High quality makeup product with premium ingredients,['https://placeholder-images.com/product_214.jpg']
B00000215,BrandC Makeup Product 215,Makeup,73.310511724573,3.449209645879964,885,"['Feature 0', 'Feature 1', 'Feature 2']",High quality makeup product with premium ingredients,['https://placeholder-images.com/product_215.jpg']
B00000216,BrandC Haircare Product 216,Haircare,44.751701986001265,4.155263908183095,189,"['Feature 0', 'Feature 1', 'Feature 2']",High quality haircare product with premium ingredients,['https://placeholder-images.com/product_216.jpg']
B00000217,BrandE Bath Product 217,Bath,138.078426149534,3.7247877982332662,72,"['Feature 0', 'Feature 1', 'Feature 2']",High quality bath product with premium ingredients,['https://placeholder-images.com/product_217.jpg']
B00000218,BrandF Haircare Product 218,Haircare,40.813609971353586,3.425361568682453,58,"['Feature 0', 'Feature 1', 'Feature 2']",High quality haircare product with premium ingredients,['https://placeholder-images.com/product_218.jpg']
B00000219,BrandD Skincare Product 219,Skincare,74.25845832238183,4.114610737780096,351,"['Feature 0', 'Feature 1', 'Feature 2']",High quality skincare product with premium ingredients,['https://placeholder-images.com/product_219.jpg']
B00000220,BrandE Fragrance Product 220,Fragrance,35.824801998639856,3.599191823532954,745,"['Feature 0', 'Feature 1', 'Feature 2']",High quality fragrance product with premium ingredients,['https://placeholder-images.com/product_220.jpg']
B00000221,BrandF Tools Product 221,Tools,114.9944658558849,3.4198111861911715,732,"['Feature 0', 'Feature 1', 'Feature 2']",High quality tools product with premium ingredients,['https://placeholder-images.com/product_221.jpg']
B00000222,BrandF Bath Product 222,Bath,36.69628089291332,3.07309933569619,295,"['Feature 0', 'Feature 1', 'Feature 2']",High quality bath product with premium ingredients,['https://placeholder-images.com/product_222.jpg']
B00000223,BrandB Haircare Product 223,Haircare,51.16625509093602,4.428118399579656,203,"['Feature 0', 'Feature 1', 'Feature 2']",High quality haircare product with premium ingredients,['https://placeholder-images.com/product_223.jpg']
B00000224,BrandD Bath Product 224,Bath,77.35231277426203,3.994023897642498,956,"['Feature 0', 'Feature 1', 'Feature 2']",High quality bath product with premium ingredients,['https://placeholder-images.com/product_224.jpg']
B00000225,BrandA Fragrance Product 225,Fragrance,56.81079358346751,3.1510067276077782,652,"['Feature 0', 'Feature 1', 'Feature 2']",High quality fragrance product with premium ingredients,['https://placeholder-images.com/product_225.jpg']
B00000226,BrandB Makeup Product 226,Makeup,135.6402573746438,4.053156933318587,96,"['Feature 0', 'Feature 1', 'Feature 2']",High quality makeup product with premium ingredients,['https://placeholder-images.com/product_226.jpg']
B00000227,BrandB Fragrance Product 227,Fragrance,131.3791264016133,3.815968990729689,322,"['Feature 0', 'Feature 1', 'Feature 2']",High quality fragrance product with premium ingredients,['https://placeholder-images.com/product_227.jpg']
B00000228,BrandC Haircare Product 228,Haircare,80.77110307484473,4.190097959400841,770,"['Feature 0', 'Feature 1', 'Feature 2']",High quality haircare product with premium ingredients,['https://placeholder-images.com/product_228.jpg']
B00000229,BrandC Tools Product 229,Tools,134.2444675518904,4.113443169566732,273,"['Feature 0', 'Feature 1', 'Feature 2']",High quality tools product with premium ingredients,['https://placeholder-images.com/product_229.jpg']
B00000230,BrandC Makeup Product 230,Makeup,44.04410673992357,4.444533863711318,129,"['Feature 0', 'Feature 1', 'Feature 2']",High quality makeup product with premium ingredients,['https://placeholder-images.com/product_230.jpg']
B00000231,BrandC Bath Product 231,Bath,144.77090459768246,4.888819451154546,191,"['Feature 0', 'Feature 1', 'Feature 2']",High quality bath product with premium ingredients,['https://placeholder-images.com/product_231.jpg']
B00000232,BrandF Tools Product 232,Tools,51.040682236541855,4.79267163704224,16,"['Feature 0', 'Feature 1', 'Feature 2']",High quality tools product with premium ingredients,['https://placeholder-images.com/product_232.jpg']
B00000233,BrandA Makeup Product 233,Makeup,39.104075720443824,3.053064407747639,390,"['Feature 0', 'Feature 1', 'Feature 2']",High quality makeup product with premium ingredients,['https://placeholder-images.com/product_233.jpg']
B00000234,BrandD Haircare Product 234,Haircare,100.00957890599545,4.407892270277019,906,"['Feature 0', 'Feature 1', 'Feature 2']",High quality haircare product with premium ingredients,['https://placeholder-images.com/product_234.jpg']
B00000235,BrandD Tools Product 235,Tools,57.02122000097691,4.65021466284532,716,"['Feature 0', 'Feature 1', 'Feature 2']",High quality tools product with premium ingredients,['https://placeholder-images.com/product_235.jpg']
B00000236,BrandD Fragrance Product 236,Fragrance,97.38084709887876,3.818823304382481,743,"['Feature 0', 'Feature 1', 'Feature 2']",High quality fragrance product with premium ingredients,['https://placeholder-images.com/product_236.jpg']
B00000237,BrandB Skincare Product 237,Skincare,130.54952279646102,3.4390210501619176,515,"['Feature 0', 'Feature 1', 'Feature 2']",High quality skincare product with premium ingredients,['https://placeholder-images.com/product_237.jpg']
B00000238,BrandD Bath Product 238,Bath,29.615844607303355,4.736935951795825,641,"['Feature 0', 'Feature 1', 'Feature 2']",High quality bath product with premium ingredients,['https://placeholder-images.com/product_238.jpg']
B00000239,BrandF Haircare Product 239,Haircare,75.94916337713401,3.3642142776431667,891,"['Feature 0', 'Feature 1', 'Feature 2']",High quality haircare product with premium ingredients,['https://placeholder-images.com/product_239.jpg']
B00000240,BrandA Haircare Product 240,Haircare,47.614830313892455,4.083268429321734,246,"['Feature 0', 'Feature 1', 'Feature 2']",High quality haircare product with premium ingredients,['https://placeholder-images.com/product_240.jpg']
B00000241,BrandA Skincare Product 241,Skincare,29.50985037019538,4.6698604735985985,13,"['Feature 0', 'Feature 1', 'Feature 2']",High quality skincare product with premium ingredients,['https://placeholder-images.com/product_241.jpg']
B00000242,BrandB Makeup Product 242,Makeup,136.080122173094,4.382443715219309,814,"['Feature 0', 'Feature 1', 'Feature 2']",High quality makeup product with premium ingredients,['https://placeholder-images.com/product_242.jpg']
B00000243,BrandF Haircare Product 243,Haircare,138.00183291846986,3.2355021657802823,365,"['Feature 0', 'Feature 1', 'Feature 2']",High quality haircare product with premium ingredients,['https://placeholder-images.com/product_243.jpg']
B00000244,BrandF Skincare Product 244,Skincare,19.404555988199412,3.8104961760553775,387,"['Feature 0', 'Feature 1', 'Feature 2']",High quality skincare product with premium ingredients,['https://placeholder-images.com/product_244.jpg']
B00000245,BrandE Fragrance Product 245,Fragrance,11.539416012187267,3.2737712601376145,834,"['Feature 0', 'Feature 1', 'Feature 2']",High quality fragrance product with premium ingredients,['https://placeholder-images.com/product_245.jpg']
B00000246,BrandC Bath Product 246,Bath,93.63783430384316,4.201033720867307,830,"['Feature 0', 'Feature 1', 'Feature 2']",High quality bath product with premium ingredients,['https://placeholder-images.com/product_246.jpg']
B00000247,BrandE Makeup Product 247,Makeup,127.33497484496141,3.808763003098049,711,"['Feature 0', 'Feature 1', 'Feature 2']",High quality makeup product with premium ingredients,['https://placeholder-images.com/product_247.jpg']
B00000248,BrandF Makeup Product 248,Makeup,16.575235348507707,3.332566737512159,372,"['Feature 0', 'Feature 1', 'Feature 2']",High quality makeup product with premium ingredients,['https://placeholder-images.com/product_248.jpg']
B00000249,BrandC Skincare Product 249,Skincare,22.647174480865104,4.541971851070957,38,"['Feature 0', 'Feature 1', 'Feature 2']",High quality skincare product with premium ingredients,['https://placeholder-images.com/product_249.jpg']
B00000250,BrandC Tools Product 250,Tools,50.41712314789798,3.7113454329298983,122,"['Feature 0', 'Feature 1', 'Feature 2']",High quality tools product with premium ingredients,['https://placeholder-images.com/product_250.jpg']
B00000251,BrandC Haircare Product 251,Haircare,142.9029515880872,3.7932987461041083,673,"['Feature 0', 'Feature 1', 'Feature 2']",High quality haircare product with premium ingredients,['https://placeholder-images.com/product_251.jpg']
B00000252,BrandF Bath Product 252,Bath,112.56009360943504,3.4298807571815138,557,"['Feature 0', 'Feature 1', 'Feature 2']",High quality bath product with premium ingredients,['https://placeholder-images.com/product_252.jpg']
B00000253,BrandC Fragrance Product 253,Fragrance,93.31091029803568,3.1028516269685005,967,"['Feature 0', 'Feature 1', 'Feature 2']",High quality fragrance product with premium ingredients,['https://placeholder-images.com/product_253.jpg']
B00000254,BrandE Haircare Product 254,Haircare,31.654099723653072,4.246665101809981,459,"['Feature 0', 'Feature 1', 'Feature 2']",High quality haircare product with premium ingredients,['https://placeholder-images.com/product_254.jpg']
B00000255,BrandA Tools Product 255,Tools,20.51928944301323,4.456377512407206,226,"['Feature 0', 'Feature 1', 'Feature 2']",High quality tools product with premium ingredients,['https://placeholder-images.com/product_255.jpg']
B00000256,BrandC Tools Product 256,Tools,93.76004815754165,3.9193630255222622,812,"['Feature 0', 'Feature 1', 'Feature 2']",High quality tools product with premium ingredients,['https://placeholder-images.com/product_256.jpg']
B00000257,BrandB Haircare Product 257,Haircare,121.9182230556571,4.389392941708854,487,"['Feature 0', 'Feature 1', 'Feature 2']",High quality haircare product with premium ingredients,['https://placeholder-images.com/product_257.jpg']
B00000258,BrandB Bath Product 258,Bath,24.433124441924285,3.629193113618822,964,"['Feature 0', 'Feature 1', 'Feature 2']",High quality bath product with premium ingredients,['https://placeholder-images.com/product_258.jpg']
B00000259,BrandA Haircare Product 259,Haircare,29.154608328654597,4.900474707641605,832,"['Feature 0', 'Feature 1', 'Feature 2']",High quality haircare product with premium ingredients,['https://placeholder-images.com/product_259.jpg']
B00000260,BrandD Skincare Product 260,Skincare,85.86613263297014,4.745891671752816,785,"['Feature 0', 'Feature 1', 'Feature 2']",High quality skincare product with premium ingredients,['https://placeholder-images.com/product_260.jpg']
B00000261,BrandA Tools Product 261,Tools,102.22967133950043,4.384553129035705,719,"['Feature 0', 'Feature 1', 'Feature 2']",High quality tools product with premium ingredients,['https://placeholder-images.com/product_261.jpg']
B00000262,BrandB Skincare Product 262,Skincare,78.51949491003967,3.4424188836392045,931,"['Feature 0', 'Feature 1', 'Feature 2']",High quality skincare product with premium ingredients,['https://placeholder-images.com/product_262.jpg']
B00000263,BrandE Skincare Product 263,Skincare,103.78844503700549,3.0883308754202003,25,"['Feature 0', 'Feature 1', 'Feature 2']",High quality skincare product with premium ingredients,['https://placeholder-images.com/product_263.jpg']
B00000264,BrandB Skincare Product 264,Skincare,89.51233227736813,4.830976595176084,791,"['Feature 0', 'Feature 1', 'Feature 2']",High quality skincare product with premium ingredients,['https://placeholder-images.com/product_264.jpg']
B00000265,BrandA Tools Product 265,Tools,36.96386388998826,3.230564042494569,836,"['Feature 0', 'Feature 1', 'Feature 2']",High quality tools product with premium ingredients,['https://placeholder-images.com/product_265.jpg']
B00000266,BrandB Tools Product 266,Tools,114.30903673683085,3.10976522929295,411,"['Feature 0', 'Feature 1', 'Feature 2']",High quality tools product with premium ingredients,['https://placeholder-images.com/product_266.jpg']
B00000267,BrandB Haircare Product 267,Haircare,100.2365310876151,4.300334700886456,161,"['Feature 0', 'Feature 1', 'Feature 2']",High quality haircare product with premium ingredients,['https://placeholder-images.com/product_267.jpg']
B00000268,BrandD Haircare Product 268,Haircare,26.87936400881903,3.1539064032584183,814,"['Feature 0', 'Feature 1', 'Feature 2']",High quality haircare product with premium ingredients,['https://placeholder-images.com/product_268.jpg']
B00000269,BrandB Haircare Product 269,Haircare,111.4673480140266,3.1307126815978847,536,"['Feature 0', 'Feature 1', 'Feature 2']",High quality haircare product with premium ingredients,['https://placeholder-images.com/product_269.jpg']
B00000270,BrandD Skincare Product 270,Skincare,120.70124307745489,3.63750500586414,731,"['Feature 0', 'Feature 1', 'Feature 2']",High quality skincare product with premium ingredients,['https://placeholder-images.com/product_270.jpg']
B00000271,BrandE Skincare Product 271,Skincare,96.22084634552265,3.4659189495072678,320,"['Feature 0', 'Feature 1', 'Feature 2']",High quality skincare product with premium ingredients,['https://placeholder-images.com/product_271.jpg']
B00000272,BrandB Haircare Product 272,Haircare,148.6477838678488,3.0004750471517694,790,"['Feature 0', 'Feature 1', 'Feature 2']",High quality haircare product with premium ingredients,['https://placeholder-images.com/product_272.jpg']
B00000273,BrandB Tools Product 273,Tools,141.46947779180547,4.597566471547331,48,"['Feature 0', 'Feature 1', 'Feature 2']",High quality tools product with premium ingredients,['https://placeholder-images.com/product_273.jpg']
B00000274,BrandD Bath Product 274,Bath,17.375737036812,3.1770868212272365,327,"['Feature 0', 'Feature 1', 'Feature 2']",High quality bath product with premium ingredients,['https://placeholder-images.com/product_274.jpg']
B00000275,BrandD Tools Product 275,Tools,97.8507648505718,4.747354228372678,248,"['Feature 0', 'Feature 1', 'Feature 2']",High quality tools product with premium ingredients,['https://placeholder-images.com/product_275.jpg']
B00000276,BrandB Skincare Product 276,Skincare,22.837906915600218,3.672740927656844,349,"['Feature 0', 'Feature 1', 'Feature 2']",High quality skincare product with premium ingredients,['https://placeholder-images.com/product_276.jpg']
B00000277,BrandA Tools Product 277,Tools,43.42880040756233,3.2209482262627893,151,"['Feature 0', 'Feature 1', 'Feature 2']",High quality tools product with premium ingredients,['https://placeholder-images.com/product_277.jpg']
B00000278,BrandB Bath Product 278,Bath,51.48313686383861,3.46721550209982,674,"['Feature 0', 'Feature 1', 'Feature 2']",High quality bath product with premium ingredients,['https://placeholder-images.com/product_278.jpg']
B00000279,BrandE Skincare Product 279,Skincare,148.28113456304442,3.8555462674717247,826,"['Feature 0', 'Feature 1', 'Feature 2']",High quality skincare product with premium ingredients,['https://placeholder-images.com/product_279.jpg']
B00000280,BrandD Skincare Product 280,Skincare,40.55554430110898,4.899922367900451,70,"['Feature 0', 'Feature 1', 'Feature 2']",High quality skincare product with premium ingredients,['https://placeholder-images.com/product_280.jpg']
B00000281,BrandC Tools Product 281,Tools,92.39759205625435,4.964661030160164,328,"['Feature 0', 'Feature 1', 'Feature 2']",High quality tools product with premium ingredients,['https://placeholder-images.com/product_281.jpg']
B00000282,BrandC Bath Product 282,Bath,136.52135540453787,4.978369819626717,720,"['Feature 0', 'Feature 1', 'Feature 2']",High quality bath product with premium ingredients,['https://placeholder-images.com/product_282.jpg']
B00000283,BrandD Fragrance Product 283,Fragrance,42.43403819368208,4.885463548270251,584,"['Feature 0', 'Feature 1', 'Feature 2']",High quality fragrance product with premium ingredients,['https://placeholder-images.com/product_283.jpg']
B00000284,BrandE Bath Product 284,Bath,126.28995248508744,3.2406775240699917,116,"['Feature 0', 'Feature 1', 'Feature 2']",High quality bath product with premium ingredients,['https://placeholder-images.com/product_284.jpg']
B00000285,BrandA Makeup Product 285,Makeup,40.868069269824545,3.3728765242885093,268,"['Feature 0', 'Feature 1', 'Feature 2']",High quality makeup product with premium ingredients,['https://placeholder-images.com/product_285.jpg']
B00000286,BrandE Bath Product 286,Bath,18.09797471887549,4.938205260281623,698,"['Feature 0', 'Feature 1', 'Feature 2']",High quality bath product with premium ingredients,['https://placeholder-images.com/product_286.jpg']
B00000287,BrandC Skincare Product 287,Skincare,93.61837014024775,4.050063001720536,900,"['Feature 0', 'Feature 1', 'Feature 2']",High quality skincare product with premium ingredients,['https://placeholder-images.com/product_287.jpg']
B00000288,BrandC Makeup Product 288,Makeup,116.15338659857278,4.392041236107584,225,"['Feature 0', 'Feature 1', 'Feature 2']",High quality makeup product with premium ingredients,['https://placeholder-images.com/product_288.jpg']
B00000289,BrandC Haircare Product 289,Haircare,41.42168005713249,3.447635229645246,98,"['Feature 0', 'Feature 1', 'Feature 2']",High quality haircare product with premium ingredients,['https://placeholder-images.com/product_289.jpg']
B00000290,BrandD Skincare Product 290,Skincare,91.21206909729356,3.1829736747955097,626,"['Feature 0', 'Feature 1', 'Feature 2']",High quality skincare product with premium ingredients,['https://placeholder-images.com/product_290.jpg']
B00000291,BrandC Haircare Product 291,Haircare,28.132088979592584,4.777496159737955,930,"['Feature 0', 'Feature 1', 'Feature 2']",High quality haircare product with premium ingredients,['https://placeholder-images.com/product_291.jpg']
B00000292,BrandD Makeup Product 292,Makeup,14.95913157859631,3.658102730739742,546,"['Feature 0', 'Feature 1', 'Feature 2']",High quality makeup product with premium ingredients,['https://placeholder-images.com/product_292.jpg']
B00000293,BrandC Tools Product 293,Tools,22.17814638759742,3.816906426141397,984,"['Feature 0', 'Feature 1', 'Feature 2']",High quality tools product with premium ingredients,['https://placeholder-images.com/product_293.jpg']
B00000294,BrandC Bath Product 294,Bath,111.2788159164019,3.9917514701575416,463,"['Feature 0', 'Feature 1', 'Feature 2']",High quality bath product with premium ingredients,['https://placeholder-images.com/product_294.jpg']
B00000295,BrandD Tools Product 295,Tools,25.325640407623546,4.788959861936135,982,"['Feature 0', 'Feature 1', 'Feature 2']",High quality tools product with premium ingredients,['https://placeholder-images.com/product_295.jpg']
B00000296,BrandB Skincare Product 296,Skincare,79.32051378195641,3.961173154653296,358,"['Feature 0', 'Feature 1', 'Feature 2']",High quality skincare product with premium ingredients,['https://placeholder-images.com/product_296.jpg']
B00000297,BrandB Haircare Product 297,Haircare,89.98465186874037,4.324224020213129,49,"['Feature 0', 'Feature 1', 'Feature 2']",High quality haircare product with premium ingredients,['https://placeholder-images.com/product_297.jpg']
B00000298,BrandE Haircare Product 298,Haircare,47.38395782371899,4.757259972710316,156,"['Feature 0', 'Feature 1', 'Feature 2']",High quality haircare product with premium ingredients,['https://placeholder-images.com/product_298.jpg']
B00000299,BrandA Fragrance Product 299,Fragrance,32.02769235835363,3.320800210660144,790,"['Feature 0', 'Feature 1', 'Feature 2']",High quality fragrance product with premium ingredients,['https://placeholder-images.com/product_299.jpg']
B00000300,BrandE Haircare Product 300,Haircare,107.6460046336997,4.360281543520601,200,"['Feature 0', 'Feature 1', 'Feature 2']",High quality haircare product with premium ingredients,['https://placeholder-images.com/product_300.jpg']
B00000301,BrandF Haircare Product 301,Haircare,36.491015569900824,4.7632742655407005,566,"['Feature 0', 'Feature 1', 'Feature 2']",High quality haircare product with premium ingredients,['https://placeholder-images.com/product_301.jpg']
B00000302,BrandA Makeup Product 302,Makeup,14.09461962483828,4.651633501129526,403,"['Feature 0', 'Feature 1', 'Feature 2']",High quality makeup product with premium ingredients,['https://placeholder-images.com/product_302.jpg']
B00000303,BrandE Haircare Product 303,Haircare,114.09115588082508,3.321519792096616,365,"['Feature 0', 'Feature 1', 'Feature 2']",High quality haircare product with premium ingredients,['https://placeholder-images.com/product_303.jpg']
B00000304,BrandF Makeup Product 304,Makeup,115.92901252989085,3.517376661395816,971,"['Feature 0', 'Feature 1', 'Feature 2']",High quality makeup product with premium ingredients,['https://placeholder-images.com/product_304.jpg']
B00000305,BrandF Tools Product 305,Tools,55.700700710461014,4.119688624617659,369,"['Feature 0', 'Feature 1', 'Feature 2']",High quality tools product with premium ingredients,['https://placeholder-images.com/product_305.jpg']
B00000306,BrandD Makeup Product 306,Makeup,11.270136651381495,4.637358840999683,335,"['Feature 0', 'Feature 1', 'Feature 2']",High quality makeup product with premium ingredients,['https://placeholder-images.com/product_306.jpg']
B00000307,BrandF Haircare Product 307,Haircare,12.579880623350446,3.864481567785025,840,"['Feature 0', 'Feature 1', 'Feature 2']",High quality haircare product with premium ingredients,['https://placeholder-images.com/product_307.jpg']
B00000308,BrandD Fragrance Product 308,Fragrance,35.12962527933668,4.507397668101039,287,"['Feature 0', 'Feature 1', 'Feature 2']",High quality fragrance product with premium ingredients,['https://placeholder-images.com/product_308.jpg']
B00000309,BrandD Fragrance Product 309,Fragrance,106.30400112211387,3.1356741182103436,740,"['Feature 0', 'Feature 1', 'Feature 2']",High quality fragrance product with premium ingredients,['https://placeholder-images.com/product_309.jpg']
B00000310,BrandD Skincare Product 310,Skincare,19.429084205628037,4.164340920352546,714,"['Feature 0', 'Feature 1', 'Feature 2']",High quality skincare product with premium ingredients,['https://placeholder-images.com/product_310.jpg']
B00000311,BrandB Bath Product 311,Bath,20.457218486099563,4.704829318397295,279,"['Feature 0', 'Feature 1', 'Feature 2']",High quality bath product with premium ingredients,['https://placeholder-images.com/product_311.jpg']
B00000312,BrandD Tools Product 312,Tools,114.95125644400946,3.260172480261264,390,"['Feature 0', 'Feature 1', 'Feature 2']",High quality tools product with premium ingredients,['https://placeholder-images.com/product_312.jpg']
B00000313,BrandE Fragrance Product 313,Fragrance,13.097297214059616,3.6472204382990823,88,"['Feature 0', 'Feature 1', 'Feature 2']",High quality fragrance product with premium ingredients,['https://placeholder-images.com/product_313.jpg']
B00000314,BrandC Haircare Product 314,Haircare,105.66135272491073,3.891805412753497,439,"['Feature 0', 'Feature 1', 'Feature 2']",High quality haircare product with premium ingredients,['https://placeholder-images.com/product_314.jpg']
B00000315,BrandE Makeup Product 315,Makeup,142.20250889409618,3.204387239387438,498,"['Feature 0', 'Feature 1', 'Feature 2']",High quality makeup product with premium ingredients,['https://placeholder-images.com/product_315.jpg']
B00000316,BrandE Tools Product 316,Tools,51.77242033859896,4.679894329344943,696,"['Feature 0', 'Feature 1', 'Feature 2']",High quality tools product with premium ingredients,['https://placeholder-images.com/product_316.jpg']
B00000317,BrandD Bath Product 317,Bath,101.63156999935893,3.546519053996419,858,"['Feature 0', 'Feature 1', 'Feature 2']",High quality bath product with premium ingredients,['https://placeholder-images.com/product_317.jpg']
B00000318,BrandD Bath Product 318,Bath,14.382323924652274,4.462540133947371,312,"['Feature 0', 'Feature 1', 'Feature 2']",High quality bath product with premium ingredients,['https://placeholder-images.com/product_318.jpg']
B00000319,BrandC Tools Product 319,Tools,145.0328661178292,4.520188156876195,462,"['Feature 0', 'Feature 1', 'Feature 2']",High quality tools product with premium ingredients,['https://placeholder-images.com/product_319.jpg']
B00000320,BrandC Haircare Product 320,Haircare,67.30676088410603,4.788198407358269,536,"['Feature 0', 'Feature 1', 'Feature 2']",High quality haircare product with premium ingredients,['https://placeholder-images.com/product_320.jpg']
B00000321,BrandE Makeup Product 321,Makeup,38.05028009681977,4.736245626981062,801,"['Feature 0', 'Feature 1', 'Feature 2']",High quality makeup product with premium ingredients,['https://placeholder-images.com/product_321.jpg']
B00000322,BrandB Fragrance Product 322,Fragrance,131.01015497754918,3.9464198133831143,593,"['Feature 0', 'Feature 1', 'Feature 2']",High quality fragrance product with premium ingredients,['https://placeholder-images.com/product_322.jpg']
B00000323,BrandF Fragrance Product 323,Fragrance,38.51817489867839,3.1823289808123834,529,"['Feature 0', 'Feature 1', 'Feature 2']",High quality fragrance product with premium ingredients,['https://placeholder-images.com/product_323.jpg']
B00000324,BrandF Haircare Product 324,Haircare,84.24961512195586,3.0357237849566387,358,"['Feature 0', 'Feature 1', 'Feature 2']",High quality haircare product with premium ingredients,['https://placeholder-images.com/product_324.jpg']
B00000325,BrandE Fragrance Product 325,Fragrance,137.65704489438755,4.935022527227556,925,"['Feature 0', 'Feature 1', 'Feature 2']",High quality fragrance product with premium ingredients,['https://placeholder-images.com/product_325.jpg']
B00000326,BrandA Bath Product 326,Bath,10.172456923299624,4.196654530244854,903,"['Feature 0', 'Feature 1', 'Feature 2']",High quality bath product with premium ingredients,['https://placeholder-images.com/product_326.jpg']
B00000327,BrandD Fragrance Product 327,Fragrance,70.24282528592478,3.4010494534006734,965,"['Feature 0', 'Feature 1', 'Feature 2']",High quality fragrance product with premium ingredients,['https://placeholder-images.com/product_327.jpg']
B00000328,BrandF Bath Product 328,Bath,55.62956495329048,4.180527877771245,593,"['Feature 0', 'Feature 1', 'Feature 2']",High quality bath product with premium ingredients,['https://placeholder-images.com/product_328.jpg']
B00000329,BrandE Haircare Product 329,Haircare,30.941289973459206,3.9291971932716203,999,"['Feature 0', 'Feature 1', 'Feature 2']",High quality haircare product with premium ingredients,['https://placeholder-images.com/product_329.jpg']
B00000330,BrandF Makeup Product 330,Makeup,146.45797926189658,4.44377525585387,20,"['Feature 0', 'Feature 1', 'Feature 2']",High quality makeup product with premium ingredients,['https://placeholder-images.com/product_330.jpg']
B00000331,BrandA Tools Product 331,Tools,130.41713560648864,4.5597019777867,401,"['Feature 0', 'Feature 1', 'Feature 2']",High quality tools product with premium ingredients,['https://placeholder-images.com/product_331.jpg']
B00000332,BrandF Haircare Product 332,Haircare,114.88262947417964,3.291844148070291,597,"['Feature 0', 'Feature 1', 'Feature 2']",High quality haircare product with premium ingredients,['https://placeholder-images.com/product_332.jpg']
B00000333,BrandF Skincare Product 333,Skincare,29.949376006211853,3.997776306902712,95,"['Feature 0', 'Feature 1', 'Feature 2']",High quality skincare product with premium ingredients,['https://placeholder-images.com/product_333.jpg']
B00000334,BrandD Fragrance Product 334,Fragrance,58.44231947027754,4.551609471585913,251,"['Feature 0', 'Feature 1', 'Feature 2']",High quality fragrance product with premium ingredients,['https://placeholder-images.com/product_334.jpg']
B00000335,BrandA Fragrance Product 335,Fragrance,82.4796300738596,3.175732998289667,982,"['Feature 0', 'Feature 1', 'Feature 2']",High quality fragrance product with premium ingredients,['https://placeholder-images.com/product_335.jpg']
B00000336,BrandA Bath Product 336,Bath,125.43196656555673,3.7156027018565427,112,"['Feature 0', 'Feature 1', 'Feature 2']",High quality bath product with premium ingredients,['https://placeholder-images.com/product_336.jpg']
B00000337,BrandF Makeup Product 337,Makeup,89.45571875661814,4.378929938274531,152,"['Feature 0', 'Feature 1', 'Feature 2']",High quality makeup product with premium ingredients,['https://placeholder-images.com/product_337.jpg']
B00000338,BrandB Makeup Product 338,Makeup,33.447561516269765,3.2091356806688003,980,"['Feature 0', 'Feature 1', 'Feature 2']",High quality makeup product with premium ingredients,['https://placeholder-images.com/product_338.jpg']
B00000339,BrandC Tools Product 339,Tools,135.47098237590535,4.189553274753872,82,"['Feature 0', 'Feature 1', 'Feature 2']",High quality tools product with premium ingredients,['https://placeholder-images.com/product_339.jpg']
B00000340,BrandB Skincare Product 340,Skincare,140.92825414192436,4.894700925262077,869,"['Feature 0', 'Feature 1', 'Feature 2']",High quality skincare product with premium ingredients,['https://placeholder-images.com/product_340.jpg']
B00000341,BrandD Bath Product 341,Bath,57.52302695599285,4.629650227493024,16,"['Feature 0', 'Feature 1', 'Feature 2']",High quality bath product with premium ingredients,['https://placeholder-images.com/product_341.jpg']
B00000342,BrandD Haircare Product 342,Haircare,87.42020336287418,4.19495172526386,31,"['Feature 0', 'Feature 1', 'Feature 2']",High quality haircare product with premium ingredients,['https://placeholder-images.com/product_342.jpg']
B00000343,BrandC Makeup Product 343,Makeup,15.705574852946187,3.3279989619789943,23,"['Feature 0', 'Feature 1', 'Feature 2']",High quality makeup product with premium ingredients,['https://placeholder-images.com/product_343.jpg']
B00000344,BrandB Haircare Product 344,Haircare,18.449291758678932,3.494206468020293,918,"['Feature 0', 'Feature 1', 'Feature 2']",High quality haircare product with premium ingredients,['https://placeholder-images.com/product_344.jpg']
B00000345,BrandE Skincare Product 345,Skincare,96.20388307191399,3.6580348756293244,759,"['Feature 0', 'Feature 1', 'Feature 2']",High quality skincare product with premium ingredients,['https://placeholder-images.com/product_345.jpg']
B00000346,BrandE Fragrance Product 346,Fragrance,35.4965081964179,4.579397014284958,704,"['Feature 0', 'Feature 1', 'Feature 2']",High quality fragrance product with premium ingredients,['https://placeholder-images.com/product_346.jpg']
B00000347,BrandD Haircare Product 347,Haircare,87.75089713126837,4.438403556544528,671,"['Feature 0', 'Feature 1', 'Feature 2']",High quality haircare product with premium ingredients,['https://placeholder-images.com/product_347.jpg']
B00000348,BrandA Tools Product 348,Tools,79.05875854973193,3.1630529791048536,764,"['Feature 0', 'Feature 1', 'Feature 2']",High quality tools product with premium ingredients,['https://placeholder-images.com/product_348.jpg']
B00000349,BrandE Haircare Product 349,Haircare,20.107777257084617,3.0613050044116124,362,"['Feature 0', 'Feature 1', 'Feature 2']",High quality haircare product with premium ingredients,['https://placeholder-images.com/product_349.jpg']
B00000350,BrandA Fragrance Product 350,Fragrance,131.55815075717328,4.4543381395326165,966,"['Feature 0', 'Feature 1', 'Feature 2']",High quality fragrance product with premium ingredients,['https://placeholder-images.com/product_350.jpg']
B00000351,BrandE Fragrance Product 351,Fragrance,58.43089895657481,3.742077525969205,541,"['Feature 0', 'Feature 1', 'Feature 2']",High quality fragrance product with premium ingredients,['https://placeholder-images.com/product_351.jpg']
B00000352,BrandB Fragrance Product 352,Fragrance,131.3844094571428,4.157350817144787,429,"['Feature 0', 'Feature 1', 'Feature 2']",High quality fragrance product with premium ingredients,['https://placeholder-images.com/product_352.jpg']
B00000353,BrandE Makeup Product 353,Makeup,65.37212377886213,4.212377427122343,344,"['Feature 0', 'Feature 1', 'Feature 2']",High quality makeup product with premium ingredients,['https://placeholder-images.com/product_353.jpg']
B00000354,BrandD Makeup Product 354,Makeup,69.04092976228375,3.5536555944701034,380,"['Feature 0', 'Feature 1', 'Feature 2']",High quality makeup product with premium ingredients,['https://placeholder-images.com/product_354.jpg']
B00000355,BrandF Makeup Product 355,Makeup,60.28114415327241,3.7676943037355928,539,"['Feature 0', 'Feature 1', 'Feature 2']",High quality makeup product with premium ingredients,['https://placeholder-images.com/product_355.jpg']
B00000356,BrandA Tools Product 356,Tools,28.41947591781637,4.431649929364177,761,"['Feature 0', 'Feature 1', 'Feature 2']",High quality tools product with premium ingredients,['https://placeholder-images.com/product_356.jpg']
B00000357,BrandB Bath Product 357,Bath,43.25606548934287,4.942790188083279,384,"['Feature 0', 'Feature 1', 'Feature 2']",High quality bath product with premium ingredients,['https://placeholder-images.com/product_357.jpg']
B00000358,BrandE Tools Product 358,Tools,19.678590066126723,3.874330777633653,511,"['Feature 0', 'Feature 1', 'Feature 2']",High quality tools product with premium ingredients,['https://placeholder-images.com/product_358.jpg']
B00000359,BrandE Fragrance Product 359,Fragrance,72.34273570037317,4.029634707859381,994,"['Feature 0', 'Feature 1', 'Feature 2']",High quality fragrance product with premium ingredients,['https://placeholder-images.com/product_359.jpg']
B00000360,BrandB Fragrance Product 360,Fragrance,23.33661111364768,4.3042464910608755,866,"['Feature 0', 'Feature 1', 'Feature 2']",High quality fragrance product with premium ingredients,['https://placeholder-images.com/product_360.jpg']
B00000361,BrandD Skincare Product 361,Skincare,46.13868057815785,4.313473329082584,458,"['Feature 0', 'Feature 1', 'Feature 2']",High quality skincare product with premium ingredients,['https://placeholder-images.com/product_361.jpg']
B00000362,BrandD Fragrance Product 362,Fragrance,145.77494631099626,3.9075790827672785,404,"['Feature 0', 'Feature 1', 'Feature 2']",High quality fragrance product with premium ingredients,['https://placeholder-images.com/product_362.jpg']
B00000363,BrandC Makeup Product 363,Makeup,71.88341232960005,3.661778725978344,614,"['Feature 0', 'Feature 1', 'Feature 2']",High quality makeup product with premium ingredients,['https://placeholder-images.com/product_363.jpg']
B00000364,BrandD Makeup Product 364,Makeup,126.04367122356533,3.861775047323612,285,"['Feature 0', 'Feature 1', 'Feature 2']",High quality makeup product with premium ingredients,['https://placeholder-images.com/product_364.jpg']
B00000365,BrandD Haircare Product 365,Haircare,108.94881036396241,3.3340838158018995,989,"['Feature 0', 'Feature 1', 'Feature 2']",High quality haircare product with premium ingredients,['https://placeholder-images.com/product_365.jpg']
B00000366,BrandA Fragrance Product 366,Fragrance,94.7753420702836,3.7134641060800035,213,"['Feature 0', 'Feature 1', 'Feature 2']",High quality fragrance product with premium ingredients,['https://placeholder-images.com/product_366.jpg']
B00000367,BrandA Tools Product 367,Tools,128.1838628556876,4.611340305900106,165,"['Feature 0', 'Feature 1', 'Feature 2']",High quality tools product with premium ingredients,['https://placeholder-images.com/product_367.jpg']
B00000368,BrandD Bath Product 368,Bath,85.58681753030974,3.068375531878316,343,"['Feature 0', 'Feature 1', 'Feature 2']",High quality bath product with premium ingredients,['https://placeholder-images.com/product_368.jpg']
B00000369,BrandA Makeup Product 369,Makeup,84.36373392014448,4.873211384589923,806,"['Feature 0', 'Feature 1', 'Feature 2']",High quality makeup product with premium ingredients,['https://placeholder-images.com/product_369.jpg']
B00000370,BrandC Skincare Product 370,Skincare,73.30786395968093,4.86775003505581,846,"['Feature 0', 'Feature 1', 'Feature 2']",High quality skincare product with premium ingredients,['https://placeholder-images.com/product_370.jpg']
B00000371,BrandA Skincare Product 371,Skincare,91.85389806196243,4.376415731733191,285,"['Feature 0', 'Feature 1', 'Feature 2']",High quality skincare product with premium ingredients,['https://placeholder-images.com/product_371.jpg']
B00000372,BrandB Tools Product 372,Tools,145.11661750104636,3.009879961868819,226,"['Feature 0', 'Feature 1', 'Feature 2']",High quality tools product with premium ingredients,['https://placeholder-images.com/product_372.jpg']
B00000373,BrandE Makeup Product 373,Makeup,131.5085612328031,3.909479711267718,504,"['Feature 0', 'Feature 1', 'Feature 2']",High quality makeup product with premium ingredients,['https://placeholder-images.com/product_373.jpg']
B00000374,BrandB Haircare Product 374,Haircare,57.97148833692815,4.064489977652598,160,"['Feature 0', 'Feature 1', 'Feature 2']",High quality haircare product with premium ingredients,['https://placeholder-images.com/product_374.jpg']
B00000375,BrandE Bath Product 375,Bath,30.095930685515,4.879639583853684,901,"['Feature 0', 'Feature 1', 'Feature 2']",High quality bath product with premium ingredients,['https://placeholder-images.com/product_375.jpg']
B00000376,BrandE Makeup Product 376,Makeup,23.146100210518576,4.345204236450252,361,"['Feature 0', 'Feature 1', 'Feature 2']",High quality makeup product with premium ingredients,['https://placeholder-images.com/product_376.jpg']
B00000377,BrandE Bath Product 377,Bath,144.86855659485587,3.5106130494568637,202,"['Feature 0', 'Feature 1', 'Feature 2']",High quality bath product with premium ingredients,['https://placeholder-images.com/product_377.jpg']
B00000378,BrandC Makeup Product 378,Makeup,105.65472396055041,3.994349528016855,154,"['Feature 0', 'Feature 1', 'Feature 2']",High quality makeup product with premium ingredients,['https://placeholder-images.com/product_378.jpg']
B00000379,BrandA Makeup Product 379,Makeup,14.25418835755716,4.861897391013955,823,"['Feature 0', 'Feature 1', 'Feature 2']",High quality makeup product with premium ingredients,['https://placeholder-images.com/product_379.jpg']
B00000380,BrandA Fragrance Product 380,Fragrance,94.08533595647306,4.88175071267613,663,"['Feature 0', 'Feature 1', 'Feature 2']",High quality fragrance product with premium ingredients,['https://placeholder-images.com/product_380.jpg']
B00000381,BrandE Tools Product 381,Tools,90.80593313964474,3.697147334483941,971,"['Feature 0', 'Feature 1', 'Feature 2']",High quality tools product with premium ingredients,['https://placeholder-images.com/product_381.jpg']
B00000382,BrandF Makeup Product 382,Makeup,54.53561750653673,4.73287733505529,98,"['Feature 0', 'Feature 1', 'Feature 2']",High quality makeup product with premium ingredients,['https://placeholder-images.com/product_382.jpg']
B00000383,BrandA Tools Product 383,Tools,22.667437340187107,3.5773711910612764,980,"['Feature 0', 'Feature 1', 'Feature 2']",High quality tools product with premium ingredients,['https://placeholder-images.com/product_383.jpg']
B00000384,BrandB Fragrance Product 384,Fragrance,66.57964503114462,3.6540663231264774,623,"['Feature 0', 'Feature 1', 'Feature 2']",High quality fragrance product with premium ingredients,['https://placeholder-images.com/product_384.jpg']
B00000385,BrandF Haircare Product 385,Haircare,136.1925909423822,4.755782318082655,288,"['Feature 0', 'Feature 1', 'Feature 2']",High quality haircare product with premium ingredients,['https://placeholder-images.com/product_385.jpg']
B00000386,BrandE Haircare Product 386,Haircare,124.49679026450302,3.240418110741217,831,"['Feature 0', 'Feature 1', 'Feature 2']",High quality haircare product with premium ingredients,['https://placeholder-images.com/product_386.jpg']
B00000387,BrandE Skincare Product 387,Skincare,55.44201618603784,3.732923069742796,720,"['Feature 0', 'Feature 1', 'Feature 2']",High quality skincare product with premium ingredients,['https://placeholder-images.com/product_387.jpg']
B00000388,BrandC Tools Product 388,Tools,64.3981341778484,3.8973872452450613,314,"['Feature 0', 'Feature 1', 'Feature 2']",High quality tools product with premium ingredients,['https://placeholder-images.com/product_388.jpg']
B00000389,BrandC Skincare Product 389,Skincare,41.817747816841205,3.1463918475368873,876,"['Feature 0', 'Feature 1', 'Feature 2']",High quality skincare product with premium ingredients,['https://placeholder-images.com/product_389.jpg']
B00000390,BrandF Bath Product 390,Bath,96.72864844134602,3.9269880876011447,12,"['Feature 0', 'Feature 1', 'Feature 2']",High quality bath product with premium ingredients,['https://placeholder-images.com/product_390.jpg']
B00000391,BrandB Tools Product 391,Tools,143.20699835323876,4.694334722745149,933,"['Feature 0', 'Feature 1', 'Feature 2']",High quality tools product with premium ingredients,['https://placeholder-images.com/product_391.jpg']
B00000392,BrandE Tools Product 392,Tools,57.77469586766189,3.760391237571714,313,"['Feature 0', 'Feature 1', 'Feature 2']",High quality tools product with premium ingredients,['https://placeholder-images.com/product_392.jpg']
B00000393,BrandD Tools Product 393,Tools,76.73736650576228,3.7887306476367004,352,"['Feature 0', 'Feature 1', 'Feature 2']",High quality tools product with premium ingredients,['https://placeholder-images.com/product_393.jpg']
B00000394,BrandF Bath Product 394,Bath,110.53723067170921,4.91104739190987,30,"['Feature 0', 'Feature 1', 'Feature 2']",High quality bath product with premium ingredients,['https://placeholder-images.com/product_394.jpg']
B00000395,BrandE Haircare Product 395,Haircare,135.72427685299817,3.4869645931525985,724,"['Feature 0', 'Feature 1', 'Feature 2']",High quality haircare product with premium ingredients,['https://placeholder-images.com/product_395.jpg']
B00000396,BrandD Haircare Product 396,Haircare,140.821043752772,3.703245374479269,811,"['Feature 0', 'Feature 1', 'Feature 2']",High quality haircare product with premium ingredients,['https://placeholder-images.com/product_396.jpg']
B00000397,BrandE Bath Product 397,Bath,96.42924603781638,4.046169449163569,503,"['Feature 0', 'Feature 1', 'Feature 2']",High quality bath product with premium ingredients,['https://placeholder-images.com/product_397.jpg']
B00000398,BrandE Haircare Product 398,Haircare,122.42362569657288,4.0783225533505085,153,"['Feature 0', 'Feature 1', 'Feature 2']",High quality haircare product with premium ingredients,['https://placeholder-images.com/product_398.jpg']
B00000399,BrandD Makeup Product 399,Makeup,110.46901002720813,3.7998104136083124,598,"['Feature 0', 'Feature 1', 'Feature 2']",High quality makeup product with premium ingredients,['https://placeholder-images.com/product_399.jpg']
B00000400,BrandB Fragrance Product 400,Fragrance,27.064053067172658,3.3622986990693606,360,"['Feature 0', 'Feature 1', 'Feature 2']",High quality fragrance product with premium ingredients,['https://placeholder-images.com/product_400.jpg']
B00000401,BrandB Fragrance Product 401,Fragrance,121.96935335936303,3.3691702590740658,968,"['Feature 0', 'Feature 1', 'Feature 2']",High quality fragrance product with premium ingredients,['https://placeholder-images.com/product_401.jpg']
B00000402,BrandB Skincare Product 402,Skincare,35.931982516637355,4.835504978342755,93,"['Feature 0', 'Feature 1', 'Feature 2']",High quality skincare product with premium ingredients,['https://placeholder-images.com/product_402.jpg']
B00000403,BrandF Fragrance Product 403,Fragrance,122.83895696852214,4.100453084312523,385,"['Feature 0', 'Feature 1', 'Feature 2']",High quality fragrance product with premium ingredients,['https://placeholder-images.com/product_403.jpg']
B00000404,BrandB Tools Product 404,Tools,25.722608217570684,3.0051680296899645,927,"['Feature 0', 'Feature 1', 'Feature 2']",High quality tools product with premium ingredients,['https://placeholder-images.com/product_404.jpg']
B00000405,BrandE Bath Product 405,Bath,133.78890486877708,3.456159543897865,530,"['Feature 0', 'Feature 1', 'Feature 2']",High quality bath product with premium ingredients,['https://placeholder-images.com/product_405.jpg']
B00000406,BrandB Makeup Product 406,Makeup,60.50815267548398,4.8117822095755205,161,"['Feature 0', 'Feature 1', 'Feature 2']",High quality makeup product with premium ingredients,['https://placeholder-images.com/product_406.jpg']
B00000407,BrandB Skincare Product 407,Skincare,45.790299693298124,3.60412100366959,673,"['Feature 0', 'Feature 1', 'Feature 2']",High quality skincare product with premium ingredients,['https://placeholder-images.com/product_407.jpg']
B00000408,BrandD Haircare Product 408,Haircare,69.32335551082679,4.335099798582941,155,"['Feature 0', 'Feature 1', 'Feature 2']",High quality haircare product with premium ingredients,['https://placeholder-images.com/product_408.jpg']
B00000409,BrandD Haircare Product 409,Haircare,30.958555513974083,3.847889625826604,590,"['Feature 0', 'Feature 1', 'Feature 2']",High quality haircare product with premium ingredients,['https://placeholder-images.com/product_409.jpg']
B00000410,BrandC Skincare Product 410,Skincare,131.69634745114735,3.945783931266364,670,"['Feature 0', 'Feature 1', 'Feature 2']",High quality skincare product with premium ingredients,['https://placeholder-images.com/product_410.jpg']
B00000411,BrandF Skincare Product 411,Skincare,13.309402046487095,4.2839430008865325,997,"['Feature 0', 'Feature 1', 'Feature 2']",High quality skincare product with premium ingredients,['https://placeholder-images.com/product_411.jpg']
B00000412,BrandB Haircare Product 412,Haircare,45.963738670400076,4.264030972040837,450,"['Feature 0', 'Feature 1', 'Feature 2']",High quality haircare product with premium ingredients,['https://placeholder-images.com/product_412.jpg']
B00000413,BrandA Bath Product 413,Bath,148.28997283008422,3.2728795051134663,606,"['Feature 0', 'Feature 1', 'Feature 2']",High quality bath product with premium ingredients,['https://placeholder-images.com/product_413.jpg']
B00000414,BrandC Makeup Product 414,Makeup,71.9803753491338,3.891581829154458,946,"['Feature 0', 'Feature 1', 'Feature 2']",High quality makeup product with premium ingredients,['https://placeholder-images.com/product_414.jpg']
B00000415,BrandC Skincare Product 415,Skincare,148.77583911830635,3.2567885789082505,540,"['Feature 0', 'Feature 1', 'Feature 2']",High quality skincare product with premium ingredients,['https://placeholder-images.com/product_415.jpg']
B00000416,BrandB Fragrance Product 416,Fragrance,57.21179858575886,4.811049584659347,630,"['Feature 0', 'Feature 1', 'Feature 2']",High quality fragrance product with premium ingredients,['https://placeholder-images.com/product_416.jpg']
B00000417,BrandD Bath Product 417,Bath,21.992154943500275,4.788381749328236,908,"['Feature 0', 'Feature 1', 'Feature 2']",High quality bath product with premium ingredients,['https://placeholder-images.com/product_417.jpg']
B00000418,BrandA Skincare Product 418,Skincare,41.73189631177832,3.709992611663875,717,"['Feature 0', 'Feature 1', 'Feature 2']",High quality skincare product with premium ingredients,['https://placeholder-images.com/product_418.jpg']
B00000419,BrandA Tools Product 419,Tools,126.46083585519908,4.339205232267924,437,"['Feature 0', 'Feature 1', 'Feature 2']",High quality tools product with premium ingredients,['https://placeholder-images.com/product_419.jpg']
B00000420,BrandE Haircare Product 420,Haircare,47.960641110025875,4.185623983306845,76,"['Feature 0', 'Feature 1', 'Feature 2']",High quality haircare product with premium ingredients,['https://placeholder-images.com/product_420.jpg']
B00000421,BrandD Bath Product 421,Bath,55.406725436152584,3.6660038261163956,847,"['Feature 0', 'Feature 1', 'Feature 2']",High quality bath product with premium ingredients,['https://placeholder-images.com/product_421.jpg']
B00000422,BrandD Makeup Product 422,Makeup,102.65748657891301,4.11556683474005,363,"['Feature 0', 'Feature 1', 'Feature 2']",High quality makeup product with premium ingredients,['https://placeholder-images.com/product_422.jpg']
B00000423,BrandD Bath Product 423,Bath,18.41992796410993,4.12459363175582,557,"['Feature 0', 'Feature 1', 'Feature 2']",High quality bath product with premium ingredients,['https://placeholder-images.com/product_423.jpg']
B00000424,BrandE Tools Product 424,Tools,98.89440638274463,4.509675639881696,320,"['Feature 0', 'Feature 1', 'Feature 2']",High quality tools product with premium ingredients,['https://placeholder-images.com/product_424.jpg']
B00000425,BrandF Makeup Product 425,Makeup,69.17647587546654,4.643612887802174,21,"['Feature 0', 'Feature 1', 'Feature 2']",High quality makeup product with premium ingredients,['https://placeholder-images.com/product_425.jpg']
B00000426,BrandD Skincare Product 426,Skincare,147.37309240820255,3.9497730870124372,551,"['Feature 0', 'Feature 1', 'Feature 2']",High quality skincare product with premium ingredients,['https://placeholder-images.com/product_426.jpg']
B00000427,BrandD Tools Product 427,Tools,146.38304800792218,3.040052711851649,989,"['Feature 0', 'Feature 1', 'Feature 2']",High quality tools product with premium ingredients,['https://placeholder-images.com/product_427.jpg']
B00000428,BrandA Fragrance Product 428,Fragrance,127.88466121269897,4.041915954544084,975,"['Feature 0', 'Feature 1', 'Feature 2']",High quality fragrance product with premium ingredients,['https://placeholder-images.com/product_428.jpg']
B00000429,BrandB Bath Product 429,Bath,120.3062783609171,4.72937238406708,793,"['Feature 0', 'Feature 1', 'Feature 2']",High quality bath product with premium ingredients,['https://placeholder-images.com/product_429.jpg']
B00000430,BrandF Fragrance Product 430,Fragrance,32.30256288665724,3.1262180661583003,813,"['Feature 0', 'Feature 1', 'Feature 2']",High quality fragrance product with premium ingredients,['https://placeholder-images.com/product_430.jpg']
B00000431,BrandB Skincare Product 431,Skincare,57.83443026556892,3.7618190510219742,779,"['Feature 0', 'Feature 1', 'Feature 2']",High quality skincare product with premium ingredients,['https://placeholder-images.com/product_431.jpg']
B00000432,BrandA Haircare Product 432,Haircare,87.53231369973268,3.611048621316047,189,"['Feature 0', 'Feature 1', 'Feature 2']",High quality haircare product with premium ingredients,['https://placeholder-images.com/product_432.jpg']
B00000433,BrandB Bath Product 433,Bath,94.08320667048642,4.0313588553929955,428,"['Feature 0', 'Feature 1', 'Feature 2']",High quality bath product with premium ingredients,['https://placeholder-images.com/product_433.jpg']
B00000434,BrandC Bath Product 434,Bath,90.44223352448732,4.133150724342837,253,"['Feature 0', 'Feature 1', 'Feature 2']",High quality bath product with premium ingredients,['https://placeholder-images.com/product_434.jpg']
B00000435,BrandD Makeup Product 435,Makeup,140.28333005014827,3.232732795770952,603,"['Feature 0', 'Feature 1', 'Feature 2']",High quality makeup product with premium ingredients,['https://placeholder-images.com/product_435.jpg']
B00000436,BrandC Tools Product 436,Tools,104.40253289726678,4.064962385118852,471,"['Feature 0', 'Feature 1', 'Feature 2']",High quality tools product with premium ingredients,['https://placeholder-images.com/product_436.jpg']
B00000437,BrandC Bath Product 437,Bath,120.60426108298859,3.6093582781960816,82,"['Feature 0', 'Feature 1', 'Feature 2']",High quality bath product with premium ingredients,['https://placeholder-images.com/product_437.jpg']
B00000438,BrandC Tools Product 438,Tools,34.29343209811121,4.389902177804924,475,"['Feature 0', 'Feature 1', 'Feature 2']",High quality tools product with premium ingredients,['https://placeholder-images.com/product_438.jpg']
B00000439,BrandD Bath Product 439,Bath,90.22580005031891,4.86546148095251,971,"['Feature 0', 'Feature 1', 'Feature 2']",High quality bath product with premium ingredients,['https://placeholder-images.com/product_439.jpg']
B00000440,BrandE Skincare Product 440,Skincare,130.68202751816716,4.845514381026788,791,"['Feature 0', 'Feature 1', 'Feature 2']",High quality skincare product with premium ingredients,['https://placeholder-images.com/product_440.jpg']
B00000441,BrandF Skincare Product 441,Skincare,135.75662782097885,4.658664810282567,445,"['Feature 0', 'Feature 1', 'Feature 2']",High quality skincare product with premium ingredients,['https://placeholder-images.com/product_441.jpg']
B00000442,BrandC Haircare Product 442,Haircare,65.81282388812383,3.2927479843244982,126,"['Feature 0', 'Feature 1', 'Feature 2']",High quality haircare product with premium ingredients,['https://placeholder-images.com/product_442.jpg']
B00000443,BrandE Makeup Product 443,Makeup,13.613666972928177,3.2703325783096453,589,"['Feature 0', 'Feature 1', 'Feature 2']",High quality makeup product with premium ingredients,['https://placeholder-images.com/product_443.jpg']
B00000444,BrandD Tools Product 444,Tools,118.74130826603698,3.24407010424879,101,"['Feature 0', 'Feature 1', 'Feature 2']",High quality tools product with premium ingredients,['https://placeholder-images.com/product_444.jpg']
B00000445,BrandF Tools Product 445,Tools,132.65472696372595,3.5555052474985223,456,"['Feature 0', 'Feature 1', 'Feature 2']",High quality tools product with premium ingredients,['https://placeholder-images.com/product_445.jpg']
B00000446,BrandE Bath Product 446,Bath,12.47629334585601,4.20510632768573,672,"['Feature 0', 'Feature 1', 'Feature 2']",High quality bath product with premium ingredients,['https://placeholder-images.com/product_446.jpg']
B00000447,BrandC Haircare Product 447,Haircare,89.02175269504355,3.383564911183721,354,"['Feature 0', 'Feature 1', 'Feature 2']",High quality haircare product with premium ingredients,['https://placeholder-images.com/product_447.jpg']
B00000448,BrandF Makeup Product 448,Makeup,149.2812844037674,3.1155611219927333,65,"['Feature 0', 'Feature 1', 'Feature 2']",High quality makeup product with premium ingredients,['https://placeholder-images.com/product_448.jpg']
B00000449,BrandC Skincare Product 449,Skincare,33.893066196999776,3.149259628674163,165,"['Feature 0', 'Feature 1', 'Feature 2']",High quality skincare product with premium ingredients,['https://placeholder-images.com/product_449.jpg']
B00000450,BrandF Bath Product 450,Bath,24.14641354149054,4.384322683388264,773,"['Feature 0', 'Feature 1', 'Feature 2']",High quality bath product with premium ingredients,['https://placeholder-images.com/product_450.jpg']
B00000451,BrandD Skincare Product 451,Skincare,98.64654764188496,3.4577892096932272,110,"['Feature 0', 'Feature 1', 'Feature 2']",High quality skincare product with premium ingredients,['https://placeholder-images.com/product_451.jpg']
B00000452,BrandD Fragrance Product 452,Fragrance,34.32536339272123,4.311447345123312,431,"['Feature 0', 'Feature 1', 'Feature 2']",High quality fragrance product with premium ingredients,['https://placeholder-images.com/product_452.jpg']
B00000453,BrandE Makeup Product 453,Makeup,134.12459013366532,3.8995692976426453,492,"['Feature 0', 'Feature 1', 'Feature 2']",High quality makeup product with premium ingredients,['https://placeholder-images.com/product_453.jpg']
B00000454,BrandD Haircare Product 454,Haircare,77.42887851488072,3.353774290287709,607,"['Feature 0', 'Feature 1', 'Feature 2']",High quality haircare product with premium ingredients,['https://placeholder-images.com/product_454.jpg']
B00000455,BrandF Tools Product 455,Tools,44.80123608009189,3.2676074725589777,414,"['Feature 0', 'Feature 1', 'Feature 2']",High quality tools product with premium ingredients,['https://placeholder-images.com/product_455.jpg']
B00000456,BrandF Bath Product 456,Bath,46.37384922430479,4.52057964624427,835,"['Feature 0', 'Feature 1', 'Feature 2']",High quality bath product with premium ingredients,['https://placeholder-images.com/product_456.jpg']
B00000457,BrandA Tools Product 457,Tools,55.29005528760633,4.668606731909535,502,"['Feature 0', 'Feature 1', 'Feature 2']",High quality tools product with premium ingredients,['https://placeholder-images.com/product_457.jpg']
B00000458,BrandE Tools Product 458,Tools,122.21519566361854,4.919153288642066,173,"['Feature 0', 'Feature 1', 'Feature 2']",High quality tools product with premium ingredients,['https://placeholder-images.com/product_458.jpg']
B00000459,BrandC Skincare Product 459,Skincare,47.21915913160389,4.292180246925016,926,"['Feature 0', 'Feature 1', 'Feature 2']",High quality skincare product with premium ingredients,['https://placeholder-images.com/product_459.jpg']
B00000460,BrandE Fragrance Product 460,Fragrance,78.35375918304895,3.3000973293879685,573,"['Feature 0', 'Feature 1', 'Feature 2']",High quality fragrance product with premium ingredients,['https://placeholder-images.com/product_460.jpg']
B00000461,BrandB Fragrance Product 461,Fragrance,76.64253811162732,3.751776570291539,445,"['Feature 0', 'Feature 1', 'Feature 2']",High quality fragrance product with premium ingredients,['https://placeholder-images.com/product_461.jpg']
B00000462,BrandF Tools Product 462,Tools,64.93512101398643,4.912444381297897,634,"['Feature 0', 'Feature 1', 'Feature 2']",High quality tools product with premium ingredients,['https://placeholder-images.com/product_462.jpg']
B00000463,BrandA Skincare Product 463,Skincare,102.2169004690421,4.885662282826523,139,"['Feature 0', 'Feature 1', 'Feature 2']",High quality skincare product with premium ingredients,['https://placeholder-images.com/product_463.jpg']
B00000464,BrandE Fragrance Product 464,Fragrance,49.11147995086029,4.860637769675647,965,"['Feature 0', 'Feature 1', 'Feature 2']",High quality fragrance product with premium ingredients,['https://placeholder-images.com/product_464.jpg']
B00000465,BrandD Tools Product 465,Tools,99.20820675315926,4.318707844411565,964,"['Feature 0', 'Feature 1', 'Feature 2']",High quality tools product with premium ingredients,['https://placeholder-images.com/product_465.jpg']
B00000466,BrandA Bath Product 466,Bath,95.95070186640865,3.1333040811213797,865,"['Feature 0', 'Feature 1', 'Feature 2']",High quality bath product with premium ingredients,['https://placeholder-images.com/product_466.jpg']
B00000467,BrandC Tools Product 467,Tools,24.79708718687837,4.976550542000263,96,"['Feature 0', 'Feature 1', 'Feature 2']",High quality tools product with premium ingredients,['https://placeholder-images.com/product_467.jpg']
B00000468,BrandE Tools Product 468,Tools,15.323058753243687,4.492414514963677,394,"['Feature 0', 'Feature 1', 'Feature 2']",High quality tools product with premium ingredients,['https://placeholder-images.com/product_468.jpg']
B00000469,BrandC Tools Product 469,Tools,19.9759418871362,3.024216950469775,654,"['Feature 0', 'Feature 1', 'Feature 2']",High quality tools product with premium ingredients,['https://placeholder-images.com/product_469.jpg']
B00000470,BrandE Fragrance Product 470,Fragrance,64.26333240758774,3.9238938733419113,237,"['Feature 0', 'Feature 1', 'Feature 2']",High quality fragrance product with premium ingredients,['https://placeholder-images.com/product_470.jpg']
B00000471,BrandD Haircare Product 471,Haircare,118.45149436536546,4.322741222140829,549,"['Feature 0', 'Feature 1', 'Feature 2']",High quality haircare product with premium ingredients,['https://placeholder-images.com/product_471.jpg']
B00000472,BrandC Haircare Product 472,Haircare,67.69833023678802,4.099232087437849,361,"['Feature 0', 'Feature 1', 'Feature 2']",High quality haircare product with premium ingredients,['https://placeholder-images.com/product_472.jpg']
B00000473,BrandF Makeup Product 473,Makeup,21.566472884297617,4.029315173147023,346,"['Feature 0', 'Feature 1', 'Feature 2']",High quality makeup product with premium ingredients,['https://placeholder-images.com/product_473.jpg']
B00000474,BrandA Skincare Product 474,Skincare,63.471549551405424,3.4113745243911104,570,"['Feature 0', 'Feature 1', 'Feature 2']",High quality skincare product with premium ingredients,['https://placeholder-images.com/product_474.jpg']
B00000475,BrandF Fragrance Product 475,Fragrance,46.49986198878832,3.13850861257172,226,"['Feature 0', 'Feature 1', 'Feature 2']",High quality fragrance product with premium ingredients,['https://placeholder-images.com/product_475.jpg']
B00000476,BrandF Makeup Product 476,Makeup,135.41404363206345,3.6444310068892567,685,"['Feature 0', 'Feature 1', 'Feature 2']",High quality makeup product with premium ingredients,['https://placeholder-images.com/product_476.jpg']
B00000477,BrandC Fragrance Product 477,Fragrance,147.1958461102391,4.203763179272644,702,"['Feature 0', 'Feature 1', 'Feature 2']",High quality fragrance product with premium ingredients,['https://placeholder-images.com/product_477.jpg']
B00000478,BrandB Fragrance Product 478,Fragrance,27.933404491268004,3.676535011988997,945,"['Feature 0', 'Feature 1', 'Feature 2']",High quality fragrance product with premium ingredients,['https://placeholder-images.com/product_478.jpg']
B00000479,BrandA Makeup Product 479,Makeup,62.10338333725186,3.8641537658883918,133,"['Feature 0', 'Feature 1', 'Feature 2']",High quality makeup product with premium ingredients,['https://placeholder-images.com/product_479.jpg']
B00000480,BrandA Makeup Product 480,Makeup,32.915732205142206,3.547582615028213,989,"['Feature 0', 'Feature 1', 'Feature 2']",High quality makeup product with premium ingredients,['https://placeholder-images.com/product_480.jpg']
B00000481,BrandD Tools Product 481,Tools,37.64586858039122,4.773849800418539,897,"['Feature 0', 'Feature 1', 'Feature 2']",High quality tools product with premium ingredients,['https://placeholder-images.com/product_481.jpg']
B00000482,BrandC Tools Product 482,Tools,104.00369088525005,3.6338449546898897,48,"['Feature 0', 'Feature 1', 'Feature 2']",High quality tools product with premium ingredients,['https://placeholder-images.com/product_482.jpg']
B00000483,BrandD Skincare Product 483,Skincare,138.64971470953762,3.504482040346723,406,"['Feature 0', 'Feature 1', 'Feature 2']",High quality skincare product with premium ingredients,['https://placeholder-images.com/product_483.jpg']
B00000484,BrandE Bath Product 484,Bath,146.97561903208342,4.496383811957995,247,"['Feature 0', 'Feature 1', 'Feature 2']",High quality bath product with premium ingredients,['https://placeholder-images.com/product_484.jpg']
B00000485,BrandC Fragrance Product 485,Fragrance,54.80837655293769,4.506374671826806,354,"['Feature 0', 'Feature 1', 'Feature 2']",High quality fragrance product with premium ingredients,['https://placeholder-images.com/product_485.jpg']
B00000486,BrandD Bath Product 486,Bath,16.044323011581632,3.3296296314588743,550,"['Feature 0', 'Feature 1', 'Feature 2']",High quality bath product with premium ingredients,['https://placeholder-images.com/product_486.jpg']
B00000487,BrandD Tools Product 487,Tools,124.4899461799723,3.427022732621344,416,"['Feature 0', 'Feature 1', 'Feature 2']",High quality tools product with premium ingredients,['https://placeholder-images.com/product_487.jpg']
B00000488,BrandE Fragrance Product 488,Fragrance,67.87830290133661,4.516370022153074,362,"['Feature 0', 'Feature 1', 'Feature 2']",High quality fragrance product with premium ingredients,['https://placeholder-images.com/product_488.jpg']
B00000489,BrandF Haircare Product 489,Haircare,89.10307900026226,4.377770604100181,816,"['Feature 0', 'Feature 1', 'Feature 2']",High quality haircare product with premium ingredients,['https://placeholder-images.com/product_489.jpg']
B00000490,BrandA Fragrance Product 490,Fragrance,116.55701518604212,3.320143269909146,371,"['Feature 0', 'Feature 1', 'Feature 2']",High quality fragrance product with premium ingredients,['https://placeholder-images.com/product_490.jpg']
B00000491,BrandA Makeup Product 491,Makeup,113.8396886118102,4.762901559350043,909,"['Feature 0', 'Feature 1', 'Feature 2']",High quality makeup product with premium ingredients,['https://placeholder-images.com/product_491.jpg']
B00000492,BrandB Haircare Product 492,Haircare,102.05844378892323,3.6218578600151083,414,"['Feature 0', 'Feature 1', 'Feature 2']",High quality haircare product with premium ingredients,['https://placeholder-images.com/product_492.jpg']
B00000493,BrandC Bath Product 493,Bath,36.32346284615826,3.7107691373714786,22,"['Feature 0', 'Feature 1', 'Feature 2']",High quality bath product with premium ingredients,['https://placeholder-images.com/product_493.jpg']
B00000494,BrandD Skincare Product 494,Skincare,83.38228390166272,4.6960955822615436,323,"['Feature 0', 'Feature 1', 'Feature 2']",High quality skincare product with premium ingredients,['https://placeholder-images.com/product_494.jpg']
B00000495,BrandD Bath Product 495,Bath,114.4027295823725,3.4049611203304746,427,"['Feature 0', 'Feature 1', 'Feature 2']",High quality bath product with premium ingredients,['https://placeholder-images.com/product_495.jpg']
B00000496,BrandA Tools Product 496,Tools,104.97303519971986,4.512529315782905,744,"['Feature 0', 'Feature 1', 'Feature 2']",High quality tools product with premium ingredients,['https://placeholder-images.com/product_496.jpg']
B00000497,BrandC Bath Product 497,Bath,149.4868072678146,3.7366190610136965,390,"['Feature 0', 'Feature 1', 'Feature 2']",High quality bath product with premium ingredients,['https://placeholder-images.com/product_497.jpg']
B00000498,BrandD Fragrance Product 498,Fragrance,119.25596866061844,3.4344181953824213,163,"['Feature 0', 'Feature 1', 'Feature 2']",High quality fragrance product with premium ingredients,['https://placeholder-images.com/product_498.jpg']
B00000499,BrandF Tools Product 499,Tools,67.76705771880732,4.3912362929936135,414,"['Feature 0', 'Feature 1', 'Feature 2']",High quality tools product with premium ingredients,['https://placeholder-images.com/product_499.jpg']
B00000500,BrandF Makeup Product 500,Makeup,33.36391649968193,3.3626385598510105,950,"['Feature 0', 'Feature 1', 'Feature 2']",High quality makeup product with premium ingredients,['https://placeholder-images.com/product_500.jpg']
B00000501,BrandA Fragrance Product 501,Fragrance,92.34831737277467,3.9619457797722477,535,"['Feature 0', 'Feature 1', 'Feature 2']",High quality fragrance product with premium ingredients,['https://placeholder-images.com/product_501.jpg']
B00000502,BrandE Haircare Product 502,Haircare,91.19773023993838,4.122969175919048,909,"['Feature 0', 'Feature 1', 'Feature 2']",High quality haircare product with premium ingredients,['https://placeholder-images.com/product_502.jpg']
B00000503,BrandB Bath Product 503,Bath,93.91165519281074,4.204291288104962,197,"['Feature 0', 'Feature 1', 'Feature 2']",High quality bath product with premium ingredients,['https://placeholder-images.com/product_503.jpg']
B00000504,BrandC Fragrance Product 504,Fragrance,79.75579551688351,3.1541165582686626,415,"['Feature 0', 'Feature 1', 'Feature 2']",High quality fragrance product with premium ingredients,['https://placeholder-images.com/product_504.jpg']
B00000505,BrandD Tools Product 505,Tools,119.88557679560546,4.415361869481831,936,"['Feature 0', 'Feature 1', 'Feature 2']",High quality tools product with premium ingredients,['https://placeholder-images.com/product_505.jpg']
B00000506,BrandC Fragrance Product 506,Fragrance,71.62785971376869,3.2949050534125677,192,"['Feature 0', 'Feature 1', 'Feature 2']",High quality fragrance product with premium ingredients,['https://placeholder-images.com/product_506.jpg']
B00000507,BrandA Skincare Product 507,Skincare,22.40406015514641,3.4412239054224223,772,"['Feature 0', 'Feature 1', 'Feature 2']",High quality skincare product with premium ingredients,['https://placeholder-images.com/product_507.jpg']
B00000508,BrandC Fragrance Product 508,Fragrance,117.32239335603006,4.467231660084625,127,"['Feature 0', 'Feature 1', 'Feature 2']",High quality fragrance product with premium ingredients,['https://placeholder-images.com/product_508.jpg']
B00000509,BrandA Tools Product 509,Tools,68.97472746117009,4.272354729416465,761,"['Feature 0', 'Feature 1', 'Feature 2']",High quality tools product with premium ingredients,['https://placeholder-images.com/product_509.jpg']
B00000510,BrandF Haircare Product 510,Haircare,148.7577004549825,4.494439175484075,880,"['Feature 0', 'Feature 1', 'Feature 2']",High quality haircare product with premium ingredients,['https://placeholder-images.com/product_510.jpg']
B00000511,BrandB Skincare Product 511,Skincare,92.28771052070775,3.368952506267279,582,"['Feature 0', 'Feature 1', 'Feature 2']",High quality skincare product with premium ingredients,['https://placeholder-images.com/product_511.jpg']
B00000512,BrandB Makeup Product 512,Makeup,33.14117553582444,4.400503918889042,871,"['Feature 0', 'Feature 1', 'Feature 2']",High quality makeup product with premium ingredients,['https://placeholder-images.com/product_512.jpg']
B00000513,BrandF Bath Product 513,Bath,48.22991339619374,4.036157532477631,886,"['Feature 0', 'Feature 1', 'Feature 2']",High quality bath product with premium ingredients,['https://placeholder-images.com/product_513.jpg']
B00000514,BrandE Haircare Product 514,Haircare,17.8590544782694,4.7054560397514225,931,"['Feature 0', 'Feature 1', 'Feature 2']",High quality haircare product with premium ingredients,['https://placeholder-images.com/product_514.jpg']
B00000515,BrandE Haircare Product 515,Haircare,127.87069935085322,3.372202835692555,58,"['Feature 0', 'Feature 1', 'Feature 2']",High quality haircare product with premium ingredients,['https://placeholder-images.com/product_515.jpg']
B00000516,BrandB Tools Product 516,Tools,141.22946119022103,4.412038015328049,611,"['Feature 0', 'Feature 1', 'Feature 2']",High quality tools product with premium ingredients,['https://placeholder-images.com/product_516.jpg']
B00000517,BrandF Fragrance Product 517,Fragrance,111.91150297632713,3.9929223047105995,650,"['Feature 0', 'Feature 1', 'Feature 2']",High quality fragrance product with premium ingredients,['https://placeholder-images.com/product_517.jpg']
B00000518,BrandD Skincare Product 518,Skincare,117.17180585875536,3.317816335338707,837,"['Feature 0', 'Feature 1', 'Feature 2']",High quality skincare product with premium ingredients,['https://placeholder-images.com/product_518.jpg']
B00000519,BrandD Fragrance Product 519,Fragrance,65.83704415852212,4.845246116175579,994,"['Feature 0', 'Feature 1', 'Feature 2']",High quality fragrance product with premium ingredients,['https://placeholder-images.com/product_519.jpg']
B00000520,BrandE Fragrance Product 520,Fragrance,19.654122289898964,3.1141094423025084,423,"['Feature 0', 'Feature 1', 'Feature 2']",High quality fragrance product with premium ingredients,['https://placeholder-images.com/product_520.jpg']
B00000521,BrandD Bath Product 521,Bath,48.60077943337731,3.551224677357891,279,"['Feature 0', 'Feature 1', 'Feature 2']",High quality bath product with premium ingredients,['https://placeholder-images.com/product_521.jpg']
B00000522,BrandF Makeup Product 522,Makeup,70.04416304054541,4.689578872572043,591,"['Feature 0', 'Feature 1', 'Feature 2']",High quality makeup product with premium ingredients,['https://placeholder-images.com/product_522.jpg']
B00000523,BrandA Fragrance Product 523,Fragrance,78.2599671142738,3.067227200366565,605,"['Feature 0', 'Feature 1', 'Feature 2']",High quality fragrance product with premium ingredients,['https://placeholder-images.com/product_523.jpg']
B00000524,BrandB Makeup Product 524,Makeup,88.67899864535295,3.6918408950033887,699,"['Feature 0', 'Feature 1', 'Feature 2']",High quality makeup product with premium ingredients,['https://placeholder-images.com/product_524.jpg']
B00000525,BrandC Skincare Product 525,Skincare,58.62806567623797,4.799666691374545,987,"['Feature 0', 'Feature 1', 'Feature 2']",High quality skincare product with premium ingredients,['https://placeholder-images.com/product_525.jpg']
B00000526,BrandD Haircare Product 526,Haircare,27.918349194702095,4.76427122856412,926,"['Feature 0', 'Feature 1', 'Feature 2']",High quality haircare product with premium ingredients,['https://placeholder-images.com/product_526.jpg']
B00000527,BrandB Makeup Product 527,Makeup,68.63106467038259,3.5203155819241023,322,"['Feature 0', 'Feature 1', 'Feature 2']",High quality makeup product with premium ingredients,['https://placeholder-images.com/product_527.jpg']
B00000528,BrandB Tools Product 528,Tools,147.13711765344596,3.289930144759634,608,"['Feature 0', 'Feature 1', 'Feature 2']",High quality tools product with premium ingredients,['https://placeholder-images.com/product_528.jpg']
B00000529,BrandE Makeup Product 529,Makeup,89.14623564002538,3.927864973376672,866,"['Feature 0', 'Feature 1', 'Feature 2']",High quality makeup product with premium ingredients,['https://placeholder-images.com/product_529.jpg']
B00000530,BrandD Tools Product 530,Tools,58.93089209215463,3.2281915697758667,187,"['Feature 0', 'Feature 1', 'Feature 2']",High quality tools product with premium ingredients,['https://placeholder-images.com/product_530.jpg']
B00000531,BrandD Tools Product 531,Tools,68.5185907418678,3.1776804901751285,607,"['Feature 0', 'Feature 1', 'Feature 2']",High quality tools product with premium ingredients,['https://placeholder-images.com/product_531.jpg']
B00000532,BrandA Skincare Product 532,Skincare,147.27235508015485,3.4548189917227576,37,"['Feature 0', 'Feature 1', 'Feature 2']",High quality skincare product with premium ingredients,['https://placeholder-images.com/product_532.jpg']
B00000533,BrandC Makeup Product 533,Makeup,19.47357066600022,4.415670194459537,538,"['Feature 0', 'Feature 1', 'Feature 2']",High quality makeup product with premium ingredients,['https://placeholder-images.com/product_533.jpg']
B00000534,BrandF Makeup Product 534,Makeup,41.6605872225917,4.6938374561771194,851,"['Feature 0', 'Feature 1', 'Feature 2']",High quality makeup product with premium ingredients,['https://placeholder-images.com/product_534.jpg']
B00000535,BrandE Tools Product 535,Tools,142.3977405800395,4.699950742961324,75,"['Feature 0', 'Feature 1', 'Feature 2']",High quality tools product with premium ingredients,['https://placeholder-images.com/product_535.jpg']
B00000536,BrandB Makeup Product 536,Makeup,130.67816717659812,3.920324528976879,688,"['Feature 0', 'Feature 1', 'Feature 2']",High quality makeup product with premium ingredients,['https://placeholder-images.com/product_536.jpg']
B00000537,BrandD Bath Product 537,Bath,18.718234823463987,4.025005297540663,965,"['Feature 0', 'Feature 1', 'Feature 2']",High quality bath product with premium ingredients,['https://placeholder-images.com/product_537.jpg']
B00000538,BrandB Haircare Product 538,Haircare,146.928654516294,4.587979432736012,570,"['Feature 0', 'Feature 1', 'Feature 2']",High quality haircare product with premium ingredients,['https://placeholder-images.com/product_538.jpg']
B00000539,BrandD Tools Product 539,Tools,86.27868627183219,4.516850035738222,893,"['Feature 0', 'Feature 1', 'Feature 2']",High quality tools product with premium ingredients,['https://placeholder-images.com/product_539.jpg']
B00000540,BrandE Bath Product 540,Bath,102.34811129526392,3.3232396225717427,791,"['Feature 0', 'Feature 1', 'Feature 2']",High quality bath product with premium ingredients,['https://placeholder-images.com/product_540.jpg']
B00000541,BrandE Haircare Product 541,Haircare,73.17350818533833,4.96997931228175,35,"['Feature 0', 'Feature 1', 'Feature 2']",High quality haircare product with premium ingredients,['https://placeholder-images.com/product_541.jpg']
B00000542,BrandB Skincare Product 542,Skincare,19.128642776468887,3.9278627536246655,977,"['Feature 0', 'Feature 1', 'Feature 2']",High quality skincare product with premium ingredients,['https://placeholder-images.com/product_542.jpg']
B00000543,BrandA Fragrance Product 543,Fragrance,64.70197118590585,4.596688376448657,688,"['Feature 0', 'Feature 1', 'Feature 2']",High quality fragrance product with premium ingredients,['https://placeholder-images.com/product_543.jpg']
B00000544,BrandA Fragrance Product 544,Fragrance,65.63339466794432,3.186815943950591,718,"['Feature 0', 'Feature 1', 'Feature 2']",High quality fragrance product with premium ingredients,['https://placeholder-images.com/product_544.jpg']
B00000545,BrandC Haircare Product 545,Haircare,38.527304277876475,4.046659262389483,929,"['Feature 0', 'Feature 1', 'Feature 2']",High quality haircare product with premium ingredients,['https://placeholder-images.com/product_545.jpg']
B00000546,BrandD Fragrance Product 546,Fragrance,116.04746387051843,3.552883381166792,81,"['Feature 0', 'Feature 1', 'Feature 2']",High quality fragrance product with premium ingredients,['https://placeholder-images.com/product_546.jpg']
B00000547,BrandF Skincare Product 547,Skincare,84.6240414144596,3.315909645670696,477,"['Feature 0', 'Feature 1', 'Feature 2']",High quality skincare product with premium ingredients,['https://placeholder-images.com/product_547.jpg']
B00000548,BrandD Bath Product 548,Bath,33.24480387826736,4.226946277278353,886,"['Feature 0', 'Feature 1', 'Feature 2']",High quality bath product with premium ingredients,['https://placeholder-images.com/product_548.jpg']
B00000549,BrandC Haircare Product 549,Haircare,48.76662823289325,4.967042945430444,938,"['Feature 0', 'Feature 1', 'Feature 2']",High quality haircare product with premium ingredients,['https://placeholder-images.com/product_549.jpg']
B00000550,BrandA Fragrance Product 550,Fragrance,14.67370425009337,3.7273862495122803,937,"['Feature 0', 'Feature 1', 'Feature 2']",High quality fragrance product with premium ingredients,['https://placeholder-images.com/product_550.jpg']
B00000551,BrandC Fragrance Product 551,Fragrance,53.84267927441953,4.597186544765503,375,"['Feature 0', 'Feature 1', 'Feature 2']",High quality fragrance product with premium ingredients,['https://placeholder-images.com/product_551.jpg']
B00000552,BrandC Bath Product 552,Bath,133.53829157702742,4.607207070883071,823,"['Feature 0', 'Feature 1', 'Feature 2']",High quality bath product with premium ingredients,['https://placeholder-images.com/product_552.jpg']
B00000553,BrandE Skincare Product 553,Skincare,147.7754446651097,4.335839997607254,278,"['Feature 0', 'Feature 1', 'Feature 2']",High quality skincare product with premium ingredients,['https://placeholder-images.com/product_553.jpg']
B00000554,BrandD Makeup Product 554,Makeup,149.59094199143263,4.959564915709044,580,"['Feature 0', 'Feature 1', 'Feature 2']",High quality makeup product with premium ingredients,['https://placeholder-images.com/product_554.jpg']
B00000555,BrandE Haircare Product 555,Haircare,88.36579570937356,4.054799244245353,802,"['Feature 0', 'Feature 1', 'Feature 2']",High quality haircare product with premium ingredients,['https://placeholder-images.com/product_555.jpg']
B00000556,BrandB Fragrance Product 556,Fragrance,39.36541267571539,3.758054252438195,236,"['Feature 0', 'Feature 1', 'Feature 2']",High quality fragrance product with premium ingredients,['https://placeholder-images.com/product_556.jpg']
B00000557,BrandD Tools Product 557,Tools,130.14478744200295,4.638127027723312,443,"['Feature 0', 'Feature 1', 'Feature 2']",High quality tools product with premium ingredients,['https://placeholder-images.com/product_557.jpg']
B00000558,BrandC Bath Product 558,Bath,116.34153741604845,4.9761311333055485,459,"['Feature 0', 'Feature 1', 'Feature 2']",High quality bath product with premium ingredients,['https://placeholder-images.com/product_558.jpg']
B00000559,BrandD Fragrance Product 559,Fragrance,53.96851129898248,3.5086439623566337,991,"['Feature 0', 'Feature 1', 'Feature 2']",High quality fragrance product with premium ingredients,['https://placeholder-images.com/product_559.jpg']
B00000560,BrandD Haircare Product 560,Haircare,56.92912663192218,3.347523186271488,286,"['Feature 0', 'Feature 1', 'Feature 2']",High quality haircare product with premium ingredients,['https://placeholder-images.com/product_560.jpg']
B00000561,BrandB Fragrance Product 561,Fragrance,24.089246993294665,3.4797482255118894,701,"['Feature 0', 'Feature 1', 'Feature 2']",High quality fragrance product with premium ingredients,['https://placeholder-images.com/product_561.jpg']
B00000562,BrandA Makeup Product 562,Makeup,113.55398210174691,3.3825208358291734,84,"['Feature 0', 'Feature 1', 'Feature 2']",High quality makeup product with premium ingredients,['https://placeholder-images.com/product_562.jpg']
B00000563,BrandF Skincare Product 563,Skincare,113.3296772673924,4.612391762007581,871,"['Feature 0', 'Feature 1', 'Feature 2']",High quality skincare product with premium ingredients,['https://placeholder-images.com/product_563.jpg']
B00000564,BrandC Haircare Product 564,Haircare,14.356183988430075,4.478589470329546,939,"['Feature 0', 'Feature 1', 'Feature 2']",High quality haircare product with premium ingredients,['https://placeholder-images.com/product_564.jpg']
B00000565,BrandC Makeup Product 565,Makeup,106.08580753605364,3.1392822963248115,944,"['Feature 0', 'Feature 1', 'Feature 2']",High quality makeup product with premium ingredients,['https://placeholder-images.com/product_565.jpg']
B00000566,BrandA Bath Product 566,Bath,101.73953735683214,4.983485234335678,768,"['Feature 0', 'Feature 1', 'Feature 2']",High quality bath product with premium ingredients,['https://placeholder-images.com/product_566.jpg']
B00000567,BrandD Haircare Product 567,Haircare,131.2941119951879,3.4310597375826637,152,"['Feature 0', 'Feature 1', 'Feature 2']",High quality haircare product with premium ingredients,['https://placeholder-images.com/product_567.jpg']
B00000568,BrandC Tools Product 568,Tools,116.8417407762445,3.816612685518902,663,"['Feature 0', 'Feature 1', 'Feature 2']",High quality tools product with premium ingredients,['https://placeholder-images.com/product_568.jpg']
B00000569,BrandD Fragrance Product 569,Fragrance,42.58684059418043,4.614792060679902,773,"['Feature 0', 'Feature 1', 'Feature 2']",High quality fragrance product with premium ingredients,['https://placeholder-images.com/product_569.jpg']
B00000570,BrandB Tools Product 570,Tools,101.10759665822464,4.748453448276703,228,"['Feature 0', 'Feature 1', 'Feature 2']",High quality tools product with premium ingredients,['https://placeholder-images.com/product_570.jpg']
B00000571,BrandC Haircare Product 571,Haircare,64.56631423970889,3.759005806749437,151,"['Feature 0', 'Feature 1', 'Feature 2']",High quality haircare product with premium ingredients,['https://placeholder-images.com/product_571.jpg']
B00000572,BrandE Fragrance Product 572,Fragrance,86.53075082629039,3.7608010979408193,551,"['Feature 0', 'Feature 1', 'Feature 2']",High quality fragrance product with premium ingredients,['https://placeholder-images.com/product_572.jpg']
B00000573,BrandC Bath Product 573,Bath,69.15677996367225,3.0840493503428106,865,"['Feature 0', 'Feature 1', 'Feature 2']",High quality bath product with premium ingredients,['https://placeholder-images.com/product_573.jpg']
B00000574,BrandB Bath Product 574,Bath,145.27407749895175,3.254907918845738,92,"['Feature 0', 'Feature 1', 'Feature 2']",High quality bath product with premium ingredients,['https://placeholder-images.com/product_574.jpg']
B00000575,BrandC Bath Product 575,Bath,125.64546723332006,4.398630750252408,293,"['Feature 0', 'Feature 1', 'Feature 2']",High quality bath product with premium ingredients,['https://placeholder-images.com/product_575.jpg']
B00000576,BrandE Fragrance Product 576,Fragrance,144.79344999036363,4.453341984140646,772,"['Feature 0', 'Feature 1', 'Feature 2']",High quality fragrance product with premium ingredients,['https://placeholder-images.com/product_576.jpg']
B00000577,BrandA Fragrance Product 577,Fragrance,49.41296777809019,4.745507679132256,407,"['Feature 0', 'Feature 1', 'Feature 2']",High quality fragrance product with premium ingredients,['https://placeholder-images.com/product_577.jpg']
B00000578,BrandE Bath Product 578,Bath,85.69778673028745,3.193068940390882,295,"['Feature 0', 'Feature 1', 'Feature 2']",High quality bath product with premium ingredients,['https://placeholder-images.com/product_578.jpg']
B00000579,BrandA Skincare Product 579,Skincare,75.62751516503081,3.6025305215200008,212,"['Feature 0', 'Feature 1', 'Feature 2']",High quality skincare product with premium ingredients,['https://placeholder-images.com/product_579.jpg']
B00000580,BrandC Tools Product 580,Tools,41.689209207808034,4.460492294180292,50,"['Feature 0', 'Feature 1', 'Feature 2']",High quality tools product with premium ingredients,['https://placeholder-images.com/product_580.jpg']
B00000581,BrandC Fragrance Product 581,Fragrance,136.4052993268782,4.704527748782363,882,"['Feature 0', 'Feature 1', 'Feature 2']",High quality fragrance product with premium ingredients,['https://placeholder-images.com/product_581.jpg']
B00000582,BrandF Tools Product 582,Tools,57.65681806893906,4.9780567167003476,264,"['Feature 0', 'Feature 1', 'Feature 2']",High quality tools product with premium ingredients,['https://placeholder-images.com/product_582.jpg']
B00000583,BrandF Tools Product 583,Tools,121.24095901802664,3.0693405334529666,44,"['Feature 0', 'Feature 1', 'Feature 2']",High quality tools product with premium ingredients,['https://placeholder-images.com/product_583.jpg']
B00000584,BrandF Haircare Product 584,Haircare,129.7974531372555,4.0428913780871785,334,"['Feature 0', 'Feature 1', 'Feature 2']",High quality haircare product with premium ingredients,['https://placeholder-images.com/product_584.jpg']
B00000585,BrandE Fragrance Product 585,Fragrance,93.85699114480947,3.229865994119134,210,"['Feature 0', 'Feature 1', 'Feature 2']",High quality fragrance product with premium ingredients,['https://placeholder-images.com/product_585.jpg']
B00000586,BrandA Tools Product 586,Tools,103.68803681133099,4.658573598633511,737,"['Feature 0', 'Feature 1', 'Feature 2']",High quality tools product with premium ingredients,['https://placeholder-images.com/product_586.jpg']
B00000587,BrandE Skincare Product 587,Skincare,107.22306385829923,3.164414127423563,447,"['Feature 0', 'Feature 1', 'Feature 2']",High quality skincare product with premium ingredients,['https://placeholder-images.com/product_587.jpg']
B00000588,BrandF Fragrance Product 588,Fragrance,118.3431518022219,4.203846862030263,35,"['Feature 0', 'Feature 1', 'Feature 2']",High quality fragrance product with premium ingredients,['https://placeholder-images.com/product_588.jpg']
B00000589,BrandE Fragrance Product 589,Fragrance,33.8814676179926,4.896216640342884,559,"['Feature 0', 'Feature 1', 'Feature 2']",High quality fragrance product with premium ingredients,['https://placeholder-images.com/product_589.jpg']
B00000590,BrandA Fragrance Product 590,Fragrance,108.36872823197228,3.4748669367496126,464,"['Feature 0', 'Feature 1', 'Feature 2']",High quality fragrance product with premium ingredients,['https://placeholder-images.com/product_590.jpg']
B00000591,BrandD Fragrance Product 591,Fragrance,42.78582255416799,4.573500670308874,588,"['Feature 0', 'Feature 1', 'Feature 2']",High quality fragrance product with premium ingredients,['https://placeholder-images.com/product_591.jpg']
B00000592,BrandD Bath Product 592,Bath,143.0743473620685,4.2013021330967115,960,"['Feature 0', 'Feature 1', 'Feature 2']",High quality bath product with premium ingredients,['https://placeholder-images.com/product_592.jpg']
B00000593,BrandA Skincare Product 593,Skincare,47.65425241570595,3.8139438192685278,223,"['Feature 0', 'Feature 1', 'Feature 2']",High quality skincare product with premium ingredients,['https://placeholder-images.com/product_593.jpg']
B00000594,BrandB Skincare Product 594,Skincare,60.65943304871942,3.944986710013027,739,"['Feature 0', 'Feature 1', 'Feature 2']",High quality skincare product with premium ingredients,['https://placeholder-images.com/product_594.jpg']
B00000595,BrandC Haircare Product 595,Haircare,48.75400309078281,4.943065381802102,102,"['Feature 0', 'Feature 1', 'Feature 2']",High quality haircare product with premium ingredients,['https://placeholder-images.com/product_595.jpg']
B00000596,BrandA Tools Product 596,Tools,97.15275740216433,3.9394875259813675,441,"['Feature 0', 'Feature 1', 'Feature 2']",High quality tools product with premium ingredients,['https://placeholder-images.com/product_596.jpg']
B00000597,BrandD Tools Product 597,Tools,38.97896098137975,4.033145256891958,58,"['Feature 0', 'Feature 1', 'Feature 2']",High quality tools product with premium ingredients,['https://placeholder-images.com/product_597.jpg']
B00000598,BrandA Bath Product 598,Bath,40.66963327426009,3.0734427250016423,901,"['Feature 0', 'Feature 1', 'Feature 2']",High quality bath product with premium ingredients,['https://placeholder-images.com/product_598.jpg']
B00000599,BrandB Skincare Product 599,Skincare,74.79927370221908,3.877076977074871,713,"['Feature 0', 'Feature 1', 'Feature 2']",High quality skincare product with premium ingredients,['https://placeholder-images.com/product_599.jpg']
B00000600,BrandB Bath Product 600,Bath,51.08843524913703,4.863507438865633,786,"['Feature 0', 'Feature 1', 'Feature 2']",High quality bath product with premium ingredients,['https://placeholder-images.com/product_600.jpg']
B00000601,BrandA Tools Product 601,Tools,96.38931225649218,3.227676786953203,828,"['Feature 0', 'Feature 1', 'Feature 2']",High quality tools product with premium ingredients,['https://placeholder-images.com/product_601.jpg']
B00000602,BrandA Haircare Product 602,Haircare,14.153551229063574,4.350840415094178,503,"['Feature 0', 'Feature 1', 'Feature 2']",High quality haircare product with premium ingredients,['https://placeholder-images.com/product_602.jpg']
B00000603,BrandC Haircare Product 603,Haircare,28.408476785717426,3.549463051039039,10,"['Feature 0', 'Feature 1', 'Feature 2']",High quality haircare product with premium ingredients,['https://placeholder-images.com/product_603.jpg']
B00000604,BrandC Fragrance Product 604,Fragrance,67.54295053717641,4.81522200511311,118,"['Feature 0', 'Feature 1', 'Feature 2']",High quality fragrance product with premium ingredients,['https://placeholder-images.com/product_604.jpg']
B00000605,BrandE Fragrance Product 605,Fragrance,53.312180500789495,4.647580768442589,112,"['Feature 0', 'Feature 1', 'Feature 2']",High quality fragrance product with premium ingredients,['https://placeholder-images.com/product_605.jpg']
B00000606,BrandB Fragrance Product 606,Fragrance,110.99508315488036,4.7257610058248245,183,"['Feature 0', 'Feature 1', 'Feature 2']",High quality fragrance product with premium ingredients,['https://placeholder-images.com/product_606.jpg']
B00000607,BrandE Bath Product 607,Bath,126.14225796113504,3.081117475089363,861,"['Feature 0', 'Feature 1', 'Feature 2']",High quality bath product with premium ingredients,['https://placeholder-images.com/product_607.jpg']
B00000608,BrandB Makeup Product 608,Makeup,26.028269329226717,3.767677766089959,648,"['Feature 0', 'Feature 1', 'Feature 2']",High quality makeup product with premium ingredients,['https://placeholder-images.com/product_608.jpg']
B00000609,BrandB Fragrance Product 609,Fragrance,22.919870890256014,4.192643037720737,945,"['Feature 0', 'Feature 1', 'Feature 2']",High quality fragrance product with premium ingredients,['https://placeholder-images.com/product_609.jpg']
B00000610,BrandA Fragrance Product 610,Fragrance,19.941073034655766,3.160360028163807,664,"['Feature 0', 'Feature 1', 'Feature 2']",High quality fragrance product with premium ingredients,['https://placeholder-images.com/product_610.jpg']
B00000611,BrandB Skincare Product 611,Skincare,103.60017054120797,4.35733991334513,459,"['Feature 0', 'Feature 1', 'Feature 2']",High quality skincare product with premium ingredients,['https://placeholder-images.com/product_611.jpg']
B00000612,BrandC Haircare Product 612,Haircare,93.81693632467363,4.004307219923974,572,"['Feature 0', 'Feature 1', 'Feature 2']",High quality haircare product with premium ingredients,['https://placeholder-images.com/product_612.jpg']
B00000613,BrandA Bath Product 613,Bath,95.76028556827468,4.74739718693269,93,"['Feature 0', 'Feature 1', 'Feature 2']",High quality bath product with premium ingredients,['https://placeholder-images.com/product_613.jpg']
B00000614,BrandC Bath Product 614,Bath,113.73737503844099,4.059983045852837,396,"['Feature 0', 'Feature 1', 'Feature 2']",High quality bath product with premium ingredients,['https://placeholder-images.com/product_614.jpg']
B00000615,BrandB Bath Product 615,Bath,11.638925502326568,3.844068520255278,428,"['Feature 0', 'Feature 1', 'Feature 2']",High quality bath product with premium ingredients,['https://placeholder-images.com/product_615.jpg']
B00000616,BrandA Haircare Product 616,Haircare,21.814933276235926,3.798737496789382,366,"['Feature 0', 'Feature 1', 'Feature 2']",High quality haircare product with premium ingredients,['https://placeholder-images.com/product_616.jpg']
B00000617,BrandF Tools Product 617,Tools,88.20993550305955,3.6863347063453165,288,"['Feature 0', 'Feature 1', 'Feature 2']",High quality tools product with premium ingredients,['https://placeholder-images.com/product_617.jpg']
B00000618,BrandF Skincare Product 618,Skincare,128.38461081858696,4.38498565333845,667,"['Feature 0', 'Feature 1', 'Feature 2']",High quality skincare product with premium ingredients,['https://placeholder-images.com/product_618.jpg']
B00000619,BrandC Fragrance Product 619,Fragrance,20.86605026240172,4.085068737064503,643,"['Feature 0', 'Feature 1', 'Feature 2']",High quality fragrance product with premium ingredients,['https://placeholder-images.com/product_619.jpg']
B00000620,BrandD Bath Product 620,Bath,41.67907514999246,3.768479240274763,204,"['Feature 0', 'Feature 1', 'Feature 2']",High quality bath product with premium ingredients,['https://placeholder-images.com/product_620.jpg']
B00000621,BrandD Fragrance Product 621,Fragrance,138.32893301776903,3.8619704410265925,369,"['Feature 0', 'Feature 1', 'Feature 2']",High quality fragrance product with premium ingredients,['https://placeholder-images.com/product_621.jpg']
B00000622,BrandB Haircare Product 622,Haircare,61.80732685439573,3.054840619945315,389,"['Feature 0', 'Feature 1', 'Feature 2']",High quality haircare product with premium ingredients,['https://placeholder-images.com/product_622.jpg']
B00000623,BrandB Skincare Product 623,Skincare,33.360428237825396,3.861058676924415,205,"['Feature 0', 'Feature 1', 'Feature 2']",High quality skincare product with premium ingredients,['https://placeholder-images.com/product_623.jpg']
B00000624,BrandA Tools Product 624,Tools,58.42284450330004,3.3089194944466476,678,"['Feature 0', 'Feature 1', 'Feature 2']",High quality tools product with premium ingredients,['https://placeholder-images.com/product_624.jpg']
B00000625,BrandD Makeup Product 625,Makeup,63.047438928234016,3.01342078060812,488,"['Feature 0', 'Feature 1', 'Feature 2']",High quality makeup product with premium ingredients,['https://placeholder-images.com/product_625.jpg']
B00000626,BrandF Haircare Product 626,Haircare,93.43843790568745,3.202519829230318,585,"['Feature 0', 'Feature 1', 'Feature 2']",High quality haircare product with premium ingredients,['https://placeholder-images.com/product_626.jpg']
B00000627,BrandB Tools Product 627,Tools,127.84127064425465,4.160443037570059,495,"['Feature 0', 'Feature 1', 'Feature 2']",High quality tools product with premium ingredients,['https://placeholder-images.com/product_627.jpg']
B00000628,BrandD Skincare Product 628,Skincare,33.43036263940792,4.944050512993182,935,"['Feature 0', 'Feature 1', 'Feature 2']",High quality skincare product with premium ingredients,['https://placeholder-images.com/product_628.jpg']
B00000629,BrandC Haircare Product 629,Haircare,144.96243699647832,3.7684134259716005,164,"['Feature 0', 'Feature 1', 'Feature 2']",High quality haircare product with premium ingredients,['https://placeholder-images.com/product_629.jpg']
B00000630,BrandF Bath Product 630,Bath,139.589226203547,3.828300448656454,572,"['Feature 0', 'Feature 1', 'Feature 2']",High quality bath product with premium ingredients,['https://placeholder-images.com/product_630.jpg']
B00000631,BrandF Makeup Product 631,Makeup,115.86990595302476,3.9170460177637816,551,"['Feature 0', 'Feature 1', 'Feature 2']",High quality makeup product with premium ingredients,['https://placeholder-images.com/product_631.jpg']
B00000632,BrandE Makeup Product 632,Makeup,126.96723309352586,3.740793972550613,133,"['Feature 0', 'Feature 1', 'Feature 2']",High quality makeup product with premium ingredients,['https://placeholder-images.com/product_632.jpg']
B00000633,BrandC Tools Product 633,Tools,134.37651412321537,4.205885752958923,210,"['Feature 0', 'Feature 1', 'Feature 2']",High quality tools product with premium ingredients,['https://placeholder-images.com/product_633.jpg']
B00000634,BrandE Skincare Product 634,Skincare,50.3767612946244,4.922270970815186,509,"['Feature 0', 'Feature 1', 'Feature 2']",High quality skincare product with premium ingredients,['https://placeholder-images.com/product_634.jpg']
B00000635,BrandE Skincare Product 635,Skincare,145.90390151481475,4.547077783069128,78,"['Feature 0', 'Feature 1', 'Feature 2']",High quality skincare product with premium ingredients,['https://placeholder-images.com/product_635.jpg']
B00000636,BrandA Tools Product 636,Tools,87.51960795012157,4.083409624820008,863,"['Feature 0', 'Feature 1', 'Feature 2']",High quality tools product with premium ingredients,['https://placeholder-images.com/product_636.jpg']
B00000637,BrandC Tools Product 637,Tools,127.39689008639594,3.7123712942351883,363,"['Feature 0', 'Feature 1', 'Feature 2']",High quality tools product with premium ingredients,['https://placeholder-images.com/product_637.jpg']
B00000638,BrandC Tools Product 638,Tools,34.80392953806117,4.014892732239485,392,"['Feature 0', 'Feature 1', 'Feature 2']",High quality tools product with premium ingredients,['https://placeholder-images.com/product_638.jpg']
B00000639,BrandE Fragrance Product 639,Fragrance,145.29843402129703,4.115417652500088,508,"['Feature 0', 'Feature 1', 'Feature 2']",High quality fragrance product with premium ingredients,['https://placeholder-images.com/product_639.jpg']
B00000640,BrandD Skincare Product 640,Skincare,91.61781966304434,4.999427608311828,918,"['Feature 0', 'Feature 1', 'Feature 2']",High quality skincare product with premium ingredients,['https://placeholder-images.com/product_640.jpg']
B00000641,BrandC Makeup Product 641,Makeup,39.023260446258114,4.564776658920175,108,"['Feature 0', 'Feature 1', 'Feature 2']",High quality makeup product with premium ingredients,['https://placeholder-images.com/product_641.jpg']
B00000642,BrandB Fragrance Product 642,Fragrance,97.27683414232162,4.138754722364565,771,"['Feature 0', 'Feature 1', 'Feature 2']",High quality fragrance product with premium ingredients,['https://placeholder-images.com/product_642.jpg']
B00000643,BrandE Haircare Product 643,Haircare,112.31452401965323,3.2959682947316695,526,"['Feature 0', 'Feature 1', 'Feature 2']",High quality haircare product with premium ingredients,['https://placeholder-images.com/product_643.jpg']
B00000644,BrandE Skincare Product 644,Skincare,86.02344175407285,3.4554994722064194,73,"['Feature 0', 'Feature 1', 'Feature 2']",High quality skincare product with premium ingredients,['https://placeholder-images.com/product_644.jpg']
B00000645,BrandE Haircare Product 645,Haircare,93.87688190564552,3.706921481093565,568,"['Feature 0', 'Feature 1', 'Feature 2']",High quality haircare product with premium ingredients,['https://placeholder-images.com/product_645.jpg']
B00000646,BrandF Fragrance Product 646,Fragrance,28.291328135284807,4.58101958854977,485,"['Feature 0', 'Feature 1', 'Feature 2']",High quality fragrance product with premium ingredients,['https://placeholder-images.com/product_646.jpg']
B00000647,BrandA Tools Product 647,Tools,105.30582501446798,3.933564154462376,533,"['Feature 0', 'Feature 1', 'Feature 2']",High quality tools product with premium ingredients,['https://placeholder-images.com/product_647.jpg']
B00000648,BrandA Bath Product 648,Bath,142.87570003252168,4.025804832294395,629,"['Feature 0', 'Feature 1', 'Feature 2']",High quality bath product with premium ingredients,['https://placeholder-images.com/product_648.jpg']
B00000649,BrandD Fragrance Product 649,Fragrance,130.89665315203632,4.177463044262639,771,"['Feature 0', 'Feature 1', 'Feature 2']",High quality fragrance product with premium ingredients,['https://placeholder-images.com/product_649.jpg']
