userId,235,118758
5,-0.66,
20,-0.16,
21,-0.66,
23,-0.66,
27,-0.66,
29,-0.66,
32,-0.66,
46,1.34,
54,-0.66,
58,-0.16,
69,-1.66,
88,0.34,
91,-0.16,
100,0.34,
101,-0.66,
104,0.34,
108,1.34,
112,0.34,
133,-0.66,
134,-0.66,
147,-0.66,
152,-0.16,
154,0.34,
158,1.34,
202,-0.66,
204,0.84,
215,0.34,
224,0.34,
228,-0.66,
249,-0.66,
263,1.34,
264,-1.66,
278,-0.16,
283,0.34,
295,-0.66,
310,-0.66,
330,0.34,
348,0.84,
358,-0.66,
381,-0.66,
387,0.34,
394,1.34,
406,-1.66,
413,0.84,
414,0.34,
425,0.84,
427,0.34,
435,-0.66,
445,-1.66,
448,1.34,
457,0.34,
461,-0.66,
463,-0.66,
466,-0.66,
473,1.34,
490,1.34,
492,0.34,
496,0.34,
525,0.34,
532,0.84,
537,-0.16,
552,-2.66,
566,-0.66,
569,-0.66,
579,-0.66,
587,1.34,
603,-0.66,
614,-0.66,
620,-0.66,
647,-0.16,
648,0.34,
650,0.84,
652,1.34,
662,-0.16,
672,0.34,
699,-0.66,
702,0.34,
705,-0.66,
710,0.34,
721,-0.66,
722,1.34,
725,1.34,
741,0.84,
749,1.34,
775,1.34,
777,0.34,
782,-1.66,
796,0.34,
799,-1.66,
802,0.34,
846,-0.66,
848,-0.66,
853,-0.66,
857,-1.66,
868,0.84,
903,0.34,
907,0.84,
910,-0.66,
911,-0.66,
918,0.34,
920,-0.66,
936,0.34,
950,-0.66,
955,-0.66,
971,-0.16,
978,1.34,
982,-0.16,
984,-2.66,
986,0.34,
993,1.34,
1007,-0.66,
1011,1.34,
1012,0.34,
1030,-0.66,
1041,-0.66,
1045,0.34,
1052,-0.66,
1058,-0.66,
1072,-0.66,
1082,0.34,
1087,-0.66,
1093,-1.66,
1095,-2.66,
1102,1.34,
1105,0.34,
1116,-2.66,
1126,-0.66,
1133,0.34,
1144,-0.66,
1147,-0.16,
1154,0.34,
1165,0.34,
1174,-0.66,
1186,-0.66,
1191,0.34,
1200,0.34,
1208,0.34,
1209,-0.16,
1212,0.34,
1215,-0.66,
1222,0.34,
1228,0.34,
1258,0.34,
1259,1.34,
1264,-0.66,
1276,0.34,
1280,-0.66,
1296,1.34,
1301,-0.66,
1313,1.34,
1326,0.34,
1338,-0.16,
1350,-1.66,
1357,-0.66,
1359,0.34,
1362,0.34,
1376,1.34,
1391,-2.66,
1392,0.34,
1400,0.34,
1403,-2.66,
1406,-3.16,
1411,0.34,
1412,1.34,
1422,0.34,
1423,1.34,
1436,-0.66,
1439,0.84,
1450,-0.66,
1453,0.34,
1470,0.34,
1500,0.34,
1507,-0.66,
1513,0.34,
1514,0.34,
1515,0.84,
1523,-0.66,
1525,-0.16,
1530,-1.66,
1555,-0.66,
1567,1.34,
1568,-0.16,
1592,1.34,
1595,-0.66,
1616,-1.16,
1617,-0.66,
1627,0.34,
1628,-1.66,
1635,-0.66,
1638,0.34,
1640,-1.16,
1643,-2.66,
1644,0.84,
1645,0.34,
1667,0.34,
1672,-0.66,
1676,0.34,
1698,-0.66,
1702,-0.66,
1709,0.34,
1715,1.34,
1718,0.34,
1729,0.34,
1753,-0.66,
1763,0.34,
1764,-1.66,
1769,-0.16,
1771,-0.66,
1772,-0.66,
1792,-0.66,
1807,-0.66,
1808,-0.66,
1813,0.34,
1815,-0.66,
1825,0.34,
1845,-0.66,
1849,-0.16,
1851,0.34,
1855,-0.66,
1864,-0.66,
1869,1.34,
1876,-1.66,
1889,0.34,
1902,-0.16,
1908,0.34,
1928,1.34,
1931,-0.66,
1937,0.34,
1942,0.34,
1951,-0.16,
1963,-0.16,
1970,0.34,
1972,0.34,
1983,1.34,
1985,-0.66,
2001,-0.16,
2006,-0.66,
2008,-1.66,
2013,0.84,
2034,0.84,
2051,-1.16,
2066,-0.66,
2071,-0.16,
2080,-0.66,
2083,0.34,
2084,-2.66,
2088,-0.66,
2094,1.34,
2099,0.34,
2116,1.34,
2126,0.34,
2127,0.34,
2130,-0.66,
2139,-0.16,
2171,0.34,
2191,-0.66,
2198,0.34,
2209,-0.66,
2229,-0.66,
2232,-0.16,
2233,1.34,
2234,0.84,
2241,0.34,
2256,-1.66,
2257,-0.66,
2261,-0.66,
2269,1.34,
2270,-1.66,
2271,-0.66,
2278,0.34,
2279,-0.16,
2296,-0.66,
2311,-0.66,
2313,1.34,
2323,-0.66,
2324,-2.66,
2330,0.84,
2344,1.34,
2349,1.34,
2352,-1.66,
2362,-3.16,
2378,0.34,
2397,-0.66,
2412,0.34,
2424,1.34,
2430,0.34,
2436,0.34,
2462,-1.66,
2467,0.34,
2468,-0.66,
2476,0.34,
2514,1.34,
2527,-1.66,
2540,0.34,
2543,0.34,
2554,1.34,
2558,-1.16,
2562,-0.66,
2568,-2.66,
2576,-1.66,
2577,-0.66,
2580,0.34,
2590,1.34,
2595,0.34,
2602,-0.66,
2614,-0.66,
2616,-0.66,
2631,-0.66,
2633,1.34,
2638,1.34,
2640,0.34,
2643,-1.66,
2647,-0.66,
2649,-1.66,
2653,0.34,
2661,0.84,
2669,0.34,
2671,0.34,
2675,-0.66,
2678,0.34,
2691,0.84,
2707,-2.66,
2711,0.34,
2720,-0.66,
2732,-0.66,
2734,-0.66,
2740,0.34,
2743,-2.66,
2757,0.34,
2762,0.34,
2772,-0.66,
2773,0.34,
2777,0.34,
2780,0.34,
2784,0.34,
2793,0.34,
2816,0.84,
2841,-0.66,
2842,0.34,
2848,1.34,
2883,0.34,
2885,0.34,
2900,1.34,
2902,1.34,
2903,0.34,
2910,1.34,
2914,-0.16,
2915,-0.66,
2919,0.34,
2926,0.34,
2937,1.34,
2942,0.34,
2945,-0.16,
2958,-0.66,
2974,1.34,
2979,-0.66,
2982,0.34,
2988,-0.16,
3011,0.34,
3013,-0.66,
3018,0.34,
3020,-0.66,
3028,0.84,
3031,-0.66,
3033,0.34,
3051,0.34,
3053,0.34,
3068,1.34,
3072,0.34,
3074,0.34,
3080,0.34,
3086,-1.66,
3090,-0.66,
3094,-0.16,
3097,1.34,
3101,0.34,
3109,-0.66,
3138,0.34,
3148,0.34,
3184,0.84,
3192,1.34,
3197,-0.66,
3199,0.34,
3202,1.34,
3207,-1.66,
3208,1.34,
3236,-2.66,
3239,1.34,
3249,-0.66,
3254,-3.16,
3257,1.34,
3264,-0.66,
3268,0.84,
3269,1.34,
3273,0.34,
3274,0.34,
3275,1.34,
3284,0.84,
3295,0.84,
3311,-0.66,
3316,-0.66,
3318,1.34,
3327,0.84,
3338,-1.66,
3340,1.34,
3352,0.34,
3360,0.34,
3369,0.34,
3371,-0.66,
3393,-0.16,
3398,0.34,
3399,-0.66,
3406,-0.66,
3417,0.84,
3427,-0.66,
3433,1.34,
3435,0.34,
3439,-0.66,
3450,0.34,
3473,-0.16,
3490,-0.16,
3499,-0.66,
3502,1.34,
3504,1.34,
3515,1.34,
3534,1.34,
3538,0.34,
3543,-0.16,
3545,-0.66,
3565,0.34,
3569,0.34,
3572,0.34,
3576,-0.16,
3585,-0.66,
3589,-0.66,
3604,1.34,
3609,-0.66,
3621,-1.66,
3622,-2.66,
3625,0.34,
3628,1.34,
3629,0.34,
3639,0.84,
3641,-0.16,
3648,0.34,
3651,-0.66,
3654,0.34,
3660,-1.16,
3664,0.34,
3670,-0.66,
3673,-0.66,
3676,-0.16,
3681,0.34,
3688,-0.16,
3697,-0.16,
3700,1.34,
3704,1.34,
3726,-0.66,
3728,-0.66,
3729,-2.66,
3743,-1.66,
3768,1.34,
3793,0.34,
3797,-1.66,
3803,-0.66,
3816,1.34,
3827,0.34,
3851,-0.66,
3858,-1.16,
3862,-0.66,
3870,0.34,
3874,-0.66,
3890,1.34,
3894,0.84,
3899,-1.66,
3907,-0.16,
3928,0.34,
3930,0.34,
3934,-0.66,
3955,0.34,
3965,-0.16,
3984,-0.66,
3990,-1.66,
3998,1.34,
3999,0.84,
4008,0.34,
4020,-2.66,
4084,1.34,
4087,-0.66,
4101,-0.66,
4105,0.34,
4110,0.34,
4116,1.34,
4125,-1.66,
4129,-0.16,
4133,-1.66,
4135,0.34,
4137,0.34,
4138,0.34,
4140,-2.66,
4150,1.34,
4155,1.34,
4158,0.34,
4178,-2.66,
4191,0.34,
4193,1.34,
4197,0.34,
4215,1.34,
4222,0.84,
4229,-1.66,
4237,1.34,
4254,0.34,
4275,-0.66,
4276,0.34,
4285,0.34,
4287,0.34,
4290,-1.66,
4295,0.34,
4302,-0.16,
4324,0.34,
4331,0.34,
4347,-0.66,
4358,0.34,
4366,1.34,
4367,-1.66,
4369,0.34,
4370,-1.66,
4392,0.34,
4402,1.34,
4417,-0.16,
4420,-1.66,
4421,0.34,
4423,0.34,
4436,-0.66,
4454,0.84,
4459,-2.66,
4466,1.34,
4469,0.34,
4497,-0.66,
4507,0.34,
4526,-0.66,
4529,0.84,
4531,0.34,
4548,0.34,
4551,0.34,
4556,0.34,
4560,-0.66,
4562,0.34,
4563,0.34,
4569,-0.66,
4581,1.34,
4590,0.34,
4594,1.34,
4598,-0.16,
4601,-1.66,
4603,-0.66,
4615,-0.16,
4618,1.34,
4619,0.34,
4624,-0.66,
4629,-0.16,
4635,-0.66,
4636,1.34,
4642,-0.66,
4644,-0.66,
4649,-0.66,
4661,0.34,
4664,-0.66,
4671,-0.66,
4677,0.34,
4686,0.84,
4695,-0.66,
4696,0.34,
4699,-1.66,
4701,-0.66,
4702,-0.66,
4721,1.34,
4722,-0.66,
4728,0.34,
4736,-0.66,
4758,-0.66,
4759,1.34,
4763,1.34,
4765,0.34,
4776,0.34,
4784,0.84,
4797,0.34,
4810,-0.66,
4828,0.34,
4832,-0.66,
4864,0.34,
4865,-0.66,
4870,1.34,
4883,0.34,
4884,0.34,
4888,0.34,
4892,-0.66,
4902,-1.66,
4907,-0.66,
4914,0.34,
4916,0.34,
4918,0.34,
4934,1.34,
4941,1.34,
4948,-0.66,
4955,-0.66,
4962,0.34,
4967,-0.66,
4974,-0.16,
4975,0.34,
4986,-0.66,
4992,0.34,
5000,1.34,
5007,0.34,
5008,0.34,
5014,0.34,
5017,0.34,
5021,-1.66,
5030,0.34,
5034,0.34,
5046,0.34,
5048,-0.66,
5063,-2.16,
5065,-1.66,
5082,-1.66,
5084,-1.66,
5092,0.34,
5094,-0.66,
5102,-0.16,
5107,0.34,
5110,-0.66,
5138,0.34,
5156,0.34,
5186,-0.66,
5195,0.34,
5209,-0.66,
5210,0.34,
5223,0.34,
5264,-0.16,
5265,-0.66,
5269,0.34,
5276,-1.66,
5293,-0.66,
5296,0.34,
5334,0.34,
5337,-0.16,
5350,-2.16,
5352,-0.66,
5365,0.34,
5366,1.34,
5382,0.34,
5384,-0.66,
5393,-0.16,
5398,0.34,
5399,-0.66,
5406,0.34,
5410,0.84,
5412,-1.66,
5414,-0.66,
5418,0.34,
5425,-0.66,
5441,0.34,
5465,-0.16,
5475,-0.66,
5483,-1.66,
5495,-0.16,
5510,0.34,
5513,0.34,
5518,0.34,
5524,0.34,
5543,1.34,
5544,1.34,
5556,0.34,
5558,-0.66,
5561,0.34,
5576,0.34,
5592,-0.66,
5596,1.34,
5604,0.34,
5613,0.34,
5615,0.34,
5621,1.34,
5623,-1.66,
5630,-0.66,
5636,1.34,
5638,1.34,
5640,-1.66,
5642,-0.16,
5658,0.34,
5662,1.34,
5664,0.84,
5691,-1.16,
5698,-0.66,
5699,-0.66,
5723,0.34,
5726,0.34,
5729,1.34,
5730,1.34,
5737,0.34,
5745,-0.66,
5771,-0.66,
5789,0.34,
5798,-1.66,
5814,0.34,
5825,0.84,
5826,-0.66,
5827,1.34,
5838,1.34,
5843,0.34,
5851,1.34,
5875,0.34,
5877,0.34,
5878,0.84,
5881,-0.66,
5896,0.34,
5906,1.34,
5921,-0.66,
5922,0.34,
5927,-0.66,
5950,-0.66,
5958,-2.66,
5967,-0.66,
5970,-0.16,
5972,0.34,
5984,1.34,
5993,1.34,
6000,-2.66,
6008,-0.66,
6012,-0.66,
6015,-0.66,
6017,0.34,
6020,-0.66,
6026,1.34,
6027,0.34,
6031,1.34,
6038,0.34,
6040,-0.66,
6047,-1.66,
6050,-0.66,
6060,1.34,
6083,-2.66,
6099,0.84,
6114,0.34,
6116,0.34,
6129,-0.66,
6137,-1.16,
6142,0.34,
6145,1.34,
6165,-0.66,
6166,0.34,
6167,0.34,
6168,0.34,
6169,-0.66,
6175,-0.66,
6177,0.34,
6190,-0.16,
6198,0.34,
6200,-0.66,
6201,-0.66,
6206,-1.16,
6228,0.34,
6232,0.34,
6241,-0.66,
6247,0.34,
6260,0.34,
6289,1.34,
6314,0.34,
6319,-0.66,
6337,0.34,
6348,-1.66,
6349,0.34,
6351,-0.66,
6356,-0.66,
6366,-1.66,
6369,-1.16,
6371,-3.16,
6373,-1.66,
6389,-0.66,
6409,-0.66,
6418,-0.66,
6424,1.34,
6448,-1.66,
6467,-1.66,
6468,0.34,
6475,0.34,
6480,0.34,
6486,0.34,
6497,-0.66,
6501,0.34,
6506,1.34,
6514,-0.16,
6559,-0.66,
6561,-0.16,
6569,0.34,
6574,0.34,
6575,0.84,
6586,1.34,
6593,0.34,
6602,0.34,
6607,0.34,
6611,1.34,
6621,-0.66,
6625,0.34,
6628,-0.66,
6630,0.34,
6636,1.34,
6638,0.34,
6639,1.34,
6670,1.34,
6676,0.34,
6719,0.84,
6720,-0.16,
6722,1.34,
6734,1.34,
6739,-0.66,
6740,-1.66,
6764,1.34,
6766,0.34,
6775,0.34,
6792,0.34,
6800,1.34,
6803,-0.66,
6804,-0.66,
6814,0.34,
6815,1.34,
6816,0.34,
6825,0.34,
6836,-1.66,
6843,-0.16,
6847,0.34,
6854,0.34,
6873,1.34,
6880,0.34,
6890,-0.66,
6912,1.34,
6917,0.34,
6921,0.84,
6940,0.34,
6959,0.34,
6964,0.34,
6978,-0.66,
6988,-0.16,
7025,1.34,
7043,1.34,
7044,-0.66,
7048,0.34,
7051,0.84,
7055,0.34,
7056,0.34,
7061,0.34,
7067,-0.66,
7077,0.34,
7084,0.34,
7102,-2.66,
7107,1.34,
7115,-0.66,
7122,-1.66,
7131,0.34,
7133,0.34,
7161,1.34,
7186,-0.16,
7187,-0.66,
7194,0.84,
7201,0.84,
7229,0.34,
7243,-0.16,
7256,1.34,
7261,0.34,
7266,-1.66,
7286,0.34,
7300,-0.66,
7301,-0.66,
7307,-0.66,
7321,1.34,
7334,0.34,
7335,1.34,
7355,-2.66,
7362,-0.66,
7370,-0.16,
7377,0.34,
7383,1.34,
7403,0.34,
7419,0.34,
7439,1.34,
7444,1.34,
7459,1.34,
7469,1.34,
7482,-2.66,
7487,0.34,
7488,0.34,
7509,-0.66,
7531,0.34,
7542,-0.66,
7546,1.34,
7552,-0.66,
7557,0.84,
7577,0.34,
7581,-0.66,
7588,0.34,
7590,1.34,
7595,1.34,
7608,-0.66,
7609,-0.66,
7614,-1.66,
7618,-1.66,
7623,1.34,
7629,0.34,
7635,0.34,
7648,-1.16,
7651,-0.66,
7653,-0.66,
7664,-1.66,
7668,1.34,
7670,-0.66,
7691,-0.66,
7693,0.84,
7697,0.34,
7699,0.84,
7713,-0.66,
7717,1.34,
7723,-0.66,
7724,-0.66,
7727,0.34,
7735,-1.66,
7739,0.34,
7766,0.34,
7775,0.34,
7778,0.34,
7784,0.84,
7786,0.84,
7795,1.34,
7807,-2.66,
7815,-0.66,
7823,-0.66,
7824,1.34,
7836,0.34,
7858,-0.66,
7877,-2.66,
7880,-0.66,
7899,-0.16,
7908,0.34,
7916,0.34,
7920,-0.66,
7945,-1.66,
7955,1.34,
7956,-0.66,
7985,1.34,
7987,1.34,
7991,-0.66,
7996,1.34,
7997,-0.16,
7998,1.34,
8004,-1.16,
8016,1.34,
8060,-1.66,
8066,-0.66,
8072,1.34,
8076,-2.66,
8081,-0.66,
8082,1.34,
8095,1.34,
8099,1.34,
8104,1.34,
8118,-0.16,
8119,-0.66,
8138,-0.66,
8152,-0.16,
8162,-0.66,
8167,1.34,
8169,-0.66,
8172,1.34,
8182,1.34,
8184,1.34,
8187,-0.66,
8189,-0.66,
8198,-0.66,
8204,-1.66,
8207,-0.66,
8218,0.34,
8230,-0.66,
8231,-0.66,
8233,-2.66,
8239,-0.66,
8249,-0.66,
8263,-0.66,
8272,-0.66,
8278,-1.66,
8281,0.34,
8293,-1.66,
8300,-0.66,
8312,-0.66,
8322,0.34,
8324,-0.66,
8325,-1.66,
8343,-0.66,
8352,1.34,
8360,0.34,
8362,1.34,
8382,0.34,
8394,0.34,
8405,1.34,
8406,0.34,
8418,-0.66,
8423,-0.66,
8432,0.34,
8454,1.34,
8459,0.34,
8470,-0.66,
8479,0.34,
8482,1.34,
8492,0.34,
8495,0.34,
8498,0.34,
8503,0.34,
8505,0.34,
8530,-0.66,
8538,0.84,
8562,-1.66,
8568,0.84,
8575,0.84,
8589,0.34,
8596,0.34,
8598,0.34,
8600,-2.66,
8607,-0.16,
8613,1.34,
8620,-0.66,
8623,0.34,
8639,1.34,
8644,1.34,
8647,0.34,
8651,-3.16,
8652,1.34,
8654,-1.66,
8669,0.34,
8713,1.34,
8720,0.34,
8741,-0.66,
8772,-0.66,
8784,1.34,
8786,0.34,
8787,-0.66,
8797,0.34,
8802,-0.66,
8805,0.34,
8807,-0.66,
8809,-0.66,
8825,1.34,
8864,0.34,
8868,-1.66,
8872,-0.66,
8876,-0.66,
8882,-0.66,
8883,-2.66,
8891,1.34,
8895,0.84,
8896,0.34,
8900,-0.66,
8903,1.34,
8909,0.34,
8916,-0.66,
8923,-0.66,
8932,1.34,
8935,0.34,
8943,-1.66,
8962,0.34,
8963,-0.66,
8966,0.34,
8967,0.34,
8973,0.34,
8977,0.34,
8991,-0.66,
8996,0.34,
9002,-2.66,
9026,-0.66,
9032,-0.16,
9034,0.34,
9035,0.34,
9037,-0.66,
9039,0.34,
9041,1.34,
9050,-1.66,
9086,0.34,
9087,-0.66,
9096,1.34,
9101,-0.16,
9121,0.34,
9129,0.84,
9133,-0.66,
9140,-1.66,
9145,0.84,
9154,-0.66,
9157,-0.66,
9160,-1.16,
9173,0.34,
9174,1.34,
9175,-0.66,
9195,-0.66,
9205,-1.66,
9230,-0.16,
9231,1.34,
9235,0.34,
9244,1.34,
9245,0.34,
9246,0.84,
9267,-0.66,
9278,0.34,
9284,0.34,
9285,0.34,
9291,1.34,
9300,-0.16,
9314,0.34,
9321,-0.66,
9322,0.84,
9325,1.34,
9347,-1.66,
9359,0.34,
9362,0.34,
9363,0.34,
9367,0.34,
9369,1.34,
9381,0.34,
9383,-0.66,
9389,-1.16,
9391,0.84,
9394,0.84,
9396,0.34,
9412,-0.66,
9422,-1.66,
9428,-3.16,
9443,0.84,
9452,-0.66,
9463,-1.16,
9465,0.34,
9478,-0.66,
9485,0.34,
9490,1.34,
9495,0.84,
9503,0.34,
9511,0.34,
9512,-0.66,
9519,-0.16,
9523,1.34,
9545,0.34,
9551,0.34,
9562,0.84,
9574,0.34,
9577,-0.16,
9579,-0.66,
9605,1.34,
9609,-0.66,
9619,-0.66,
9646,-0.66,
9649,-0.66,
9651,0.34,
9653,-0.66,
9663,-0.66,
9670,-2.66,
9681,0.34,
9689,1.34,
9693,1.34,
9712,0.34,
9732,-0.66,
9734,-0.66,
9744,-0.16,
9759,-0.66,
9762,0.34,
9768,-0.66,
9770,0.84,
9783,1.34,
9790,1.34,
9797,-0.16,
9799,0.34,
9801,0.34,
9815,0.34,
9841,0.34,
9843,-0.66,
9880,-1.66,
9888,-1.66,
9917,-1.66,
9929,-1.16,
9934,0.34,
9952,0.34,
9957,-0.16,
9959,-0.66,
9964,1.34,
9988,1.34,
9995,-0.66,
10005,1.34,
10024,1.34,
10026,0.34,
10027,0.34,
10055,0.84,
10059,-0.16,
10062,1.34,
10078,1.34,
10092,-0.66,
10105,0.84,
10106,-0.66,
10129,0.34,
10158,0.34,
10172,-0.66,
10175,0.34,
10177,0.34,
10178,0.34,
10179,-1.66,
10190,-0.66,
10198,0.34,
10205,0.34,
10213,-0.66,
10224,1.34,
10228,-0.66,
10248,0.84,
10257,-0.66,
10261,0.34,
10263,0.34,
10271,0.34,
10276,-0.66,
10280,0.34,
10284,1.34,
10291,1.34,
10293,-1.66,
10295,1.34,
10296,1.34,
10298,-0.16,
10301,0.34,
10303,1.34,
10317,-0.66,
10321,-1.66,
10337,1.34,
10339,-1.16,
10347,1.34,
10357,-0.66,
10365,-0.66,
10368,0.34,
10374,1.34,
10383,-0.66,
10389,1.34,
10398,-0.66,
10399,-1.66,
10418,-0.66,
10419,-2.66,
10430,-0.66,
10431,-0.66,
10434,0.34,
10437,-0.16,
10446,1.34,
10456,0.84,
10458,-0.66,
10461,-0.66,
10487,0.34,
10497,0.34,
10502,-0.16,
10514,0.34,
10522,1.34,
10523,0.34,
10534,0.34,
10540,1.34,
10549,1.34,
10553,0.34,
10557,-2.66,
10560,0.34,
10581,-0.66,
10585,-0.66,
10588,0.34,
10601,-0.66,
10606,0.84,
10616,-0.66,
10622,-0.66,
10627,0.84,
10629,-1.66,
10641,-1.66,
10651,0.34,
10673,1.34,
10678,0.84,
10682,0.34,
10686,0.34,
10694,-1.66,
10711,0.34,
10721,-0.66,
10732,-0.66,
10733,1.34,
10760,-1.66,
10761,1.34,
10772,0.34,
10774,0.34,
10803,-0.66,
10808,0.34,
10817,-1.16,
10818,0.34,
10831,0.34,
10844,-0.66,
10850,-0.66,
10855,0.34,
10857,0.34,
10882,-0.66,
10898,0.34,
10906,-1.66,
10916,-0.66,
10922,0.34,
10934,-1.16,
10937,-0.16,
10940,-2.66,
10943,1.34,
10953,1.34,
10958,-0.66,
10969,1.34,
10977,0.34,
10978,-0.66,
10990,0.34,
11005,0.84,
11019,-0.66,
11035,0.34,
11036,-0.66,
11038,-0.16,
11068,-0.66,
11073,0.34,
11074,-1.16,
11081,-0.66,
11097,-0.16,
11118,0.34,
11121,-0.66,
11153,0.34,
11154,0.34,
11155,-2.66,
11166,0.34,
11184,-0.66,
11187,-1.16,
11189,-0.16,
11197,0.34,
11203,0.34,
11217,1.34,
11220,-0.66,
11227,1.34,
11230,0.84,
11246,-0.66,
11248,-1.66,
11254,-0.66,
11257,0.84,
11259,0.34,
11265,-0.16,
11274,0.34,
11278,-0.16,
11292,0.34,
11293,-1.16,
11304,-0.66,
11311,0.34,
11318,0.34,
11329,1.34,
11330,-0.16,
11357,-0.16,
11367,0.34,
11378,0.34,
11381,0.34,
11393,-1.66,
11401,-0.16,
11402,1.34,
11417,-0.66,
11424,-0.16,
11425,0.34,
11426,-0.66,
11434,-0.66,
11436,-0.66,
11443,-0.16,
11461,0.34,
11474,-1.66,
11493,0.84,
11501,0.34,
11515,0.34,
11517,0.84,
11524,0.34,
11525,0.34,
11548,-0.66,
11549,0.34,
11557,-0.66,
11560,0.34,
11579,-1.66,
11591,-0.66,
11615,-0.16,
11618,0.34,
11622,-0.66,
11624,0.34,
11635,-0.66,
11636,1.34,
11639,0.34,
11641,-0.66,
11653,-0.66,
11672,0.34,
11675,-1.66,
11682,1.34,
11684,-0.66,
11692,-0.66,
11702,0.84,
11706,-0.16,
11711,-1.66,
11713,1.34,
11717,-0.66,
11719,0.84,
11728,-2.66,
11734,0.84,
11741,0.34,
11747,0.34,
11761,0.34,
11766,0.34,
11767,-0.66,
11794,1.34,
11800,1.34,
11808,0.34,
11813,-0.16,
11814,-0.66,
11817,0.34,
11821,1.34,
11825,0.34,
11831,1.34,
11843,-0.66,
11861,-0.66,
11865,0.34,
11869,1.34,
11886,-2.66,
11888,-0.66,
11889,0.34,
11900,-0.16,
11902,-1.66,
11910,0.34,
11914,0.34,
11924,0.84,
11943,1.34,
11950,0.34,
11953,0.34,
11984,0.34,
12002,-0.66,
12008,-0.66,
12015,1.34,
12026,-0.16,
12036,-0.66,
12037,0.34,
12046,-0.66,
12055,-0.66,
12057,0.34,
12063,1.34,
12066,0.34,
12069,0.34,
12085,0.34,
12091,0.34,
12092,0.34,
12098,0.34,
12100,-0.66,
12110,0.34,
12118,0.34,
12122,-1.66,
12126,0.34,
12128,0.34,
12130,0.34,
12131,-1.66,
12134,-0.16,
12147,-0.66,
12149,-0.16,
12152,-1.66,
12158,-1.66,
12161,-0.66,
12165,-1.66,
12169,0.34,
12170,-0.66,
12175,-0.66,
12192,1.34,
12200,0.34,
12202,0.34,
12207,-0.16,
12217,-2.66,
12239,-0.16,
12246,-0.66,
12247,0.34,
12258,0.34,
12271,0.84,
12275,-0.66,
12277,0.34,
12285,-1.66,
12288,0.34,
12291,0.34,
12315,1.34,
12322,-0.66,
12340,-0.66,
12344,-2.66,
12350,0.34,
12387,-0.66,
12389,0.34,
12390,1.34,
12393,0.34,
12402,0.84,
12406,-2.66,
12415,-0.66,
12417,0.34,
12419,-0.66,
12428,1.34,
12435,-2.66,
12436,0.34,
12437,0.34,
12452,0.34,
12468,0.34,
12473,1.34,
12480,0.34,
12485,-1.66,
12518,-0.66,
12531,-0.16,
12535,0.34,
12548,0.34,
12553,0.34,
12569,0.34,
12571,0.34,
12576,-0.66,
12590,0.34,
12606,0.34,
12611,1.34,
12615,1.34,
12619,1.34,
12649,0.84,
12653,0.34,
12662,-0.66,
12665,0.34,
12668,0.34,
12670,0.84,
12677,-1.66,
12679,1.34,
12702,1.34,
12707,-0.66,
12717,-0.66,
12722,0.34,
12725,0.34,
12726,0.34,
12736,-2.66,
12740,1.34,
12753,0.34,
12754,-0.66,
12767,0.34,
12768,0.84,
12774,1.34,
12778,0.34,
12783,0.34,
12793,-0.16,
12801,1.34,
12802,0.34,
12811,-2.66,
12848,1.34,
12850,1.34,
12859,0.34,
12860,-0.16,
12866,-0.66,
12881,-0.66,
12892,1.34,
12893,-0.66,
12901,0.84,
12907,1.34,
12918,1.34,
12935,1.34,
12965,-0.66,
12973,0.34,
12975,-0.66,
12992,-0.16,
12994,-1.16,
13005,0.34,
13019,-0.66,
13026,-0.66,
13049,0.84,
13064,-0.16,
13068,0.34,
13069,1.34,
13075,1.34,
13085,-0.66,
13087,1.34,
13088,0.34,
13090,-0.66,
13102,-1.66,
13141,-1.66,
13147,0.84,
13170,1.34,
13172,-0.66,
13174,-0.16,
13195,0.34,
13196,0.34,
13205,-0.66,
13214,-0.66,
13222,0.34,
13231,-0.66,
13232,0.34,
13247,-0.66,
13259,-0.66,
13261,1.34,
13264,-0.66,
13281,-0.66,
13285,-0.66,
13286,1.34,
13289,0.34,
13290,1.34,
13301,0.34,
13302,1.34,
13322,0.34,
13328,-0.66,
13333,-0.66,
13338,-0.66,
13339,-0.66,
13341,-2.66,
13343,-0.16,
13345,0.34,
13348,-2.66,
13357,1.34,
13360,0.34,
13361,0.34,
13363,-0.66,
13367,0.34,
13368,0.84,
13373,-0.66,
13379,0.84,
13385,1.34,
13397,-0.16,
13398,-0.66,
13416,-1.66,
13444,-0.66,
13454,0.34,
13460,0.84,
13465,1.34,
13485,1.34,
13491,1.34,
13495,-0.66,
13528,1.34,
13535,-0.66,
13538,-1.66,
13543,0.84,
13549,-0.66,
13554,0.34,
13576,0.34,
13591,1.34,
13604,-0.66,
13606,-0.16,
13607,0.34,
13608,0.34,
13615,0.34,
13634,0.34,
13644,-0.66,
13649,1.34,
13666,0.34,
13680,0.34,
13684,-0.66,
13687,0.34,
13689,-0.66,
13707,0.34,
13718,-0.66,
13720,1.34,
13723,-0.66,
13732,1.34,
13737,0.34,
13753,1.34,
13760,1.34,
13762,1.34,
13763,-0.66,
13779,0.34,
13781,-0.66,
13784,0.34,
13786,0.34,
13787,-0.66,
13788,-2.66,
13799,0.34,
13803,-0.66,
13822,0.84,
13828,0.34,
13848,-0.66,
13849,0.84,
13858,-0.66,
13864,-0.66,
13868,1.34,
13889,0.34,
13891,0.34,
13899,0.34,
13915,-2.66,
13916,-0.66,
13922,0.84,
13929,1.34,
13931,-1.16,
13938,-0.66,
13939,-0.66,
13942,0.34,
13955,0.34,
13957,0.34,
13970,-0.66,
13984,0.34,
13989,-0.16,
13991,-0.66,
13997,0.34,
13998,-0.66,
14001,-0.66,
14018,1.34,
14022,0.34,
14028,0.34,
14032,0.34,
14034,0.34,
14036,-2.66,
14042,0.34,
14046,1.34,
14052,0.84,
14056,1.34,
14058,-0.16,
14059,0.34,
14060,0.34,
14076,-0.66,
14089,-2.66,
14099,-1.66,
14112,1.34,
14117,1.34,
14132,-0.16,
14141,-0.16,
14148,-0.66,
14151,-0.66,
14154,0.34,
14155,0.34,
14159,0.34,
14164,0.34,
14172,-0.66,
14175,1.34,
14196,-2.16,
14203,-0.66,
14208,-0.66,
14231,0.34,
14249,-2.66,
14253,1.34,
14257,0.34,
14261,1.34,
14274,-0.66,
14280,-0.66,
14296,-0.66,
14303,1.34,
14313,1.34,
14331,-1.16,
14341,1.34,
14348,-1.66,
14354,-0.16,
14355,-0.66,
14359,-0.16,
14389,-0.66,
14392,-0.66,
14398,1.34,
14407,0.34,
14412,1.34,
14421,-0.66,
14432,0.34,
14434,0.34,
14435,-0.66,
14446,0.34,
14449,-0.66,
14451,0.34,
14456,0.34,
14461,1.34,
14476,0.34,
14485,0.34,
14489,0.34,
14491,1.34,
14512,0.84,
14516,-0.16,
14518,0.84,
14519,-1.16,
14528,-0.66,
14534,1.34,
14551,0.34,
14558,-0.66,
14559,0.84,
14562,-0.66,
14572,0.34,
14593,-0.66,
14622,-1.16,
14628,0.34,
14655,0.34,
14656,-0.66,
14665,-0.66,
14678,-1.66,
14705,-0.16,
14721,0.34,
14724,0.34,
14742,-0.16,
14745,0.34,
14746,-0.66,
14751,-0.66,
14771,0.34,
14780,1.34,
14784,0.34,
14789,-0.66,
14798,0.34,
14799,-1.66,
14804,-0.66,
14814,0.34,
14830,-0.66,
14831,-0.66,
14834,-0.66,
14845,0.34,
14850,1.34,
14855,0.34,
14863,0.34,
14869,0.34,
14878,-0.16,
14880,-0.66,
14881,-0.66,
14893,0.84,
14896,0.34,
14902,-1.16,
14930,-0.66,
14935,0.84,
14943,-0.16,
14949,-0.66,
14950,-0.66,
14953,1.34,
14958,-0.16,
14977,0.34,
14986,1.34,
15002,0.34,
15010,-2.66,
15024,-0.66,
15025,-0.66,
15030,0.84,
15033,0.84,
15042,-0.66,
15047,-0.16,
15049,-2.66,
15051,1.34,
15058,0.34,
15065,-0.66,
15066,-0.66,
15075,-0.66,
15083,-0.66,
15092,0.34,
15094,-0.16,
15095,0.34,
15108,0.34,
15116,0.34,
15136,-0.16,
15157,-0.66,
15161,-0.66,
15177,-2.66,
15189,0.34,
15194,-0.16,
15203,-0.66,
15205,-0.66,
15208,0.84,
15218,-0.66,
15221,-2.66,
15222,0.34,
15229,0.84,
15235,-0.66,
15238,0.34,
15245,-0.66,
15249,-1.66,
15266,-1.66,
15284,-0.66,
15290,-0.66,
15299,-0.66,
15303,-0.66,
15313,-0.66,
15320,-0.66,
15322,-1.66,
15330,-0.66,
15344,-0.66,
15357,0.34,
15364,-0.66,
15366,-0.66,
15374,1.34,
15377,-0.66,
15398,-0.66,
15408,1.34,
15447,-0.66,
15452,-3.16,
15455,-2.66,
15457,0.84,
15465,-0.66,
15467,-2.66,
15477,0.34,
15478,-0.16,
15481,-1.66,
15486,-1.16,
15490,0.34,
15494,-1.66,
15495,-0.66,
15496,0.34,
15497,-0.66,
15503,0.34,
15504,0.34,
15506,0.34,
15513,-0.16,
15517,-0.66,
15519,1.34,
15522,1.34,
15523,-0.66,
15529,-0.16,
15537,-0.66,
15543,0.34,
15550,-0.16,
15551,-0.16,
15575,0.34,
15585,-0.16,
15586,1.34,
15589,-0.66,
15606,0.34,
15616,-1.16,
15617,-0.16,
15619,0.34,
15627,-0.66,
15643,0.34,
15648,0.34,
15649,-0.66,
15654,0.34,
15656,0.34,
15665,0.34,
15686,-0.66,
15694,1.34,
15701,-0.66,
15706,0.34,
15720,-0.16,
15733,-2.66,
15741,-2.66,
15750,-0.66,
15751,0.34,
15755,0.34,
15762,0.34,
15768,1.34,
15780,1.34,
15781,1.34,
15789,-1.66,
15802,1.34,
15803,0.34,
15805,-0.66,
15812,0.34,
15814,0.34,
15822,0.34,
15831,-0.66,
15838,0.34,
15842,0.34,
15855,1.34,
15865,-0.66,
15873,0.34,
15882,0.34,
15893,1.34,
15905,-1.16,
15911,-1.66,
15919,0.34,
15922,0.34,
15927,1.34,
15936,0.34,
15939,-0.66,
15967,0.34,
15974,1.34,
15976,0.34,
15985,-0.66,
15997,0.34,
16031,0.34,
16034,1.34,
16041,-1.66,
16044,1.34,
16045,0.34,
16046,0.34,
16048,-0.66,
16062,-0.66,
16075,0.34,
16081,1.34,
16092,0.84,
16097,0.34,
16100,1.34,
16102,1.34,
16104,-0.66,
16105,-0.16,
16107,0.34,
16127,0.34,
16132,-1.66,
16135,0.34,
16140,1.34,
16174,0.84,
16175,-0.16,
16189,-0.66,
16198,0.34,
16206,-0.66,
16234,-1.66,
16237,-0.66,
16238,1.34,
16243,-1.66,
16253,1.34,
16271,-0.66,
16280,0.34,
16295,-1.66,
16297,0.34,
16305,-0.66,
16312,-0.66,
16318,-2.66,
16343,-0.66,
16345,-0.66,
16358,0.34,
16364,0.34,
16378,-1.66,
16388,-0.66,
16391,1.34,
16398,-0.66,
16400,0.34,
16412,0.34,
16425,0.84,
16430,-0.66,
16433,-1.66,
16440,-1.16,
16443,1.34,
16447,0.34,
16451,0.34,
16455,-0.66,
16463,1.34,
16475,0.34,
16480,-0.66,
16505,0.34,
16516,-0.16,
16527,0.34,
16532,0.34,
16543,0.34,
16546,0.34,
16547,-0.66,
16550,0.34,
16551,-1.16,
16562,0.34,
16576,-1.66,
16581,0.34,
16606,0.34,
16607,0.34,
16608,-0.66,
16610,-0.66,
16624,-0.66,
16626,0.34,
16634,0.34,
16645,0.34,
16676,1.34,
16688,-0.66,
16689,1.34,
16699,0.34,
16708,-1.66,
16738,1.34,
16750,-1.66,
16753,-0.66,
16774,0.34,
16780,-0.16,
16785,0.34,
16795,-0.66,
16808,0.34,
16822,0.34,
16831,-3.16,
16840,0.34,
16865,0.34,
16867,1.34,
16893,0.34,
16924,0.34,
16925,1.34,
16930,-1.66,
16936,-0.16,
16938,-0.66,
16946,0.34,
16955,0.34,
16960,1.34,
16977,0.34,
17003,-0.66,
17005,-0.66,
17009,-0.66,
17015,1.34,
17022,0.84,
17040,0.34,
17044,-0.66,
17050,0.34,
17068,-0.66,
17075,0.34,
17086,0.34,
17090,-0.66,
17094,0.34,
17105,1.34,
17107,1.34,
17108,-1.66,
17118,0.34,
17133,0.34,
17138,-1.16,
17157,-2.66,
17161,-0.16,
17163,0.84,
17164,1.34,
17190,1.34,
17198,0.34,
17207,0.84,
17214,0.34,
17230,1.34,
17235,-0.16,
17250,0.84,
17270,0.34,
17293,-0.66,
17307,-1.66,
17311,0.84,
17319,0.34,
17333,-0.16,
17377,0.34,
17380,-0.16,
17382,0.34,
17399,0.34,
17409,0.34,
17417,-0.66,
17421,-0.66,
17426,-0.66,
17438,-0.66,
17440,0.34,
17446,-3.16,
17448,0.34,
17450,0.34,
17455,-0.66,
17457,-0.66,
17458,-0.66,
17459,1.34,
17462,0.34,
17470,-0.66,
17483,0.34,
17486,0.34,
17488,-0.16,
17492,0.34,
17503,0.34,
17514,-0.66,
17515,-0.66,
17523,0.34,
17538,0.34,
17540,1.34,
17566,-2.66,
17569,0.34,
17571,0.34,
17586,-0.66,
17589,1.34,
17595,0.34,
17600,0.34,
17614,1.34,
17631,-1.16,
17633,-0.66,
17640,-1.16,
17670,-0.66,
17683,-0.16,
17699,-1.66,
17703,-0.66,
17709,0.34,
17711,0.34,
17712,-2.66,
17719,0.84,
17736,0.34,
17741,1.34,
17747,1.34,
17762,1.34,
17764,0.34,
17769,-0.16,
17770,0.34,
17781,0.34,
17800,0.34,
17807,-0.66,
17827,-0.66,
17830,0.34,
17834,0.34,
17845,-1.66,
17851,-0.16,
17857,-0.16,
17859,0.34,
17862,-1.66,
17866,-0.66,
17873,0.34,
17884,0.34,
17892,-0.66,
17905,-1.66,
17917,-0.66,
17918,0.84,
17930,0.84,
17940,0.34,
17941,0.34,
17958,-0.66,
17970,1.34,
17977,-0.66,
17996,-0.66,
17998,-0.66,
18004,-2.66,
18007,0.84,
18009,1.34,
18018,-0.66,
18027,0.84,
18031,-0.66,
18044,-0.66,
18057,0.34,
18081,-1.66,
18082,-0.66,
18089,0.34,
18105,0.34,
18112,-0.66,
18117,0.34,
18120,-0.66,
18132,-0.66,
18138,0.84,
18140,-0.66,
18145,0.84,
18161,0.34,
18167,0.34,
18185,0.34,
18189,1.34,
18191,-0.66,
18193,-1.66,
18198,-3.16,
18214,-0.66,
18216,0.84,
18238,0.34,
18240,1.34,
18247,-0.66,
18250,-1.16,
18251,0.34,
18255,1.34,
18259,0.34,
18263,1.34,
18265,0.34,
18270,1.34,
18272,1.34,
18274,1.34,
18275,-0.66,
18278,1.34,
18280,0.84,
18299,0.34,
18327,-0.66,
18334,-0.16,
18338,0.34,
18353,0.34,
18354,-0.66,
18365,0.34,
18367,-0.66,
18368,1.34,
18376,0.34,
18390,0.34,
18391,0.34,
18400,0.34,
18407,-0.66,
18409,-1.66,
18415,1.34,
18416,-0.66,
18442,1.34,
18448,0.34,
18449,0.34,
18458,1.34,
18461,-0.66,
18467,-0.66,
18471,0.84,
18473,1.34,
18479,-0.66,
18480,-0.66,
18485,-0.66,
18496,-0.66,
18513,0.34,
18515,-0.16,
18518,-0.66,
18540,1.34,
18554,0.84,
18555,0.34,
18569,0.34,
18574,-1.16,
18576,-0.66,
18580,0.34,
18588,-1.66,
18589,0.34,
18597,-0.66,
18604,0.84,
18605,-0.66,
18606,1.34,
18611,0.84,
18628,0.34,
18670,1.34,
18673,-0.66,
18684,1.34,
18686,-0.66,
18692,0.34,
18700,-0.66,
18704,-0.66,
18706,-1.16,
18709,0.34,
18711,0.84,
18712,0.84,
18716,-0.66,
18744,0.34,
18745,0.34,
18755,1.34,
18764,1.34,
18765,-2.16,
18791,-0.16,
18795,0.34,
18797,-0.66,
18801,1.34,
18815,-0.16,
18831,-0.66,
18833,-0.66,
18842,-3.16,
18849,-0.66,
18860,-0.66,
18875,0.34,
18877,-0.16,
18892,1.34,
18897,0.84,
18901,-2.66,
18903,0.34,
18915,-1.66,
18925,-0.66,
18929,-0.16,
18932,0.34,
18958,-0.16,
18971,0.34,
18972,-1.66,
18975,0.34,
18977,-0.16,
18980,-1.66,
18987,0.34,
18992,0.34,
19007,-0.66,
19017,-0.66,
19031,0.34,
19032,1.34,
19057,-0.66,
19066,-0.66,
19067,-2.66,
19077,-0.66,
19085,0.34,
19104,-0.16,
19107,0.34,
19108,0.34,
19134,0.34,
19137,0.34,
19139,-1.16,
19147,-2.66,
19148,0.84,
19155,0.34,
19176,1.34,
19184,0.34,
19186,1.34,
19203,0.34,
19212,-1.66,
19223,1.34,
19228,1.34,
19231,0.34,
19248,0.84,
19258,0.34,
19261,1.34,
19279,-0.16,
19290,0.84,
19305,-0.66,
19310,-0.66,
19322,1.34,
19326,0.34,
19333,-0.66,
19337,-0.16,
19345,0.34,
19346,0.34,
19377,0.34,
19383,0.34,
19385,0.34,
19387,-0.16,
19399,-0.66,
19404,0.34,
19406,0.34,
19409,0.34,
19414,-0.16,
19429,-0.66,
19431,0.34,
19434,0.34,
19439,1.34,
19446,0.34,
19451,0.34,
19457,-0.66,
19463,1.34,
19477,0.84,
19482,-0.66,
19496,0.34,
19501,1.34,
19515,-0.16,
19518,0.34,
19522,0.34,
19528,0.34,
19530,-0.66,
19531,-0.66,
19540,0.34,
19546,1.34,
19550,0.34,
19556,1.34,
19560,0.34,
19579,0.34,
19590,-0.66,
19602,-1.16,
19617,-0.66,
19632,-0.66,
19657,-0.66,
19667,-0.66,
19687,1.34,
19724,0.34,
19732,1.34,
19740,0.34,
19741,0.34,
19748,-0.66,
19761,-0.66,
19762,0.34,
19763,1.34,
19776,-0.66,
19794,-0.66,
19797,1.34,
19834,-0.66,
19837,0.34,
19855,1.34,
19861,0.34,
19865,-0.16,
19873,1.34,
19875,0.34,
19881,0.34,
19897,0.34,
19910,-0.66,
19929,0.34,
19938,0.34,
19941,0.34,
19950,0.34,
19953,-0.66,
19954,-0.66,
19961,1.34,
19963,-1.66,
19965,-2.66,
19981,-0.16,
19995,-0.66,
20004,-0.66,
20011,0.34,
20022,0.34,
20028,-2.16,
20031,0.34,
20034,0.34,
20040,-2.66,
20042,0.84,
20057,0.34,
20079,0.34,
20090,-1.66,
20093,-0.66,
20116,-2.66,
20119,-0.16,
20132,1.34,
20133,0.34,
20165,-0.16,
20173,1.34,
20179,-1.66,
20180,1.34,
20198,0.34,
20202,-0.16,
20215,-0.66,
20225,-1.66,
20228,1.34,
20235,-0.66,
20247,-0.66,
20252,0.84,
20257,-0.66,
20262,0.34,
20267,-0.66,
20268,0.84,
20273,-0.66,
20285,1.34,
20296,-0.66,
20342,0.34,
20344,0.34,
20357,-0.66,
20372,-1.16,
20441,-1.66,
20457,1.34,
20465,0.34,
20475,0.34,
20506,0.34,
20528,-0.66,
20529,1.34,
20530,-0.16,
20538,-0.66,
20543,0.34,
20549,-0.66,
20569,-2.66,
20574,1.34,
20575,0.34,
20579,0.34,
20583,0.84,
20593,0.34,
20616,-0.66,
20621,1.34,
20622,0.34,
20627,-0.66,
20634,-1.66,
20635,0.34,
20636,-0.66,
20637,-1.16,
20638,0.34,
20650,0.34,
20667,-0.66,
20672,-0.66,
20682,-0.66,
20685,0.84,
20686,0.34,
20689,-0.66,
20690,0.34,
20695,-0.66,
20701,0.34,
20713,-0.66,
20723,-2.66,
20737,0.34,
20770,-0.16,
20785,0.34,
20788,-0.66,
20789,-0.66,
20795,0.34,
20811,0.34,
20813,-0.66,
20816,-0.66,
20817,0.34,
20820,0.34,
20836,0.34,
20844,-2.66,
20850,0.84,
20874,1.34,
20875,-0.66,
20877,-0.66,
20883,-0.66,
20905,0.34,
20907,-1.66,
20921,-2.66,
20942,1.34,
20948,-0.16,
20955,-0.66,
20972,-0.66,
20975,0.34,
20981,0.34,
20984,-0.66,
20987,-1.66,
21000,0.84,
21001,0.34,
21012,0.34,
21013,0.34,
21016,0.34,
21017,1.34,
21018,1.34,
21022,-0.66,
21037,-1.66,
21044,-0.66,
21055,0.34,
21061,0.34,
21067,-0.66,
21071,-0.66,
21078,-1.66,
21106,-1.66,
21122,-0.66,
21132,0.34,
21142,1.34,
21145,1.34,
21157,1.34,
21163,1.34,
21173,-0.66,
21179,-1.16,
21181,0.34,
21182,1.34,
21186,-1.66,
21218,-0.66,
21242,-0.66,
21245,0.34,
21247,-2.66,
21249,0.34,
21264,0.84,
21280,-1.16,
21287,0.34,
21312,-2.66,
21326,-0.66,
21331,-0.66,
21337,0.84,
21340,-1.16,
21347,0.34,
21353,0.84,
21356,1.34,
21362,-0.66,
21363,0.34,
21383,-0.66,
21391,-0.66,
21398,0.34,
21403,1.34,
21404,1.34,
21409,1.34,
21411,1.34,
21421,-1.66,
21422,1.34,
21426,0.84,
21430,0.84,
21431,1.34,
21433,-0.66,
21484,0.84,
21503,-0.66,
21506,0.84,
21516,-0.66,
21523,0.34,
21531,0.34,
21533,-0.66,
21537,0.34,
21543,-0.16,
21563,1.34,
21581,1.34,
21593,0.34,
21603,1.34,
21606,1.34,
21609,1.34,
21634,0.34,
21655,0.34,
21664,-0.66,
21668,-0.16,
21670,-1.66,
21690,0.34,
21709,1.34,
21711,1.34,
21714,-0.16,
21715,0.84,
21717,0.34,
21718,-0.16,
21719,-2.66,
21748,-0.66,
21767,-0.66,
21777,1.34,
21781,0.34,
21789,-1.66,
21806,-1.66,
21810,1.34,
21840,0.34,
21845,-0.16,
21850,1.34,
21861,1.34,
21866,-0.66,
21884,0.34,
21885,0.34,
21886,0.34,
21890,1.34,
21895,0.84,
21902,-1.66,
21922,0.84,
21933,-0.66,
21938,1.34,
21942,-0.66,
21953,-0.66,
21960,-0.66,
21968,0.84,
21969,-0.66,
21973,0.34,
21995,-0.66,
22001,0.34,
22010,-1.66,
22011,-0.66,
22016,1.34,
22020,-0.16,
22030,-0.66,
22058,-0.66,
22060,-1.66,
22063,0.34,
22070,-0.66,
22090,1.34,
22094,0.34,
22099,1.34,
22100,-0.66,
22110,-1.66,
22112,-1.66,
22115,-0.16,
22122,0.34,
22131,0.34,
22133,0.34,
22141,0.84,
22157,-0.66,
22160,-0.66,
22163,0.34,
22179,-0.66,
22184,-0.66,
22189,-0.16,
22205,-2.16,
22209,-0.66,
22231,1.34,
22234,-0.66,
22235,-0.16,
22252,0.34,
22259,0.34,
22264,-0.16,
22266,-0.66,
22279,0.34,
22283,-0.66,
22285,1.34,
22290,-0.16,
22298,1.34,
22303,-1.66,
22307,0.34,
22311,0.34,
22313,-0.66,
22321,0.34,
22330,1.34,
22352,-1.66,
22357,0.34,
22371,-0.66,
22372,0.34,
22378,0.34,
22395,0.34,
22401,-0.66,
22402,-0.66,
22408,1.34,
22411,0.34,
22414,-0.66,
22415,0.34,
22417,0.34,
22427,0.34,
22442,0.34,
22443,-0.66,
22445,-0.66,
22447,0.34,
22456,0.34,
22470,0.34,
22481,-0.16,
22488,0.84,
22489,0.34,
22503,0.34,
22507,-3.16,
22524,-0.66,
22528,0.34,
22539,-2.66,
22550,-0.66,
22569,1.34,
22573,-1.16,
22574,-2.16,
22576,1.34,
22581,0.34,
22584,1.34,
22598,0.34,
22601,0.84,
22614,-0.66,
22656,-0.66,
22657,-1.66,
22659,0.34,
22664,0.34,
22665,-0.66,
22683,1.34,
22684,-0.66,
22723,0.34,
22744,1.34,
22746,1.34,
22754,0.34,
22755,1.34,
22758,1.34,
22761,0.34,
22762,-0.16,
22764,0.34,
22782,-0.66,
22784,0.34,
22787,-0.66,
22806,-0.66,
22812,1.34,
22818,1.34,
22855,0.34,
22857,1.34,
22860,-0.66,
22861,-1.66,
22863,-0.66,
22867,0.34,
22882,-1.66,
22884,1.34,
22898,1.34,
22901,0.34,
22914,-0.66,
22926,-2.16,
22929,-1.16,
22930,1.34,
22934,-0.66,
22949,0.34,
22983,-3.16,
22991,-2.16,
22994,1.34,
23012,-2.66,
23030,-0.66,
23033,0.34,
23037,-1.66,
23039,1.34,
23045,-0.66,
23054,0.34,
23055,1.34,
23061,-0.66,
23074,-3.16,
23078,0.34,
23082,-0.66,
23088,-1.16,
23091,1.34,
23118,-0.66,
23127,-0.66,
23130,0.34,
23135,-0.16,
23141,0.34,
23149,-0.16,
23165,0.34,
23173,1.34,
23176,0.34,
23177,0.34,
23180,0.34,
23186,-0.66,
23192,0.34,
23198,0.34,
23202,-0.66,
23205,0.34,
23234,-0.66,
23235,0.84,
23250,-0.66,
23251,0.34,
23260,0.34,
23268,0.34,
23274,-0.16,
23299,1.34,
23303,0.34,
23308,1.34,
23317,0.34,
23330,0.34,
23333,0.34,
23363,1.34,
23375,1.34,
23376,-0.66,
23390,-0.66,
23394,0.34,
23400,-0.16,
23421,1.34,
23426,1.34,
23429,-0.66,
23436,0.84,
23437,1.34,
23438,-1.66,
23452,-1.16,
23454,1.34,
23459,0.34,
23467,1.34,
23472,0.34,
23495,0.84,
23509,0.84,
23520,-0.66,
23523,-0.66,
23526,-0.66,
23528,0.34,
23539,0.34,
23549,0.34,
23575,-0.16,
23596,-0.66,
23607,0.34,
23614,0.34,
23618,-0.66,
23625,0.34,
23627,0.34,
23628,0.34,
23631,0.34,
23634,1.34,
23639,0.84,
23659,1.34,
23688,-0.66,
23689,1.34,
23691,0.34,
23699,-0.66,
23704,-0.16,
23708,1.34,
23714,-0.66,
23719,-0.66,
23725,0.34,
23730,1.34,
23733,1.34,
23735,-2.66,
23736,-1.66,
23741,-0.66,
23750,-0.66,
23751,-0.66,
23753,0.34,
23768,-1.66,
23778,-0.66,
23787,1.34,
23790,0.84,
23804,-0.66,
23807,0.34,
23815,0.34,
23824,-2.66,
23828,0.34,
23833,0.34,
23841,0.84,
23843,0.34,
23845,0.84,
23868,-0.66,
23873,1.34,
23877,0.34,
23890,0.34,
23892,0.34,
23905,0.34,
23911,0.34,
23913,-0.66,
23933,0.34,
23957,1.34,
23983,-2.66,
24004,-0.66,
24024,-0.66,
24027,-1.66,
24042,0.84,
24048,1.34,
24071,1.34,
24075,0.34,
24077,-2.66,
24107,-1.66,
24108,0.34,
24115,1.34,
24116,-1.66,
24117,-0.66,
24122,0.34,
24127,-0.16,
24129,0.34,
24143,0.84,
24151,-0.66,
24167,-0.66,
24171,0.34,
24172,0.34,
24174,-0.66,
24180,-0.66,
24187,-0.66,
24196,-0.66,
24201,-0.66,
24213,-0.66,
24214,1.34,
24219,0.34,
24220,-0.66,
24245,0.34,
24253,0.34,
24256,0.34,
24260,0.84,
24269,-0.66,
24270,0.34,
24273,0.34,
24278,0.34,
24279,-0.66,
24283,0.34,
24291,0.34,
24292,0.34,
24295,-0.16,
24302,-2.66,
24310,0.84,
24322,-1.66,
24360,0.34,
24373,0.34,
24374,0.34,
24381,-0.66,
24388,0.34,
24423,0.34,
24425,-0.66,
24428,-1.66,
24429,0.34,
24431,0.34,
24452,-0.66,
24475,1.34,
24479,-0.66,
24504,-0.66,
24505,1.34,
24512,-0.66,
24533,0.34,
24537,1.34,
24543,-0.66,
24565,0.34,
24569,-0.16,
24572,-0.66,
24585,0.34,
24604,0.34,
24643,-0.16,
24652,0.34,
24661,-0.66,
24671,-0.66,
24678,0.34,
24682,0.34,
24683,0.34,
24688,0.34,
24691,0.34,
24695,-0.66,
24696,-0.66,
24709,1.34,
24718,0.34,
24719,0.34,
24740,1.34,
24743,0.34,
24749,0.34,
24757,-0.66,
24761,-0.66,
24778,1.34,
24784,-0.66,
24787,0.34,
24792,0.84,
24796,0.34,
24800,-0.66,
24813,-0.66,
24816,-0.66,
24818,-0.66,
24819,-1.66,
24840,0.34,
24859,1.34,
24888,0.34,
24889,-0.66,
24893,-0.66,
24903,0.84,
24905,0.34,
24909,0.34,
24915,0.34,
24916,-0.66,
24926,-2.66,
24931,0.34,
24934,0.34,
24945,-0.16,
24946,0.34,
24967,-2.66,
24990,0.34,
24995,-0.66,
25002,-1.16,
25008,0.34,
25050,0.34,
25064,1.34,
25071,0.34,
25080,-0.66,
25084,-0.66,
25093,0.84,
25101,1.34,
25106,0.84,
25121,-0.66,
25126,0.34,
25128,-0.66,
25129,0.84,
25131,0.34,
25137,1.34,
25144,-0.66,
25156,-0.66,
25163,0.84,
25174,-0.66,
25178,-0.66,
25188,1.34,
25190,1.34,
25192,-1.66,
25199,-0.66,
25208,-2.66,
25215,0.34,
25221,-0.66,
25228,0.34,
25237,-1.16,
25241,-0.16,
25245,-0.66,
25260,0.84,
25270,1.34,
25280,0.34,
25287,-1.16,
25290,-0.16,
25296,0.34,
25298,1.34,
25302,-0.16,
25304,-1.16,
25306,0.34,
25310,1.34,
25327,0.34,
25336,-0.66,
25339,-1.16,
25344,0.34,
25345,-2.16,
25348,0.34,
25357,-0.16,
25383,-0.66,
25426,0.34,
25438,0.34,
25441,1.34,
25448,-0.66,
25450,0.34,
25456,0.34,
25465,-0.66,
25467,0.34,
25470,1.34,
25477,0.34,
25478,0.84,
25479,-0.66,
25485,-0.66,
25507,0.34,
25508,0.34,
25509,-0.66,
25510,-0.66,
25511,1.34,
25515,0.34,
25524,0.84,
25556,0.34,
25566,0.34,
25587,-0.66,
25588,-0.66,
25592,-2.66,
25601,0.34,
25607,0.34,
25610,-0.66,
25627,1.34,
25630,-0.66,
25650,-0.66,
25656,-0.66,
25671,-0.66,
25676,-0.66,
25680,-0.66,
25684,-0.16,
25692,0.34,
25695,0.34,
25716,-2.66,
25723,-0.66,
25729,0.34,
25732,0.34,
25755,0.34,
25771,0.34,
25786,1.34,
25795,-0.66,
25826,0.84,
25827,1.34,
25830,0.34,
25846,-1.66,
25869,0.34,
25879,-0.66,
25893,0.34,
25898,0.34,
25901,0.34,
25911,-2.16,
25913,-0.66,
25918,0.34,
25920,0.34,
25924,0.34,
25935,1.34,
25946,-0.66,
25949,0.34,
25959,-0.66,
25964,0.84,
25972,0.34,
25977,-0.66,
25978,0.34,
26004,-0.66,
26005,0.34,
26006,-0.66,
26012,-1.16,
26016,1.34,
26021,1.34,
26028,-0.16,
26035,0.34,
26036,-0.66,
26040,0.34,
26047,-0.66,
26051,0.84,
26067,0.84,
26068,0.34,
26086,1.34,
26089,0.34,
26098,0.34,
26107,1.34,
26111,-0.66,
26112,-1.66,
26123,-0.16,
26127,-0.16,
26131,-0.66,
26147,1.34,
26148,0.84,
26151,-0.66,
26153,-0.66,
26179,0.34,
26180,-0.66,
26185,0.34,
26193,-0.16,
26197,-0.66,
26198,0.34,
26199,-0.66,
26201,1.34,
26202,0.84,
26205,1.34,
26206,0.34,
26213,1.34,
26214,0.84,
26222,0.34,
26227,-1.66,
26236,0.34,
26274,-0.16,
26277,0.34,
26279,0.34,
26280,-0.16,
26288,0.34,
26296,1.34,
26299,0.34,
26316,0.84,
26321,-0.66,
26322,-0.66,
26335,0.84,
26337,0.34,
26338,1.34,
26345,-0.66,
26354,0.34,
26374,1.34,
26382,0.34,
26386,0.34,
26392,0.34,
26396,1.34,
26403,0.34,
26413,-0.16,
26426,1.34,
26444,1.34,
26452,-1.66,
26453,0.34,
26480,-1.66,
26488,0.34,
26490,1.34,
26503,-0.66,
26511,0.34,
26522,0.34,
26528,-0.66,
26540,0.34,
26544,-0.66,
26554,0.84,
26566,0.34,
26572,-2.66,
26582,-0.16,
26591,0.34,
26596,-0.66,
26612,-0.66,
26615,-2.66,
26622,-0.66,
26623,0.84,
26638,0.34,
26640,0.34,
26670,1.34,
26672,0.84,
26673,-0.66,
26681,-0.66,
26685,-0.66,
26691,0.34,
26708,-0.66,
26761,0.34,
26770,0.84,
26772,-1.66,
26774,0.34,
26780,-0.66,
26786,-0.66,
26787,0.34,
26809,0.34,
26815,-1.66,
26819,0.34,
26821,-1.66,
26848,0.34,
26856,1.34,
26860,-0.66,
26865,0.34,
26867,-0.16,
26874,-0.16,
26885,-0.66,
26887,0.34,
26915,0.34,
26926,1.34,
26931,0.34,
26944,-0.66,
26969,-0.66,
26986,0.34,
26998,0.34,
27007,0.34,
27014,1.34,
27032,-0.66,
27034,1.34,
27035,-0.66,
27053,-0.66,
27054,0.34,
27057,0.84,
27073,-0.66,
27076,0.34,
27097,-1.66,
27104,1.34,
27117,0.34,
27119,1.34,
27157,0.34,
27179,0.34,
27182,-0.66,
27189,0.34,
27190,1.34,
27195,-1.66,
27205,-0.66,
27209,0.34,
27213,0.34,
27222,1.34,
27230,-0.66,
27231,1.34,
27235,-1.16,
27239,-1.66,
27248,-0.66,
27255,0.34,
27257,-1.66,
27278,0.34,
27279,-0.66,
27296,0.34,
27316,-0.66,
27320,-0.16,
27321,-0.66,
27343,0.34,
27349,0.34,
27353,-0.16,
27366,0.34,
27370,1.34,
27371,0.34,
27379,0.34,
27383,0.34,
27390,1.34,
27406,0.34,
27409,-0.66,
27418,0.34,
27426,0.84,
27431,1.34,
27437,-0.66,
27441,-0.66,
27444,-2.66,
27448,0.34,
27451,-0.66,
27460,0.84,
27463,0.84,
27468,0.84,
27469,0.84,
27473,0.34,
27479,0.34,
27482,-1.66,
27485,0.34,
27500,-1.66,
27503,-0.66,
27506,0.34,
27526,1.34,
27529,0.84,
27530,0.34,
27531,-0.16,
27532,-0.66,
27553,0.34,
27558,0.34,
27570,-0.66,
27574,-0.66,
27586,1.34,
27589,0.84,
27606,-0.66,
27613,1.34,
27617,0.34,
27630,-1.16,
27638,-0.16,
27647,-0.66,
27651,1.34,
27657,-0.66,
27665,-0.66,
27673,0.34,
27679,-0.16,
27689,-0.66,
27691,-0.66,
27695,0.34,
27697,-0.66,
27703,-0.66,
27729,0.84,
27733,0.34,
27744,-0.16,
27749,1.34,
27759,0.34,
27762,0.84,
27783,-0.66,
27810,-2.66,
27819,0.34,
27836,-0.66,
27846,-2.66,
27853,-1.66,
27854,-0.16,
27861,-0.66,
27867,-0.66,
27873,0.34,
27884,0.34,
27894,1.34,
27897,1.34,
27898,0.84,
27899,-0.66,
27902,-0.66,
27905,-0.66,
27913,0.34,
27921,-2.66,
27927,-2.66,
27937,0.34,
27939,0.34,
27942,0.84,
27961,-0.66,
27962,0.34,
27963,-2.66,
27990,-0.66,
28012,0.34,
28023,-0.66,
28027,0.84,
28043,-0.16,
28051,0.34,
28055,1.34,
28058,0.34,
28065,-0.66,
28070,-0.66,
28092,-0.66,
28099,0.34,
28104,-0.66,
28116,-0.66,
28123,1.34,
28145,0.84,
28163,0.34,
28176,1.34,
28194,-1.66,
28195,-0.16,
28203,0.34,
28205,0.34,
28215,-0.16,
28224,-0.66,
28234,-0.66,
28235,-0.66,
28239,0.34,
28248,0.34,
28283,0.84,
28287,-0.66,
28292,0.34,
28298,0.34,
28312,1.34,
28316,0.84,
28326,1.34,
28328,1.34,
28333,0.34,
28335,-0.16,
28340,0.34,
28349,0.34,
28359,-0.66,
28363,0.34,
28370,1.34,
28379,0.34,
28383,0.84,
28386,-0.66,
28398,1.34,
28406,0.34,
28427,0.84,
28440,0.34,
28443,0.34,
28447,-0.16,
28449,1.34,
28466,1.34,
28513,-0.16,
28529,1.34,
28538,-0.16,
28541,-0.66,
28556,-0.66,
28560,0.34,
28564,0.34,
28569,0.34,
28598,-0.66,
28609,-0.16,
28611,0.34,
28613,-0.66,
28616,1.34,
28617,0.34,
28618,-0.66,
28625,-0.16,
28629,0.34,
28631,-1.66,
28634,0.34,
28637,-1.66,
28645,1.34,
28653,0.84,
28657,0.34,
28663,-0.16,
28673,1.34,
28688,1.34,
28696,-0.16,
28702,-0.66,
28709,-2.66,
28724,0.34,
28744,-1.16,
28748,0.34,
28749,-3.16,
28751,1.34,
28758,0.34,
28780,-0.16,
28782,0.34,
28789,-0.16,
28792,-0.66,
28797,1.34,
28799,-0.66,
28830,0.34,
28831,1.34,
28852,0.34,
28856,0.34,
28858,0.34,
28866,1.34,
28878,-0.66,
28896,1.34,
28906,-0.66,
28910,1.34,
28916,0.34,
28920,-0.66,
28925,1.34,
28933,0.84,
28943,1.34,
28947,-0.66,
28953,-0.16,
28954,-0.66,
28955,-0.66,
28956,0.34,
28959,-0.66,
28960,-1.16,
28963,-0.16,
28966,1.34,
28971,0.34,
28982,0.34,
28996,-0.66,
29015,1.34,
29022,-0.66,
29035,0.34,
29037,1.34,
29040,0.34,
29044,0.34,
29056,1.34,
29068,-0.66,
29069,0.34,
29085,0.34,
29087,0.34,
29094,-0.66,
29107,0.34,
29112,0.34,
29117,-0.16,
29128,1.34,
29146,1.34,
29147,0.34,
29155,0.84,
29166,-2.66,
29176,1.34,
29216,0.84,
29217,0.34,
29218,0.34,
29250,1.34,
29259,-2.66,
29261,0.34,
29270,0.34,
29290,0.34,
29310,1.34,
29317,0.84,
29323,-0.66,
29334,-2.16,
29343,-0.16,
29363,-1.66,
29373,-0.66,
29398,0.34,
29412,-0.66,
29414,0.34,
29417,0.34,
29418,0.34,
29420,-0.16,
29443,-1.66,
29449,0.34,
29458,-0.66,
29472,0.34,
29476,-0.16,
29478,-0.16,
29485,1.34,
29486,-0.66,
29490,1.34,
29492,-0.66,
29499,1.34,
29515,0.34,
29516,-1.66,
29521,0.34,
29531,1.34,
29532,0.34,
29541,-0.66,
29543,-0.66,
29546,-2.66,
29549,-0.66,
29555,-0.66,
29556,-2.66,
29575,-0.66,
29586,-0.66,
29598,-0.66,
29603,-0.66,
29616,0.84,
29630,-2.66,
29632,0.34,
29634,-0.66,
29637,0.34,
29641,1.34,
29657,1.34,
29665,0.34,
29669,-0.66,
29673,0.34,
29681,0.34,
29687,1.34,
29695,0.34,
29696,-1.66,
29710,1.34,
29721,0.34,
29726,-1.66,
29730,0.34,
29738,0.34,
29745,-0.66,
29764,0.34,
29776,0.84,
29797,-1.66,
29806,-0.66,
29809,-1.66,
29810,-0.66,
29819,0.34,
29841,-0.16,
29850,-1.66,
29851,-0.66,
29853,1.34,
29861,-1.16,
29862,-0.16,
29876,-0.66,
29890,-0.16,
29895,0.34,
29925,-0.16,
29929,-0.16,
29931,0.34,
29934,-0.66,
29940,0.34,
29968,0.34,
29973,0.34,
29974,0.34,
30000,1.34,
30003,0.34,
30011,0.34,
30017,-0.66,
30018,-1.66,
30031,-0.66,
30046,-0.66,
30054,1.34,
30062,0.34,
30071,-0.66,
30082,0.34,
30095,0.34,
30113,-0.66,
30119,1.34,
30137,-1.66,
30140,-1.16,
30144,0.34,
30146,0.34,
30149,-0.16,
30153,0.84,
30154,0.34,
30162,0.34,
30166,-0.16,
30183,-0.66,
30184,1.34,
30208,0.34,
30220,-1.66,
30223,1.34,
30227,0.34,
30249,1.34,
30257,-0.66,
30259,-0.66,
30283,-0.16,
30310,-0.66,
30311,0.34,
30314,1.34,
30317,1.34,
30324,0.34,
30329,0.34,
30333,1.34,
30334,1.34,
30336,-0.16,
30344,0.34,
30351,-0.66,
30364,0.34,
30379,1.34,
30380,0.34,
30387,-2.66,
30392,-0.66,
30395,0.34,
30397,0.34,
30402,0.34,
30405,1.34,
30411,0.34,
30415,-0.66,
30430,0.34,
30469,-0.66,
30472,0.34,
30480,1.34,
30481,0.34,
30485,1.34,
30497,-1.66,
30507,-0.66,
30508,-0.16,
30509,1.34,
30510,1.34,
30515,-0.66,
30519,-2.16,
30522,0.34,
30525,1.34,
30534,-0.66,
30535,-1.66,
30537,0.84,
30567,0.34,
30568,1.34,
30590,1.34,
30601,-0.66,
30603,0.34,
30606,-0.66,
30614,-1.16,
30624,0.34,
30625,-0.16,
30628,0.34,
30653,1.34,
30663,-0.66,
30664,0.34,
30666,0.34,
30690,1.34,
30691,-0.16,
30696,-0.66,
30698,0.34,
30701,0.34,
30707,-1.66,
30727,1.34,
30736,-0.66,
30745,0.34,
30746,0.34,
30754,-3.16,
30755,0.34,
30762,0.34,
30780,-0.66,
30798,-0.66,
30799,0.84,
30801,1.34,
30808,-0.66,
30815,-0.66,
30825,1.34,
30854,-0.66,
30857,-1.66,
30859,-0.66,
30862,0.34,
30870,0.34,
30875,-0.66,
30891,-1.66,
30898,0.34,
30905,-0.16,
30914,-0.66,
30921,0.34,
30923,1.34,
30925,1.34,
30942,-0.66,
30958,1.34,
30959,-0.66,
30960,0.34,
30971,-3.16,
30972,0.34,
30976,0.34,
30980,-0.16,
30984,-0.66,
31009,-1.66,
31022,0.84,
31035,-0.66,
31036,0.34,
31092,0.34,
31098,-1.66,
31122,0.34,
31137,-0.66,
31158,0.34,
31159,0.34,
31162,0.34,
31197,1.34,
31201,0.34,
31207,0.34,
31217,-0.16,
31244,0.34,
31248,-0.66,
31252,0.34,
31257,1.34,
31266,1.34,
31273,0.34,
31278,-0.66,
31284,1.34,
31288,-0.66,
31303,-0.66,
31315,0.34,
31323,-0.16,
31328,0.34,
31330,1.34,
31335,1.34,
31339,-0.66,
31352,-0.66,
31370,-0.66,
31375,-0.66,
31378,-0.66,
31386,-0.16,
31397,-0.66,
31404,0.34,
31406,0.34,
31424,1.34,
31435,0.34,
31438,-0.66,
31441,1.34,
31449,-0.16,
31469,-0.66,
31478,-0.66,
31479,1.34,
31489,1.34,
31490,0.84,
31497,-2.66,
31503,1.34,
31535,0.34,
31550,0.34,
31553,0.34,
31566,-0.66,
31571,-0.66,
31574,0.34,
31579,1.34,
31580,-2.16,
31602,0.34,
31616,-0.66,
31623,0.34,
31647,0.84,
31653,1.34,
31656,0.34,
31659,1.34,
31660,-1.16,
31664,1.34,
31668,-0.66,
31671,0.34,
31678,0.34,
31681,1.34,
31692,-0.66,
31703,-0.66,
31715,-0.66,
31717,0.34,
31726,-0.66,
31728,-0.66,
31730,-0.66,
31736,-0.66,
31737,1.34,
31749,-0.66,
31751,0.34,
31753,0.34,
31764,-2.66,
31768,-1.66,
31775,0.34,
31793,-1.66,
31802,0.34,
31804,0.34,
31811,0.34,
31822,0.34,
31838,1.34,
31843,1.34,
31846,0.34,
31850,0.34,
31859,0.34,
31867,0.34,
31877,0.34,
31888,1.34,
31891,0.34,
31898,0.34,
31901,-2.66,
31910,1.34,
31912,-0.66,
31913,0.34,
31932,0.34,
31940,-0.66,
31941,0.34,
31964,0.84,
31965,1.34,
31971,-0.66,
31976,0.34,
31988,0.84,
31994,0.34,
32004,0.34,
32018,1.34,
32033,0.34,
32062,1.34,
32069,0.34,
32082,1.34,
32089,-1.16,
32091,0.84,
32094,-0.66,
32111,-0.66,
32113,-1.66,
32160,-2.66,
32161,-0.16,
32162,-0.16,
32167,0.34,
32169,-0.66,
32171,1.34,
32182,0.34,
32185,0.84,
32189,0.34,
32192,0.34,
32195,-0.66,
32210,-0.66,
32211,1.34,
32212,0.34,
32224,0.34,
32228,-0.66,
32233,-1.66,
32243,-0.66,
32249,0.34,
32255,0.84,
32287,0.34,
32299,-0.66,
32306,0.34,
32321,-0.16,
32329,1.34,
32339,-1.66,
32341,0.34,
32342,-0.66,
32344,-0.16,
32346,-0.66,
32364,0.34,
32365,-0.16,
32390,0.34,
32419,-0.66,
32433,-0.66,
32454,-0.66,
32500,0.34,
32508,0.34,
32509,1.34,
32514,0.34,
32517,-0.66,
32525,1.34,
32553,0.34,
32582,1.34,
32590,-0.66,
32603,-0.66,
32615,0.34,
32622,1.34,
32638,-0.66,
32640,-0.66,
32654,0.34,
32662,-1.16,
32665,-1.66,
32674,-0.66,
32675,-0.66,
32696,0.34,
32717,0.34,
32719,0.34,
32726,-0.66,
32730,0.34,
32744,1.34,
32768,1.34,
32770,0.34,
32776,1.34,
32779,0.34,
32795,-0.66,
32797,0.84,
32806,-0.16,
32824,0.34,
32835,1.34,
32837,0.34,
32840,-0.66,
32844,1.34,
32855,-0.66,
32861,-0.66,
32864,1.34,
32868,1.34,
32892,-0.66,
32894,-0.66,
32896,0.84,
32905,0.34,
32919,0.34,
32920,0.34,
32923,0.34,
32925,1.34,
32934,-1.66,
32935,-0.16,
32937,0.34,
32965,0.34,
32974,-0.66,
32980,1.34,
32983,1.34,
32988,-1.66,
33000,0.34,
33010,1.34,
33014,-0.16,
33038,-0.66,
33039,0.34,
33040,1.34,
33052,0.34,
33063,1.34,
33074,0.34,
33076,0.34,
33082,-1.66,
33113,-1.66,
33127,0.34,
33128,0.34,
33134,-1.66,
33170,0.34,
33183,-2.66,
33189,1.34,
33191,-0.66,
33221,-0.66,
33225,1.34,
33235,-1.66,
33251,-3.16,
33253,1.34,
33260,0.34,
33272,0.34,
33281,-0.16,
33288,-1.16,
33293,0.34,
33309,-0.66,
33319,-0.66,
33322,0.34,
33342,-0.66,
33344,0.34,
33346,-0.66,
33348,0.34,
33349,1.34,
33351,-0.66,
33353,1.34,
33357,-0.66,
33363,0.84,
33364,-0.66,
33365,0.34,
33371,1.34,
33375,-1.66,
33377,-1.66,
33378,-1.16,
33384,0.34,
33387,-0.66,
33394,-0.66,
33402,1.34,
33404,0.84,
33414,1.34,
33429,1.34,
33443,0.34,
33446,1.34,
33455,-1.66,
33478,0.84,
33483,-0.16,
33489,-0.16,
33495,0.34,
33502,-0.66,
33507,0.34,
33510,1.34,
33561,-0.16,
33572,-0.66,
33579,-0.66,
33581,-0.66,
33584,-1.66,
33585,-1.66,
33587,0.34,
33603,0.34,
33608,0.34,
33609,-2.66,
33623,1.34,
33634,-3.16,
33636,1.34,
33646,0.84,
33648,-2.66,
33679,0.34,
33680,1.34,
33700,1.34,
33724,0.84,
33734,0.34,
33736,-0.66,
33738,1.34,
33755,0.34,
33761,-1.66,
33767,1.34,
33768,0.34,
33771,0.84,
33777,-0.66,
33792,0.34,
33800,1.34,
33818,1.34,
33830,-0.66,
33833,0.34,
33837,-0.66,
33839,1.34,
33854,-0.16,
33857,0.34,
33861,0.34,
33862,-0.66,
33863,0.34,
33876,-0.66,
33879,-0.16,
33892,-0.66,
33901,1.34,
33911,0.34,
33928,0.34,
33933,-0.66,
33936,-0.16,
33939,-0.66,
33955,1.34,
33970,0.34,
33974,0.34,
33976,1.34,
33981,-0.16,
33985,-0.66,
33999,0.34,
34007,0.34,
34024,-0.66,
34025,1.34,
34027,-0.66,
34040,0.34,
34041,-0.66,
34052,1.34,
34058,1.34,
34069,0.34,
34080,0.34,
34100,-2.66,
34103,-0.66,
34127,-0.16,
34129,0.34,
34140,0.84,
34143,-1.66,
34146,0.34,
34151,-1.16,
34153,-0.16,
34161,0.34,
34173,1.34,
34179,-0.66,
34180,-0.66,
34185,1.34,
34187,1.34,
34201,0.34,
34214,1.34,
34218,0.34,
34220,-0.66,
34240,0.34,
34266,0.34,
34268,0.34,
34295,1.34,
34307,-0.66,
34332,1.34,
34333,0.34,
34344,0.34,
34350,-0.16,
34357,0.34,
34362,0.34,
34368,-0.66,
34382,0.34,
34385,0.34,
34395,-0.16,
34398,0.84,
34403,0.34,
34409,0.34,
34418,0.34,
34419,0.34,
34426,-1.66,
34429,-0.66,
34436,0.34,
34437,0.34,
34440,1.34,
34456,-2.66,
34460,-1.66,
34464,0.34,
34468,-0.66,
34470,-2.16,
34473,0.34,
34485,0.84,
34489,0.34,
34494,-1.16,
34504,0.34,
34511,-0.66,
34515,0.34,
34529,-0.66,
34544,0.34,
34564,-0.66,
34575,1.34,
34576,-0.16,
34577,-0.66,
34586,0.34,
34587,0.34,
34609,0.84,
34612,-0.66,
34616,-0.66,
34620,1.34,
34632,0.84,
34637,-0.66,
34650,0.34,
34651,1.34,
34663,1.34,
34674,0.34,
34678,-0.16,
34685,-0.66,
34686,-0.66,
34702,1.34,
34704,0.34,
34717,-1.16,
34729,-0.16,
34738,0.34,
34743,0.84,
34758,0.34,
34767,-3.16,
34778,0.84,
34785,-1.66,
34809,-0.66,
34817,-0.66,
34829,0.34,
34830,-0.66,
34831,-0.16,
34842,-0.66,
34844,-0.66,
34848,1.34,
34853,-0.16,
34899,0.34,
34909,1.34,
34916,-0.66,
34918,-0.66,
34954,0.84,
34961,-0.66,
34971,0.84,
34972,-0.66,
34995,0.34,
34999,0.34,
35004,-0.66,
35011,0.34,
35012,0.34,
35022,-0.66,
35023,0.34,
35037,-0.66,
35038,-2.66,
35059,0.34,
35062,0.34,
35063,0.34,
35064,0.34,
35076,1.34,
35094,-0.66,
35098,-1.66,
35111,0.34,
35112,0.34,
35115,-0.66,
35128,1.34,
35133,-2.66,
35137,0.84,
35158,0.84,
35165,-0.66,
35166,-0.66,
35172,0.34,
35179,0.34,
35189,1.34,
35190,-0.66,
35205,1.34,
35226,0.34,
35227,-1.66,
35236,-1.16,
35240,0.34,
35251,0.34,
35254,0.34,
35257,-1.66,
35259,0.34,
35265,-0.66,
35272,0.84,
35282,1.34,
35283,0.34,
35285,0.34,
35292,0.34,
35307,1.34,
35310,0.34,
35312,0.34,
35316,-0.16,
35320,1.34,
35343,-0.66,
35352,0.34,
35364,-0.16,
35392,0.34,
35410,1.34,
35424,-0.66,
35425,1.34,
35431,0.34,
35434,-0.66,
35440,1.34,
35449,1.34,
35452,0.34,
35460,-0.66,
35465,-2.66,
35469,-3.16,
35494,0.34,
35498,0.34,
35510,-1.16,
35511,-0.66,
35519,-0.16,
35533,0.34,
35573,0.34,
35576,1.34,
35577,-2.66,
35579,-1.16,
35608,0.34,
35615,0.34,
35625,0.34,
35626,-0.66,
35667,0.34,
35702,-0.66,
35705,-0.66,
35710,1.34,
35724,0.34,
35727,-0.66,
35735,0.34,
35745,1.34,
35748,-0.66,
35755,0.34,
35761,0.34,
35762,0.84,
35770,-0.66,
35780,0.34,
35813,-0.66,
35817,0.34,
35821,0.34,
35824,1.34,
35833,1.34,
35834,0.34,
35848,1.34,
35849,-0.66,
35876,-0.66,
35877,1.34,
35921,-2.66,
35927,0.34,
35930,-0.66,
35936,0.34,
35937,1.34,
35939,-0.66,
35945,0.34,
35950,1.34,
35965,-0.66,
35971,-1.66,
35973,0.84,
35974,-0.66,
35979,1.34,
35997,-3.16,
36000,-0.66,
36003,0.34,
36016,-0.66,
36017,0.34,
36019,-0.66,
36023,0.34,
36043,0.34,
36049,0.34,
36065,0.34,
36071,-0.16,
36093,-1.66,
36099,-1.16,
36116,0.34,
36124,0.34,
36153,0.34,
36166,0.84,
36188,-0.66,
36200,0.34,
36217,0.34,
36225,0.34,
36226,-0.66,
36233,0.34,
36235,-2.66,
36237,0.34,
36255,0.84,
36257,0.34,
36258,0.84,
36259,1.34,
36263,1.34,
36266,-0.16,
36268,0.34,
36279,1.34,
36290,-0.66,
36291,0.34,
36294,1.34,
36295,0.34,
36305,0.34,
36308,-0.16,
36312,0.84,
36354,0.34,
36391,0.34,
36392,0.34,
36393,0.34,
36408,1.34,
36432,0.34,
36437,0.34,
36440,1.34,
36449,-1.66,
36451,0.34,
36460,1.34,
36464,0.34,
36479,1.34,
36488,0.34,
36491,1.34,
36499,-0.66,
36507,0.34,
36513,-1.66,
36524,-0.66,
36526,0.34,
36544,0.84,
36546,1.34,
36550,0.34,
36565,-0.66,
36587,0.34,
36606,-1.16,
36612,0.34,
36641,0.84,
36644,-0.66,
36660,-0.66,
36678,0.34,
36681,0.34,
36687,0.34,
36708,-0.66,
36715,1.34,
36723,-0.66,
36734,-0.66,
36743,1.34,
36745,-0.66,
36763,0.84,
36776,-0.66,
36804,1.34,
36819,-0.66,
36820,0.34,
36821,1.34,
36856,0.34,
36862,-0.66,
36865,0.34,
36871,0.34,
36880,0.34,
36884,0.84,
36891,0.34,
36913,0.34,
36923,-0.66,
36926,-0.16,
36943,-0.66,
36957,0.34,
36966,0.34,
36983,1.34,
36985,1.34,
36987,-0.66,
36997,0.34,
36999,0.34,
37010,-0.66,
37013,-1.66,
37016,0.84,
37018,-0.66,
37022,1.34,
37025,1.34,
37042,0.84,
37045,0.34,
37048,0.34,
37049,1.34,
37069,0.34,
37072,0.34,
37083,0.34,
37117,0.84,
37136,0.84,
37152,0.34,
37162,1.34,
37177,-0.66,
37180,0.34,
37191,-0.66,
37207,-0.66,
37210,0.34,
37217,-1.66,
37222,-1.66,
37229,-0.66,
37237,1.34,
37250,0.84,
37252,-0.66,
37253,-3.16,
37255,-0.66,
37264,0.34,
37265,1.34,
37274,0.34,
37295,1.34,
37301,-0.66,
37302,0.34,
37311,1.34,
37317,0.34,
37319,-1.66,
37327,-0.66,
37329,0.34,
37331,1.34,
37333,-0.16,
37351,1.34,
37360,0.84,
37361,0.34,
37391,0.34,
37404,1.34,
37410,1.34,
37418,-1.66,
37422,0.34,
37423,0.34,
37427,0.34,
37429,1.34,
37447,1.34,
37454,-0.66,
37474,-0.66,
37479,0.34,
37509,0.34,
37518,0.34,
37519,1.34,
37526,-0.16,
37530,0.34,
37532,0.34,
37544,-1.66,
37555,1.34,
37557,-0.66,
37560,-0.66,
37574,-1.66,
37577,-0.16,
37579,1.34,
37580,0.34,
37592,-0.66,
37595,-0.66,
37596,-0.66,
37611,0.34,
37616,0.34,
37618,-0.66,
37622,0.84,
37623,0.34,
37624,0.34,
37629,0.34,
37644,-0.66,
37673,1.34,
37676,0.34,
37680,0.34,
37688,-0.66,
37690,-1.16,
37698,0.34,
37700,0.34,
37707,-0.66,
37754,0.84,
37764,0.34,
37769,1.34,
37804,0.34,
37812,-0.66,
37814,0.34,
37819,-0.66,
37820,-0.66,
37823,0.34,
37825,-0.66,
37827,0.34,
37829,1.34,
37837,1.34,
37842,-0.16,
37845,-0.16,
37848,-0.66,
37857,-0.16,
37864,1.34,
37868,0.34,
37869,0.34,
37879,-0.66,
37890,-0.16,
37891,0.34,
37906,-0.66,
37907,0.34,
37914,1.34,
37919,-0.66,
37928,0.34,
37945,-0.66,
37948,0.34,
37962,1.34,
37969,0.34,
37990,-0.66,
37991,0.34,
38036,-1.66,
38046,1.34,
38051,0.34,
38093,-2.16,
38113,0.34,
38134,1.34,
38139,-1.16,
38148,-0.66,
38152,-0.66,
38156,0.84,
38160,-0.16,
38169,-0.66,
38170,-0.16,
38172,-1.66,
38179,1.34,
38196,-0.66,
38202,0.34,
38214,-1.66,
38221,0.34,
38229,-0.66,
38231,0.34,
38232,1.34,
38239,0.34,
38243,1.34,
38244,-0.66,
38251,-0.66,
38265,-2.66,
38281,0.34,
38294,0.84,
38302,0.84,
38314,-1.66,
38335,0.84,
38346,1.34,
38348,-2.66,
38349,1.34,
38355,0.34,
38357,-0.16,
38360,-0.66,
38367,0.34,
38373,1.34,
38381,0.84,
38386,-0.16,
38393,0.34,
38406,0.34,
38409,-0.66,
38413,1.34,
38425,-2.66,
38429,-0.66,
38435,0.34,
38451,1.34,
38459,0.84,
38468,-0.66,
38485,0.34,
38486,1.34,
38492,-1.16,
38495,0.34,
38505,-0.66,
38512,0.34,
38523,0.34,
38538,0.34,
38539,-0.66,
38542,-0.66,
38552,-0.16,
38562,0.34,
38602,1.34,
38605,0.34,
38610,0.34,
38612,0.34,
38619,-0.66,
38621,-0.66,
38639,-2.66,
38644,-1.66,
38647,-0.66,
38655,0.84,
38656,1.34,
38669,0.84,
38710,0.34,
38714,-0.16,
38719,0.84,
38724,1.34,
38733,-1.66,
38741,-0.16,
38742,-0.66,
38756,0.34,
38758,0.34,
38765,1.34,
38792,-2.66,
38795,-0.66,
38798,0.84,
38805,0.34,
38808,-0.66,
38818,1.34,
38819,0.34,
38820,-0.16,
38829,-1.66,
38835,0.34,
38836,-0.16,
38847,-0.66,
38848,-0.66,
38854,0.84,
38870,-0.66,
38880,1.34,
38890,0.34,
38895,-0.66,
38899,0.34,
38906,-0.66,
38913,1.34,
38916,-0.66,
38917,-1.16,
38932,1.34,
38935,-0.16,
38947,0.34,
38956,1.34,
38958,-0.16,
38961,-0.66,
38964,0.34,
38965,1.34,
38982,1.34,
38988,0.34,
38990,1.34,
38991,-1.16,
38994,-0.16,
39002,-0.66,
39006,1.34,
39030,0.34,
39037,-0.66,
39047,0.34,
39048,0.34,
39051,1.34,
39060,1.34,
39069,1.34,
39089,-0.66,
39090,-3.16,
39107,0.34,
39110,0.34,
39128,-2.66,
39144,-0.66,
39154,0.34,
39165,0.34,
39178,-0.66,
39180,-0.66,
39181,1.34,
39186,-0.16,
39191,0.34,
39195,0.34,
39198,1.34,
39214,1.34,
39243,0.34,
39249,1.34,
39256,1.34,
39271,1.34,
39273,-2.66,
39288,-0.66,
39291,-0.66,
39346,-1.16,
39357,-0.66,
39374,0.34,
39380,0.34,
39382,-1.16,
39383,-2.66,
39384,-0.66,
39392,0.34,
39395,-1.66,
39397,0.34,
39402,-0.66,
39411,0.34,
39421,-2.66,
39424,-0.66,
39430,-0.66,
39431,-0.66,
39435,0.34,
39443,-1.66,
39451,-1.16,
39454,0.34,
39499,-0.66,
39501,-0.66,
39510,0.34,
39514,0.34,
39527,-0.66,
39536,1.34,
39553,-0.66,
39573,0.34,
39579,0.34,
39582,0.84,
39583,1.34,
39586,-0.66,
39593,-0.66,
39612,0.34,
39619,0.34,
39639,-0.66,
39640,-0.66,
39647,0.84,
39651,-0.66,
39671,0.34,
39685,0.34,
39690,-0.66,
39692,0.34,
39704,0.34,
39721,-1.66,
39735,-1.66,
39744,0.34,
39749,-0.66,
39750,0.34,
39772,-1.66,
39774,-0.66,
39778,0.34,
39779,0.34,
39782,0.34,
39794,0.34,
39809,0.34,
39814,-0.66,
39830,-0.66,
39836,-0.16,
39837,0.34,
39855,-0.66,
39880,1.34,
39904,1.34,
39920,-0.66,
39928,0.34,
39937,-1.16,
39959,-1.16,
39965,1.34,
39968,0.84,
39974,1.34,
39983,1.34,
39988,-0.66,
39995,0.34,
40004,1.34,
40008,-0.16,
40010,-0.66,
40012,0.84,
40013,0.34,
40021,0.34,
40030,-0.66,
40045,-0.66,
40050,0.34,
40055,0.34,
40058,-1.66,
40061,0.34,
40064,0.34,
40070,0.34,
40082,-0.66,
40086,0.34,
40093,-0.16,
40117,0.34,
40122,0.84,
40123,0.34,
40126,0.34,
40135,0.34,
40143,1.34,
40144,0.34,
40156,-1.66,
40167,-0.66,
40184,1.34,
40194,-0.16,
40196,0.34,
40206,-0.66,
40214,0.34,
40218,0.34,
40237,-0.16,
40245,1.34,
40261,-0.66,
40284,0.34,
40285,-1.66,
40293,1.34,
40308,0.34,
40359,-0.66,
40373,1.34,
40378,-0.66,
40393,0.84,
40429,0.34,
40448,0.34,
40456,0.34,
40467,1.34,
40469,0.34,
40483,-1.66,
40484,0.34,
40521,-0.16,
40522,0.34,
40527,0.84,
40536,-0.66,
40544,-0.16,
40549,0.34,
40571,1.34,
40614,-0.66,
40616,-0.66,
40617,1.34,
40618,0.34,
40625,0.34,
40647,-0.66,
40666,-1.66,
40669,-0.66,
40674,-0.66,
40687,-0.16,
40711,-1.66,
40727,0.34,
40741,1.34,
40744,-0.66,
40749,-0.66,
40775,1.34,
40792,1.34,
40814,-0.66,
40821,-2.66,
40827,-0.66,
40835,1.34,
40874,-0.16,
40879,0.84,
40881,-0.66,
40895,1.34,
40896,1.34,
40913,0.34,
40923,-0.66,
40927,0.34,
40929,1.34,
40938,0.34,
40960,0.34,
40963,-0.66,
40966,-0.66,
40967,-0.66,
40968,-0.16,
40992,-0.16,
40999,-0.66,
41005,-0.66,
41009,-0.66,
41014,1.34,
41020,-2.16,
41035,-0.66,
41037,-0.66,
41062,-0.16,
41079,0.34,
41085,-0.16,
41096,0.34,
41098,-2.66,
41110,0.34,
41111,0.34,
41123,0.34,
41124,-2.66,
41132,-0.66,
41140,-0.66,
41163,0.84,
41176,-0.66,
41178,1.34,
41194,0.84,
41197,-2.66,
41200,0.34,
41201,0.34,
41206,0.34,
41247,0.34,
41253,0.84,
41262,-0.66,
41265,0.34,
41267,-0.66,
41276,0.34,
41283,0.84,
41284,-2.66,
41288,-3.16,
41301,-0.66,
41325,1.34,
41328,1.34,
41345,-2.66,
41346,1.34,
41355,0.34,
41363,0.34,
41372,0.84,
41374,0.34,
41384,-0.66,
41389,0.34,
41391,0.34,
41393,-1.66,
41404,-2.66,
41418,1.34,
41436,-0.66,
41444,0.34,
41449,-0.66,
41454,0.34,
41457,-0.66,
41459,-1.66,
41466,-0.16,
41468,1.34,
41473,0.34,
41477,1.34,
41478,1.34,
41482,0.34,
41484,0.34,
41486,0.34,
41487,0.34,
41496,0.84,
41517,0.34,
41527,1.34,
41532,-0.16,
41582,-0.66,
41597,0.34,
41605,0.34,
41607,0.34,
41612,1.34,
41613,1.34,
41628,-0.66,
41633,0.34,
41638,0.34,
41668,-0.66,
41671,0.34,
41706,0.34,
41714,0.34,
41721,-1.16,
41722,-1.66,
41727,-0.66,
41746,0.34,
41747,-0.66,
41749,-0.16,
41758,1.34,
41766,-2.66,
41770,-0.66,
41778,1.34,
41818,0.34,
41821,0.34,
41829,0.34,
41838,-0.66,
41840,1.34,
41848,1.34,
41861,-0.66,
41864,0.34,
41865,0.34,
41870,-2.16,
41871,1.34,
41872,-2.66,
41880,1.34,
41882,-0.66,
41883,0.34,
41891,0.34,
41897,-0.66,
41909,0.84,
41925,1.34,
41929,-0.16,
41932,0.34,
41943,-0.16,
41948,0.84,
41968,1.34,
41969,-0.66,
41982,-0.66,
41987,-2.66,
41995,-0.66,
41996,-1.66,
42005,-1.66,
42014,1.34,
42016,-1.16,
42019,-1.66,
42031,-0.66,
42032,-1.66,
42038,1.34,
42054,0.34,
42069,0.34,
42072,1.34,
42079,0.34,
42083,1.34,
42091,0.34,
42096,1.34,
42099,0.34,
42103,0.34,
42108,0.34,
42119,0.34,
42124,-1.16,
42131,1.34,
42165,1.34,
42177,0.34,
42184,0.34,
42186,-0.66,
42199,1.34,
42204,0.84,
42207,1.34,
42225,-0.66,
42228,0.34,
42245,-0.16,
42246,-0.66,
42257,1.34,
42258,1.34,
42259,1.34,
42266,-0.66,
42276,1.34,
42284,0.34,
42290,1.34,
42300,-2.66,
42314,1.34,
42315,0.34,
42331,1.34,
42333,0.34,
42352,-0.66,
42353,0.84,
42357,0.34,
42358,1.34,
42362,-1.16,
42365,0.34,
42366,-0.66,
42368,0.34,
42369,-0.66,
42384,0.34,
42386,-0.66,
42387,-0.66,
42391,1.34,
42405,0.34,
42407,0.34,
42420,0.34,
42421,-0.66,
42424,0.34,
42433,-0.16,
42440,0.34,
42449,-1.66,
42454,0.84,
42456,-0.16,
42471,0.34,
42473,-0.66,
42481,0.34,
42491,-0.16,
42506,0.84,
42509,-1.66,
42524,-0.66,
42536,0.34,
42553,1.34,
42560,0.84,
42569,0.34,
42573,1.34,
42578,-1.16,
42581,1.34,
42604,0.34,
42615,0.84,
42619,0.34,
42625,-0.66,
42626,0.34,
42630,-0.66,
42636,1.34,
42640,0.34,
42642,-0.66,
42645,-0.66,
42690,0.84,
42692,0.34,
42696,1.34,
42699,-0.66,
42722,-1.16,
42726,-0.16,
42738,-0.66,
42740,0.84,
42742,0.34,
42745,0.84,
42747,-0.16,
42748,1.34,
42750,0.84,
42751,0.34,
42753,-0.16,
42781,1.34,
42782,0.34,
42786,0.34,
42794,1.34,
42806,1.34,
42811,0.34,
42829,-0.16,
42832,1.34,
42836,0.34,
42842,-0.66,
42853,1.34,
42857,-0.66,
42859,1.34,
42861,0.34,
42881,0.34,
42897,0.84,
42898,1.34,
42913,0.34,
42919,0.34,
42920,0.34,
42921,1.34,
42927,0.34,
42929,0.34,
42933,-0.16,
42935,-1.66,
42943,-0.66,
42950,-0.66,
42955,-0.66,
42956,1.34,
42957,-0.16,
42958,-0.66,
42965,0.34,
42970,-1.66,
42989,-0.66,
42992,0.34,
43005,0.84,
43029,-1.66,
43030,1.34,
43057,-2.66,
43062,1.34,
43065,-0.66,
43087,0.34,
43093,1.34,
43097,0.34,
43105,-2.66,
43131,-0.66,
43138,-0.66,
43156,0.34,
43166,-0.66,
43173,-1.66,
43180,0.34,
43188,1.34,
43189,0.34,
43193,-1.66,
43194,-0.66,
43216,1.34,
43221,0.84,
43227,-0.66,
43229,0.84,
43236,1.34,
43237,1.34,
43255,-0.66,
43262,1.34,
43267,0.34,
43283,0.34,
43294,-2.66,
43296,0.34,
43317,-0.66,
43328,-0.66,
43336,0.34,
43345,0.34,
43351,-1.66,
43356,1.34,
43358,-0.16,
43363,0.34,
43378,1.34,
43379,-0.66,
43384,0.84,
43385,0.34,
43396,1.34,
43401,1.34,
43402,0.34,
43419,1.34,
43423,0.34,
43427,1.34,
43430,-0.66,
43459,1.34,
43478,0.84,
43491,0.34,
43492,0.34,
43500,1.34,
43517,-1.66,
43521,0.34,
43539,-0.16,
43540,1.34,
43545,0.34,
43578,-1.66,
43579,0.34,
43585,0.34,
43590,-0.16,
43596,-0.66,
43602,0.84,
43610,0.34,
43618,-0.16,
43621,0.34,
43622,-0.66,
43645,0.34,
43657,0.34,
43666,0.34,
43668,0.34,
43671,1.34,
43679,-2.66,
43683,-0.16,
43688,-0.66,
43700,-0.66,
43707,-0.66,
43716,0.34,
43718,0.34,
43722,-2.66,
43728,-0.66,
43732,-0.66,
43741,-0.66,
43747,0.84,
43748,-0.66,
43756,-1.66,
43758,0.34,
43763,0.34,
43764,0.34,
43765,-0.66,
43767,0.84,
43772,-0.66,
43781,-0.66,
43784,-0.66,
43810,-0.16,
43814,1.34,
43818,1.34,
43819,1.34,
43820,0.34,
43849,-1.66,
43859,0.34,
43864,0.34,
43868,-0.66,
43869,0.34,
43905,0.34,
43907,0.34,
43912,-0.66,
43914,0.84,
43920,0.34,
43925,0.34,
43928,0.34,
43936,-2.66,
43945,0.34,
43953,0.34,
43961,-0.66,
43974,0.34,
43989,0.34,
43996,-0.66,
43997,0.84,
44018,0.34,
44022,-0.66,
44038,0.34,
44072,-0.66,
44074,1.34,
44076,0.34,
44077,0.34,
44079,0.34,
44087,-2.66,
44111,-0.16,
44127,-0.66,
44139,1.34,
44142,1.34,
44145,-0.66,
44186,1.34,
44222,1.34,
44229,0.34,
44239,1.34,
44254,-0.66,
44256,0.34,
44270,-0.66,
44283,1.34,
44296,0.84,
44299,-0.16,
44302,-2.66,
44317,0.84,
44322,-2.16,
44338,0.34,
44365,-0.16,
44374,-0.66,
44384,0.34,
44385,-0.66,
44386,0.34,
44407,1.34,
44434,-0.66,
44439,0.34,
44443,-0.66,
44458,0.84,
44476,-0.66,
44481,-0.16,
44484,-0.66,
44492,1.34,
44497,0.84,
44501,-0.16,
44507,0.34,
44511,-0.66,
44512,0.34,
44519,-0.66,
44524,0.34,
44530,0.34,
44531,0.34,
44537,0.34,
44538,-0.66,
44545,1.34,
44546,-0.66,
44565,-1.66,
44566,-0.66,
44567,0.34,
44568,1.34,
44574,-0.66,
44576,-1.66,
44577,1.34,
44630,0.34,
44638,-2.66,
44645,1.34,
44650,0.34,
44651,1.34,
44652,1.34,
44659,0.34,
44663,0.84,
44666,-0.66,
44678,0.34,
44681,-0.66,
44717,-0.66,
44741,0.34,
44762,-0.66,
44773,-0.66,
44788,0.34,
44796,0.34,
44802,1.34,
44809,0.34,
44820,-0.66,
44839,0.34,
44842,-0.66,
44846,-0.16,
44851,0.34,
44854,1.34,
44855,1.34,
44863,0.34,
44873,1.34,
44882,0.34,
44885,-0.66,
44886,0.34,
44890,-1.66,
44925,0.34,
44926,0.34,
44953,-0.66,
44966,-0.66,
44967,-1.66,
44972,-0.16,
44986,-0.66,
44995,0.34,
44996,-0.66,
45003,0.34,
45007,0.34,
45008,0.34,
45015,-0.16,
45024,0.34,
45037,1.34,
45043,-0.66,
45047,0.34,
45060,0.34,
45073,-3.16,
45096,-0.66,
45112,-1.16,
45114,1.34,
45119,-0.16,
45125,0.34,
45128,0.34,
45133,0.34,
45138,0.34,
45166,0.34,
45169,-0.66,
45175,1.34,
45186,-2.66,
45194,1.34,
45197,-0.66,
45206,0.34,
45223,1.34,
45231,-0.66,
45237,-2.16,
45255,-0.66,
45260,0.34,
45270,0.84,
45301,0.84,
45306,0.84,
45308,-0.66,
45309,-0.66,
45310,0.34,
45319,0.34,
45333,1.34,
45334,1.34,
45343,-2.66,
45352,-0.66,
45357,-3.16,
45359,0.34,
45364,-0.66,
45370,-1.16,
45372,0.34,
45386,0.34,
45406,0.34,
45407,0.34,
45408,0.34,
45420,-0.66,
45423,0.34,
45425,0.34,
45433,-1.66,
45435,0.34,
45436,0.34,
45481,-0.66,
45499,-1.16,
45512,0.34,
45513,0.34,
45518,0.84,
45533,1.34,
45567,1.34,
45589,1.34,
45594,-1.16,
45598,-0.66,
45600,-0.66,
45618,0.34,
45630,0.34,
45631,1.34,
45643,-0.16,
45644,0.34,
45679,-0.66,
45680,1.34,
45685,-0.16,
45695,0.34,
45699,1.34,
45709,-0.16,
45710,0.34,
45718,-0.66,
45721,-0.66,
45735,-0.66,
45740,-0.66,
45747,0.34,
45749,0.34,
45750,-1.66,
45767,-0.66,
45768,0.34,
45782,0.34,
45806,0.34,
45815,-2.66,
45826,0.34,
45834,0.34,
45837,1.34,
45852,0.34,
45857,1.34,
45865,1.34,
45866,0.34,
45883,0.34,
45887,1.34,
45891,0.34,
45898,-0.66,
45908,0.34,
45911,-0.66,
45912,-1.66,
45928,-0.66,
45935,0.34,
45937,0.84,
45940,-0.66,
45941,0.34,
45948,0.34,
45964,-2.66,
45969,0.34,
45970,1.34,
45974,-0.16,
45976,0.34,
45978,0.34,
45979,1.34,
45982,0.84,
45983,-0.16,
45987,0.34,
45989,1.34,
45994,0.34,
46014,0.34,
46043,0.34,
46063,0.34,
46068,1.34,
46071,1.34,
46072,-0.16,
46074,-0.16,
46089,-0.16,
46095,-0.16,
46097,1.34,
46112,0.34,
46115,-1.16,
46136,-1.66,
46137,-0.66,
46138,-0.66,
46146,-1.66,
46176,1.34,
46182,0.34,
46188,-0.16,
46207,0.34,
46211,1.34,
46215,-0.66,
46230,1.34,
46231,-0.16,
46243,1.34,
46247,1.34,
46265,-1.66,
46270,1.34,
46278,1.34,
46281,0.34,
46286,-2.66,
46308,-0.66,
46313,-0.16,
46319,-1.66,
46328,-2.16,
46337,0.34,
46355,-0.66,
46357,0.34,
46367,0.34,
46382,0.34,
46385,1.34,
46386,-0.66,
46391,1.34,
46393,1.34,
46396,0.84,
46407,1.34,
46423,1.34,
46434,-0.66,
46436,-0.16,
46447,1.34,
46461,0.34,
46470,-0.66,
46477,0.34,
46497,-0.66,
46498,-2.66,
46501,0.34,
46517,0.34,
46523,-0.66,
46524,0.34,
46529,-0.66,
46531,-0.16,
46534,0.34,
46545,-0.16,
46547,-0.66,
46549,-0.66,
46577,-0.66,
46579,0.34,
46583,1.34,
46594,0.34,
46597,-0.66,
46623,1.34,
46629,-1.66,
46635,-0.66,
46645,0.84,
46648,0.34,
46651,1.34,
46663,-1.66,
46674,-0.16,
46684,0.34,
46686,-1.66,
46689,0.34,
46704,-0.16,
46709,-2.66,
46712,0.34,
46714,0.34,
46716,0.34,
46719,1.34,
46721,0.34,
46726,0.34,
46732,1.34,
46733,-0.66,
46734,0.34,
46744,0.84,
46766,1.34,
46767,-2.66,
46769,1.34,
46776,-0.66,
46779,1.34,
46783,0.34,
46791,0.34,
46797,1.34,
46823,1.34,
46835,-0.16,
46836,0.34,
46841,0.34,
46843,-0.66,
46847,0.34,
46849,0.34,
46853,-0.66,
46859,-2.66,
46860,0.34,
46878,-0.66,
46894,0.34,
46896,-0.66,
46911,-0.66,
46913,-0.66,
46929,0.34,
46937,0.34,
46944,0.34,
46947,0.34,
46972,1.34,
46987,0.34,
46999,-1.66,
47002,1.34,
47007,1.34,
47009,0.34,
47016,0.34,
47021,-0.66,
47022,0.34,
47040,-0.66,
47066,-0.66,
47075,-0.66,
47081,-0.66,
47098,-0.66,
47111,0.34,
47120,-0.66,
47129,0.34,
47152,0.34,
47156,0.34,
47160,1.34,
47161,0.34,
47166,-0.16,
47173,0.34,
47186,0.34,
47203,1.34,
47205,0.34,
47212,-0.66,
47226,-0.66,
47230,0.34,
47234,0.34,
47235,0.34,
47251,0.34,
47267,-2.16,
47282,-0.66,
47289,-0.66,
47309,1.34,
47317,1.34,
47323,1.34,
47337,-0.66,
47342,0.34,
47343,-0.66,
47344,1.34,
47383,0.34,
47387,0.34,
47395,-1.16,
47402,-0.66,
47419,0.34,
47421,1.34,
47427,1.34,
47439,-0.16,
47440,1.34,
47451,0.34,
47469,-0.66,
47495,0.34,
47522,-0.66,
47542,0.34,
47543,-0.16,
47548,-0.66,
47550,0.34,
47561,1.34,
47568,-0.66,
47576,-0.66,
47581,0.34,
47586,-0.66,
47620,0.34,
47624,-0.66,
47629,0.84,
47634,0.84,
47638,0.34,
47654,0.34,
47676,1.34,
47688,-0.66,
47714,-2.66,
47722,-1.66,
47762,0.34,
47767,-1.16,
47775,1.34,
47805,0.34,
47848,0.34,
47875,0.34,
47878,-0.66,
47883,-0.66,
47890,0.84,
47896,-0.66,
47904,1.34,
47925,-0.16,
47931,1.34,
47934,0.34,
47935,1.34,
47965,0.34,
47972,1.34,
47977,-0.66,
47981,0.34,
47986,0.34,
47987,-0.66,
47989,-0.66,
48000,0.34,
48001,-0.16,
48007,-0.66,
48008,-0.66,
48012,1.34,
48016,0.84,
48021,0.34,
48025,0.34,
48031,-1.66,
48037,-0.66,
48043,-0.66,
48046,0.34,
48054,0.34,
48062,-0.16,
48065,0.34,
48068,0.84,
48082,0.34,
48097,-1.66,
48101,1.34,
48103,-0.66,
48110,-0.66,
48121,-0.66,
48125,-0.66,
48132,-0.66,
48136,0.34,
48141,1.34,
48144,-1.66,
48149,-0.66,
48162,-0.66,
48164,-1.66,
48194,-1.66,
48196,-2.66,
48221,0.84,
48223,0.34,
48225,0.34,
48231,0.34,
48232,1.34,
48235,0.34,
48273,-0.16,
48288,-0.66,
48290,-2.66,
48302,-0.66,
48318,1.34,
48323,-2.66,
48328,-0.16,
48332,0.34,
48344,-0.66,
48347,0.34,
48349,0.34,
48353,-0.66,
48365,-0.66,
48379,-0.66,
48389,0.34,
48392,0.34,
48395,-2.66,
48399,-1.66,
48403,-0.16,
48405,-1.66,
48410,-0.66,
48411,0.34,
48433,0.34,
48434,0.34,
48439,-0.66,
48444,0.84,
48452,0.34,
48470,-0.66,
48494,-0.66,
48502,-0.66,
48515,-1.16,
48526,-0.66,
48527,0.34,
48540,-0.66,
48545,0.34,
48551,0.34,
48556,1.34,
48558,0.34,
48563,0.34,
48565,0.34,
48590,1.34,
48593,-1.16,
48596,-0.66,
48601,1.34,
48602,-1.66,
48619,0.84,
48633,-0.16,
48638,0.34,
48643,-0.66,
48644,-0.66,
48655,-0.66,
48665,0.34,
48667,1.34,
48674,-0.66,
48677,-0.66,
48695,0.34,
48697,0.34,
48702,-0.66,
48703,0.34,
48707,1.34,
48727,0.84,
48729,-0.66,
48737,-2.16,
48751,-1.66,
48770,-0.66,
48773,0.34,
48783,0.84,
48786,-0.66,
48793,0.34,
48808,-0.66,
48819,0.34,
48827,1.34,
48835,-0.66,
48846,0.34,
48849,1.34,
48870,1.34,
48875,0.34,
48904,0.34,
48929,0.34,
48935,1.34,
48940,0.34,
48964,0.34,
48972,-0.16,
48976,-0.66,
49012,-0.66,
49016,-0.66,
49017,0.34,
49021,-0.66,
49039,0.34,
49040,0.84,
49048,1.34,
49055,1.34,
49067,0.34,
49068,-0.66,
49075,-0.16,
49081,-0.66,
49102,-1.16,
49114,0.34,
49122,1.34,
49134,0.34,
49141,-0.66,
49154,1.34,
49156,1.34,
49163,-2.66,
49169,-0.66,
49171,0.34,
49183,-0.66,
49190,-0.66,
49193,-0.66,
49200,0.34,
49204,0.34,
49206,-0.66,
49207,-1.66,
49209,0.34,
49212,-0.66,
49229,0.84,
49236,1.34,
49239,-1.66,
49244,1.34,
49251,-0.66,
49276,-0.16,
49281,1.34,
49285,-0.66,
49287,-0.66,
49321,1.34,
49328,1.34,
49330,1.34,
49350,1.34,
49355,-2.66,
49356,1.34,
49360,1.34,
49365,0.84,
49374,0.34,
49386,-0.66,
49392,-1.16,
49396,-1.66,
49408,-1.66,
49438,0.34,
49456,0.34,
49460,-1.66,
49465,-0.66,
49473,0.34,
49482,-0.66,
49494,0.34,
49501,-1.66,
49510,-0.66,
49518,-0.66,
49523,-0.66,
49532,-0.16,
49539,0.34,
49542,0.34,
49551,0.34,
49554,-0.16,
49562,1.34,
49568,1.34,
49572,-0.66,
49577,-0.66,
49622,1.34,
49656,-0.66,
49673,0.34,
49676,-1.66,
49694,0.34,
49698,-0.66,
49701,0.34,
49734,0.34,
49738,0.34,
49739,-0.66,
49756,-1.16,
49758,0.34,
49768,-0.66,
49773,0.34,
49775,1.34,
49776,-0.66,
49777,-0.66,
49778,-0.66,
49809,1.34,
49816,0.34,
49817,0.84,
49827,-2.66,
49847,1.34,
49850,-0.16,
49872,-0.66,
49877,0.34,
49883,0.34,
49898,-0.66,
49900,1.34,
49918,1.34,
49919,0.84,
49936,1.34,
49937,0.34,
49949,-0.16,
49952,0.34,
49953,-0.66,
49960,0.34,
49963,-0.66,
49965,-1.16,
49966,0.84,
49969,0.34,
49987,-0.66,
49990,-0.66,
49999,1.34,
50001,-1.66,
50003,1.34,
50008,-1.16,
50011,0.34,
50021,1.34,
50023,0.34,
50030,1.34,
50038,0.34,
50043,-0.66,
50045,0.84,
50047,-0.66,
50064,-0.66,
50069,-0.66,
50073,-0.66,
50085,-0.66,
50087,0.34,
50099,-0.66,
50101,1.34,
50104,1.34,
50105,-0.66,
50111,-0.16,
50180,0.34,
50184,-0.66,
50186,-0.66,
50192,0.34,
50194,0.34,
50202,-0.16,
50209,0.34,
50211,0.84,
50212,-0.66,
50213,0.34,
50222,1.34,
50228,-1.66,
50231,-0.66,
50247,-0.66,
50249,-0.66,
50261,0.34,
50285,0.34,
50286,-0.66,
50294,-0.66,
50297,0.34,
50299,-0.66,
50309,0.34,
50320,-2.66,
50330,-0.66,
50343,-0.66,
50367,-1.16,
50381,-1.66,
50382,0.34,
50389,0.34,
50393,-0.66,
50394,0.34,
50401,-1.66,
50404,1.34,
50408,-0.66,
50415,-2.66,
50421,1.34,
50429,0.34,
50445,0.34,
50481,0.34,
50507,0.34,
50518,-0.66,
50536,0.84,
50540,1.34,
50541,-0.16,
50543,0.34,
50545,0.84,
50556,-2.66,
50567,-0.16,
50571,0.34,
50572,0.84,
50575,0.34,
50577,0.34,
50587,-0.66,
50599,1.34,
50603,1.34,
50604,0.34,
50607,-0.66,
50615,1.34,
50625,1.34,
50656,-0.16,
50658,0.34,
50661,0.34,
50662,-0.66,
50663,0.34,
50672,-0.16,
50673,1.34,
50675,0.34,
50688,0.34,
50696,-0.66,
50707,1.34,
50712,-0.66,
50718,0.34,
50721,0.34,
50733,-0.66,
50734,-1.16,
50738,-2.66,
50741,-0.66,
50746,1.34,
50759,-1.66,
50774,0.84,
50780,0.34,
50781,-0.16,
50792,0.34,
50795,1.34,
50803,1.34,
50829,-0.66,
50852,-0.66,
50854,-0.66,
50855,-0.66,
50859,0.34,
50874,0.84,
50875,0.34,
50876,-0.66,
50878,-0.66,
50883,1.34,
50895,0.34,
50899,1.34,
50912,-0.66,
50915,-1.66,
50919,-1.66,
50926,0.34,
50930,-0.66,
50933,1.34,
50941,0.34,
50942,0.34,
50943,0.84,
50946,1.34,
50953,0.34,
50958,0.34,
50966,-0.66,
50967,0.34,
50975,-0.66,
50980,1.34,
50988,-0.66,
50989,-0.66,
51003,-0.66,
51009,0.34,
51012,0.34,
51020,-0.66,
51021,0.34,
51024,0.34,
51034,0.34,
51036,1.34,
51049,-1.16,
51067,-0.66,
51069,-1.66,
51074,0.84,
51080,0.34,
51084,-3.16,
51086,-1.66,
51094,-1.66,
51101,1.34,
51116,1.34,
51123,-1.66,
51124,1.34,
51126,0.34,
51141,0.34,
51143,1.34,
51152,-0.66,
51162,0.34,
51164,0.34,
51172,-0.66,
51197,1.34,
51199,-1.66,
51213,1.34,
51214,-0.66,
51217,0.84,
51227,0.84,
51233,-1.66,
51245,1.34,
51260,1.34,
51263,-1.66,
51278,-0.16,
51307,0.34,
51312,0.34,
51318,0.84,
51320,0.34,
51322,-0.66,
51327,-0.66,
51329,1.34,
51331,0.34,
51340,-0.66,
51344,0.34,
51364,0.34,
51384,0.84,
51410,0.34,
51423,0.34,
51424,0.34,
51438,0.34,
51439,-0.66,
51468,-0.16,
51489,0.84,
51501,1.34,
51507,0.34,
51518,-0.66,
51532,0.34,
51544,0.34,
51547,-0.66,
51551,-0.66,
51558,-2.66,
51560,-1.66,
51562,-1.66,
51586,1.34,
51596,0.34,
51599,0.34,
51607,-1.16,
51608,0.34,
51614,-0.66,
51638,1.34,
51649,0.34,
51652,-1.66,
51657,-0.66,
51668,0.34,
51669,0.34,
51683,-0.66,
51693,0.34,
51696,-1.66,
51703,-0.66,
51736,0.34,
51740,0.34,
51742,0.84,
51745,0.34,
51748,0.34,
51751,0.34,
51752,1.34,
51759,-0.66,
51770,1.34,
51777,-0.66,
51784,0.34,
51794,0.34,
51795,0.84,
51798,-1.66,
51804,0.84,
51816,0.34,
51829,1.34,
51830,0.34,
51834,0.34,
51838,-0.66,
51856,1.34,
51874,-0.66,
51878,-0.66,
51879,0.34,
51883,0.34,
51891,0.34,
51899,-0.66,
51900,-1.66,
51906,-0.66,
51912,0.34,
51914,-0.66,
51923,0.84,
51936,-0.66,
51943,-1.66,
51955,-0.66,
51964,0.34,
51965,0.84,
51969,0.34,
51976,-2.66,
51978,-1.66,
51990,-0.66,
51993,0.34,
51994,-0.16,
52004,-0.16,
52009,0.34,
52016,1.34,
52036,1.34,
52039,0.34,
52043,0.34,
52054,-2.66,
52062,-0.66,
52063,-1.66,
52066,-0.66,
52070,-0.66,
52082,0.84,
52084,0.34,
52095,0.34,
52098,1.34,
52114,1.34,
52115,0.34,
52116,0.84,
52135,0.34,
52143,0.34,
52158,-0.66,
52161,-0.66,
52163,0.34,
52210,1.34,
52225,-1.66,
52226,1.34,
52269,0.34,
52273,-2.66,
52288,-1.66,
52302,-0.66,
52321,1.34,
52342,-1.66,
52351,-0.16,
52355,1.34,
52361,1.34,
52369,-0.66,
52394,-0.66,
52407,0.34,
52412,0.34,
52419,0.34,
52422,0.84,
52423,0.34,
52448,0.34,
52457,-1.16,
52460,-1.66,
52465,0.34,
52473,1.34,
52479,-0.16,
52483,-0.66,
52490,1.34,
52496,1.34,
52502,-0.16,
52507,0.34,
52514,-0.66,
52518,0.34,
52520,0.84,
52532,0.34,
52540,0.34,
52543,0.34,
52552,1.34,
52554,-0.66,
52557,0.34,
52561,0.34,
52563,-0.66,
52572,0.34,
52575,0.34,
52597,0.34,
52617,-3.16,
52618,0.34,
52642,-0.66,
52651,-2.66,
52660,0.34,
52661,-1.66,
52685,-0.16,
52696,1.34,
52704,-0.66,
52706,0.34,
52724,1.34,
52729,0.34,
52736,0.34,
52737,1.34,
52738,-1.16,
52739,0.34,
52757,0.34,
52762,0.34,
52768,-1.66,
52794,0.34,
52814,-1.16,
52815,-0.66,
52831,0.84,
52835,0.34,
52839,0.34,
52845,1.34,
52847,0.34,
52854,-0.66,
52868,-0.16,
52875,-0.66,
52877,0.84,
52886,-0.16,
52892,0.34,
52898,-0.66,
52900,0.34,
52903,-1.66,
52909,-0.66,
52914,-0.66,
52918,0.34,
52921,0.34,
52922,0.34,
52926,-0.66,
52927,0.34,
52932,0.34,
52933,0.34,
52954,0.34,
52958,0.34,
52963,-0.66,
52972,0.34,
52973,0.34,
52975,-0.66,
52994,-0.16,
52996,-0.66,
53018,0.84,
53027,0.34,
53032,-0.66,
53039,0.34,
53052,-0.66,
53053,-0.66,
53060,-0.16,
53061,-0.66,
53063,0.34,
53081,1.34,
53093,0.34,
53112,-1.66,
53116,0.84,
53129,0.84,
53134,-0.66,
53144,1.34,
53158,-0.66,
53162,0.34,
53168,-0.66,
53171,0.34,
53172,-1.66,
53178,0.34,
53184,-0.66,
53218,-1.66,
53226,-0.66,
53227,-1.16,
53229,-0.66,
53245,0.34,
53258,-1.66,
53265,-0.66,
53266,-2.66,
53272,0.34,
53280,0.34,
53288,1.34,
53289,1.34,
53295,-0.66,
53297,0.34,
53301,1.34,
53308,-1.16,
53311,-0.66,
53313,1.34,
53314,0.34,
53327,0.84,
53335,1.34,
53338,1.34,
53349,0.34,
53360,-0.66,
53363,-1.66,
53364,1.34,
53368,0.34,
53375,1.34,
53399,-1.16,
53409,-1.66,
53426,-0.66,
53433,0.34,
53447,1.34,
53448,0.34,
53455,-0.66,
53458,-0.66,
53469,0.34,
53475,-0.16,
53495,1.34,
53529,0.34,
53538,0.34,
53567,0.84,
53577,0.34,
53600,-0.66,
53605,0.34,
53607,0.34,
53608,0.84,
53638,1.34,
53640,0.84,
53656,0.34,
53658,0.34,
53660,-0.66,
53682,1.34,
53697,1.34,
53699,-0.66,
53708,1.34,
53715,0.34,
53718,0.84,
53724,0.34,
53732,0.34,
53734,0.34,
53738,1.34,
53742,-1.16,
53747,0.34,
53783,1.34,
53788,-1.66,
53793,-0.66,
53795,0.34,
53804,-1.66,
53811,1.34,
53822,0.34,
53823,0.34,
53830,-1.16,
53845,-0.16,
53852,0.34,
53857,-0.66,
53858,1.34,
53866,-0.66,
53879,0.34,
53894,1.34,
53898,-0.16,
53905,0.34,
53926,0.34,
53927,0.34,
53930,-0.16,
53931,-0.66,
53936,-0.66,
53938,0.34,
53941,-0.66,
53945,1.34,
53950,0.34,
53953,-0.66,
53955,-0.66,
53970,-0.66,
53972,0.34,
53974,-0.66,
53983,0.34,
54001,-0.66,
54009,0.34,
54023,-0.66,
54030,-0.66,
54031,1.34,
54036,0.34,
54042,0.34,
54060,1.34,
54063,0.34,
54074,0.84,
54089,0.34,
54097,1.34,
54106,0.34,
54107,1.34,
54113,1.34,
54122,-2.66,
54123,1.34,
54128,0.34,
54134,0.34,
54135,0.34,
54147,-0.66,
54148,-0.66,
54160,1.34,
54164,-0.66,
54166,-1.66,
54168,0.34,
54210,-0.66,
54214,0.34,
54216,-2.66,
54221,0.34,
54227,0.84,
54229,1.34,
54251,-1.66,
54252,1.34,
54257,-0.66,
54259,0.34,
54273,1.34,
54279,1.34,
54296,-0.66,
54301,0.34,
54305,0.34,
54314,1.34,
54332,1.34,
54369,-2.66,
54371,-0.66,
54375,-0.66,
54378,-0.66,
54380,0.84,
54386,0.34,
54388,0.34,
54411,0.34,
54423,-0.66,
54424,-1.66,
54436,-0.66,
54443,1.34,
54448,-0.66,
54449,1.34,
54450,1.34,
54454,-1.16,
54456,-0.66,
54459,-1.66,
54465,0.34,
54469,1.34,
54478,-1.16,
54479,-1.66,
54480,-0.66,
54485,1.34,
54488,-0.66,
54490,-0.16,
54494,0.34,
54495,0.34,
54507,0.34,
54512,-0.66,
54531,-0.66,
54548,-0.66,
54549,0.34,
54552,0.34,
54558,-0.66,
54575,0.84,
54581,-0.66,
54590,-0.66,
54592,0.34,
54595,-0.66,
54605,0.34,
54617,-0.66,
54626,-0.66,
54633,0.34,
54640,1.34,
54650,0.34,
54667,-1.16,
54668,0.34,
54673,0.34,
54674,0.34,
54675,-0.66,
54685,-0.66,
54693,0.34,
54699,0.34,
54700,0.34,
54706,-1.66,
54717,-2.66,
54720,-1.66,
54729,0.34,
54739,-0.16,
54751,-0.66,
54753,-0.16,
54766,0.34,
54772,-0.66,
54806,1.34,
54814,0.34,
54816,-0.66,
54823,-0.66,
54824,-1.66,
54825,0.84,
54837,0.34,
54840,0.34,
54844,-0.66,
54866,-0.16,
54869,-0.66,
54870,-0.66,
54881,0.34,
54917,0.84,
54949,0.84,
54957,-1.16,
54968,-0.66,
54972,-2.66,
54977,0.84,
54978,1.34,
54986,-0.66,
54988,-0.66,
54992,-0.66,
54994,-0.66,
54995,-0.66,
54996,-0.66,
55008,-0.66,
55023,0.34,
55034,-1.16,
55035,0.34,
55039,1.34,
55066,1.34,
55067,0.34,
55069,1.34,
55076,-2.66,
55077,-0.66,
55097,0.34,
55102,-0.66,
55139,0.34,
55152,1.34,
55170,0.34,
55173,-0.66,
55174,1.34,
55178,0.34,
55196,-1.66,
55200,0.34,
55212,0.34,
55220,-0.66,
55224,-1.16,
55227,-2.66,
55231,0.34,
55237,0.84,
55243,1.34,
55244,0.34,
55247,-0.66,
55250,1.34,
55251,-0.16,
55255,0.34,
55256,0.34,
55264,-0.66,
55267,-0.66,
55268,1.34,
55269,0.34,
55278,-1.66,
55287,0.34,
55296,-0.66,
55299,0.34,
55302,0.34,
55304,1.34,
55305,-1.66,
55307,0.34,
55312,1.34,
55328,0.34,
55330,0.34,
55344,-0.66,
55364,-0.66,
55365,-0.66,
55369,0.34,
55377,-0.66,
55389,0.84,
55395,0.34,
55398,-0.66,
55406,-1.66,
55411,-0.66,
55420,0.34,
55422,0.34,
55429,0.34,
55432,0.34,
55434,1.34,
55436,-0.66,
55442,0.84,
55446,1.34,
55448,-0.66,
55457,1.34,
55464,0.34,
55466,0.34,
55487,-0.66,
55489,-1.16,
55493,1.34,
55510,-0.66,
55519,-0.66,
55522,0.34,
55556,-0.66,
55578,-0.66,
55580,1.34,
55589,-0.66,
55597,-0.66,
55598,-0.66,
55602,0.34,
55606,0.34,
55620,0.34,
55621,-0.66,
55631,1.34,
55633,-0.66,
55651,0.84,
55666,-1.66,
55672,0.34,
55692,1.34,
55694,1.34,
55695,1.34,
55702,-0.66,
55703,1.34,
55708,0.34,
55709,-1.66,
55715,-1.16,
55722,-1.66,
55738,-1.16,
55744,-1.66,
55756,0.34,
55780,-3.16,
55781,1.34,
55790,-1.66,
55792,-1.16,
55804,1.34,
55820,-0.66,
55854,-0.66,
55880,1.34,
55887,0.34,
55889,-0.66,
55899,-0.66,
55916,-0.66,
55939,0.34,
55942,-1.66,
55944,-0.66,
55956,0.84,
55962,0.34,
55965,-0.66,
55999,-1.66,
56001,0.34,
56019,-0.66,
56022,0.84,
56023,-0.66,
56031,-0.66,
56032,-0.66,
56034,-0.16,
56055,-1.16,
56063,1.34,
56083,0.34,
56089,-1.66,
56091,0.34,
56099,1.34,
56103,0.34,
56107,0.34,
56110,-0.66,
56118,-0.16,
56136,-0.16,
56139,1.34,
56165,-0.66,
56168,1.34,
56177,-0.66,
56178,0.84,
56202,-0.66,
56205,1.34,
56218,-0.16,
56220,0.84,
56228,1.34,
56242,0.34,
56245,1.34,
56255,1.34,
56270,-0.66,
56273,-0.66,
56277,0.34,
56291,1.34,
56292,0.34,
56309,-0.66,
56322,-0.66,
56331,0.34,
56341,0.34,
56343,-1.66,
56349,-2.66,
56351,-0.16,
56359,-0.66,
56360,-0.66,
56366,-0.66,
56367,-0.66,
56409,-0.66,
56424,0.34,
56435,1.34,
56440,0.34,
56451,0.84,
56457,-0.16,
56465,0.34,
56492,-3.16,
56497,0.34,
56504,1.34,
56511,1.34,
56518,-0.16,
56520,0.84,
56527,-0.66,
56548,0.34,
56562,0.34,
56572,-1.16,
56573,0.34,
56579,0.34,
56587,-0.66,
56588,0.34,
56597,1.34,
56609,0.34,
56635,1.34,
56652,0.34,
56655,-2.66,
56675,0.34,
56687,0.34,
56699,-0.66,
56707,1.34,
56720,1.34,
56724,0.34,
56726,-0.66,
56731,-0.66,
56741,0.34,
56749,0.34,
56750,0.34,
56753,-0.16,
56763,-1.66,
56766,-0.66,
56790,-0.16,
56804,0.34,
56807,0.34,
56812,0.34,
56820,0.34,
56823,-0.66,
56849,1.34,
56852,0.34,
56859,0.34,
56863,0.84,
56865,0.34,
56866,-3.16,
56879,-1.66,
56885,-0.66,
56887,-0.66,
56895,-1.66,
56906,0.34,
56917,0.34,
56921,1.34,
56923,-0.66,
56932,1.34,
56956,0.34,
56963,0.34,
56969,1.34,
56970,0.34,
56972,1.34,
56976,0.84,
56980,-0.16,
57009,-0.66,
57013,0.34,
57027,1.34,
57045,1.34,
57046,-0.66,
57048,-1.16,
57050,-0.16,
57051,0.34,
57056,0.34,
57067,-0.16,
57068,0.34,
57072,-0.66,
57095,0.34,
57101,0.34,
57110,-0.66,
57113,-2.66,
57136,-1.66,
57142,1.34,
57145,-0.16,
57156,1.34,
57163,-0.66,
57167,1.34,
57170,-0.16,
57178,0.34,
57183,1.34,
57199,0.34,
57206,-0.66,
57218,0.34,
57219,-0.66,
57220,1.34,
57223,0.34,
57226,0.34,
57232,1.34,
57240,1.34,
57248,-0.16,
57264,0.34,
57287,-1.66,
57289,1.34,
57295,-0.66,
57303,-0.66,
57305,0.34,
57319,-2.66,
57329,1.34,
57345,0.84,
57350,0.84,
57352,0.34,
57353,-3.16,
57366,0.34,
57369,0.34,
57372,-0.66,
57380,0.34,
57390,-2.66,
57395,0.34,
57398,0.34,
57418,-0.66,
57420,-0.16,
57423,0.34,
57441,-0.66,
57500,0.34,
57509,-1.66,
57510,-0.66,
57521,1.34,
57522,0.34,
57528,0.34,
57536,-0.66,
57542,0.84,
57543,0.34,
57545,-2.16,
57557,-0.66,
57566,-0.66,
57570,0.34,
57589,0.34,
57594,-3.16,
57598,-2.66,
57604,-2.66,
57623,-0.16,
57633,0.34,
57637,0.84,
57653,-0.66,
57677,0.34,
57678,0.34,
57682,-0.66,
57696,1.34,
57726,0.34,
57727,-1.66,
57735,-0.66,
57737,1.34,
57756,1.34,
57767,0.34,
57772,1.34,
57787,-1.16,
57823,0.34,
57829,0.84,
57849,1.34,
57872,1.34,
57874,-0.66,
57875,1.34,
57883,-0.66,
57886,0.34,
57888,0.34,
57897,-0.66,
57899,1.34,
57903,1.34,
57920,1.34,
57923,0.84,
57934,0.34,
57950,0.34,
57953,1.34,
57959,-0.16,
57966,0.34,
57973,-0.66,
57977,-2.16,
57989,1.34,
57993,0.34,
58003,1.34,
58015,0.84,
58019,1.34,
58021,-1.16,
58027,-0.16,
58029,0.34,
58033,-0.66,
58056,-0.66,
58065,0.34,
58072,0.34,
58088,-1.66,
58099,0.34,
58110,-0.16,
58122,-0.66,
58123,-0.16,
58125,-0.16,
58128,1.34,
58140,0.34,
58143,0.34,
58155,-1.66,
58170,0.34,
58177,0.34,
58180,0.84,
58203,1.34,
58226,-0.16,
58233,-1.66,
58237,0.34,
58238,0.34,
58240,0.34,
58243,0.34,
58245,-0.66,
58256,-0.66,
58262,1.34,
58266,1.34,
58271,0.34,
58277,-0.66,
58281,0.34,
58326,-0.16,
58327,-2.66,
58332,0.34,
58346,0.34,
58350,0.34,
58353,0.34,
58359,-0.16,
58384,-0.66,
58402,0.34,
58406,0.84,
58419,-0.66,
58421,1.34,
58429,1.34,
58447,-1.66,
58451,0.84,
58459,-1.66,
58471,-0.66,
58488,-0.16,
58501,0.84,
58507,-0.66,
58530,0.34,
58536,-0.66,
58538,0.34,
58539,-0.66,
58540,-0.66,
58543,0.34,
58554,0.34,
58565,0.34,
58569,-0.66,
58592,-0.66,
58598,-0.66,
58604,1.34,
58612,1.34,
58614,-0.66,
58628,-0.66,
58648,0.84,
58650,-1.66,
58652,-0.66,
58658,0.34,
58660,-0.66,
58664,0.34,
58675,0.34,
58677,-0.66,
58690,-0.66,
58701,-0.16,
58705,0.34,
58707,0.34,
58708,0.34,
58713,0.34,
58731,0.34,
58735,-0.16,
58742,-0.66,
58745,0.34,
58758,0.34,
58759,-2.66,
58769,-0.66,
58771,-0.66,
58773,-2.66,
58774,1.34,
58781,0.34,
58785,-0.66,
58802,0.84,
58816,1.34,
58823,1.34,
58835,-0.16,
58841,0.84,
58869,-0.16,
58881,0.34,
58883,1.34,
58895,-0.66,
58922,0.34,
58925,0.34,
58943,0.34,
58953,-0.66,
58972,0.34,
58986,-0.66,
58987,0.84,
58996,-0.66,
58999,0.84,
59004,0.34,
59010,0.34,
59017,-1.16,
59019,-0.66,
59024,-0.66,
59031,-0.66,
59033,0.34,
59035,0.34,
59041,0.34,
59046,1.34,
59069,-0.66,
59086,0.34,
59098,0.34,
59134,0.34,
59137,-1.66,
59140,0.34,
59148,0.34,
59149,0.34,
59151,-0.66,
59153,0.34,
59154,0.34,
59167,-0.16,
59196,0.34,
59197,-0.66,
59200,-0.66,
59202,-0.66,
59205,0.34,
59226,0.34,
59234,-0.66,
59238,1.34,
59241,0.34,
59253,-3.16,
59263,-1.66,
59269,0.34,
59271,0.34,
59285,1.34,
59286,-0.66,
59288,0.34,
59301,0.34,
59302,0.34,
59316,-0.16,
59332,0.34,
59338,0.34,
59340,-0.66,
59345,1.34,
59348,-1.66,
59349,1.34,
59359,0.34,
59362,0.84,
59365,-2.66,
59366,-1.66,
59378,-0.66,
59388,0.34,
59393,-0.66,
59406,1.34,
59407,-0.66,
59409,-1.16,
59414,-0.16,
59429,-0.66,
59431,1.34,
59445,0.34,
59457,0.34,
59477,-0.16,
59479,-0.66,
59482,1.34,
59485,-0.66,
59528,-1.16,
59531,1.34,
59538,-1.16,
59543,0.34,
59544,-0.16,
59555,-0.66,
59558,-0.66,
59574,0.34,
59583,-0.16,
59585,0.34,
59589,1.34,
59597,1.34,
59601,0.84,
59603,0.34,
59628,-1.66,
59638,-0.66,
59658,-2.66,
59677,1.34,
59685,1.34,
59691,-0.16,
59694,1.34,
59696,0.34,
59702,-2.66,
59719,-0.66,
59726,-2.66,
59734,-1.66,
59736,-0.16,
59745,1.34,
59748,1.34,
59753,0.34,
59754,-1.66,
59755,0.34,
59780,0.34,
59781,0.34,
59783,-0.66,
59788,-0.66,
59789,-2.66,
59790,0.34,
59792,-0.16,
59794,-1.16,
59795,0.34,
59802,-0.16,
59821,1.34,
59826,0.34,
59841,1.34,
59852,0.34,
59857,-0.66,
59872,0.34,
59873,0.84,
59876,1.34,
59878,-0.66,
59888,-0.66,
59891,-0.66,
59909,-0.16,
59923,0.34,
59930,0.34,
59942,0.34,
59952,0.34,
59959,-0.66,
59962,0.34,
59970,0.34,
59984,-0.66,
60015,0.84,
60018,-0.16,
60020,0.34,
60021,-0.66,
60027,1.34,
60056,0.84,
60059,1.34,
60060,-0.66,
60080,-0.66,
60081,0.34,
60095,0.34,
60098,-0.66,
60109,-0.66,
60135,-0.66,
60141,1.34,
60159,-1.66,
60176,-0.16,
60178,1.34,
60181,-0.66,
60188,0.34,
60196,0.34,
60200,-0.66,
60203,0.34,
60210,-0.16,
60217,0.34,
60221,-1.66,
60247,-0.66,
60256,-0.66,
60267,-0.16,
60279,-0.66,
60303,1.34,
60309,-0.66,
60323,0.34,
60333,-1.66,
60334,-0.66,
60369,-1.66,
60378,-0.16,
60383,-0.66,
60411,1.34,
60417,0.34,
60442,-0.66,
60453,-0.66,
60457,-3.16,
60461,1.34,
60496,-0.66,
60505,0.34,
60506,1.34,
60533,-0.66,
60542,1.34,
60543,0.34,
60562,0.34,
60569,1.34,
60582,1.34,
60593,-0.66,
60602,-1.66,
60612,1.34,
60630,-2.66,
60632,0.34,
60635,1.34,
60654,-1.66,
60655,0.34,
60670,-0.66,
60697,0.34,
60698,-1.66,
60705,0.34,
60707,-0.16,
60711,-0.66,
60722,-1.16,
60749,0.34,
60762,0.34,
60767,-0.66,
60772,-0.66,
60773,1.34,
60777,0.34,
60808,0.34,
60817,-0.66,
60836,-1.66,
60844,-0.66,
60845,-1.66,
60852,-0.66,
60868,-0.66,
60872,-1.66,
60875,-0.66,
60882,-0.16,
60891,1.34,
60909,0.34,
60912,-0.66,
60915,1.34,
60923,-0.66,
60929,0.34,
60945,-0.66,
60950,-0.66,
60976,0.34,
60978,-1.66,
60989,0.34,
61000,0.34,
61030,-0.16,
61035,-0.66,
61041,0.84,
61042,1.34,
61048,-1.66,
61051,-0.66,
61053,0.34,
61062,-0.66,
61066,-0.66,
61067,0.34,
61069,0.34,
61096,-0.66,
61106,-1.66,
61107,-0.16,
61108,1.34,
61112,0.34,
61115,1.34,
61156,-0.66,
61168,-1.16,
61186,-0.66,
61195,-1.66,
61206,0.84,
61208,1.34,
61216,0.34,
61237,0.34,
61245,0.34,
61248,-0.66,
61285,0.34,
61305,0.34,
61319,-3.16,
61320,0.34,
61323,-0.66,
61327,0.34,
61330,0.84,
61340,0.34,
61341,-0.16,
61342,1.34,
61349,-1.16,
61356,-0.66,
61368,-1.66,
61374,1.34,
61375,0.34,
61377,-0.66,
61379,0.84,
61382,0.34,
61393,-0.66,
61405,0.34,
61416,0.34,
61425,-0.66,
61432,-0.66,
61435,0.34,
61443,1.34,
61449,-0.66,
61450,-0.66,
61456,0.34,
61468,0.84,
61470,0.34,
61479,0.34,
61487,-0.16,
61493,-1.16,
61494,-0.66,
61495,0.34,
61496,1.34,
61503,-0.66,
61507,0.34,
61530,0.34,
61558,-0.16,
61567,-0.66,
61568,0.34,
61589,0.84,
61616,-0.16,
61620,-0.16,
61627,-1.66,
61638,1.34,
61649,-0.66,
61656,1.34,
61657,1.34,
61662,-1.66,
61663,-0.66,
61667,-0.16,
61681,0.34,
61687,0.84,
61688,1.34,
61696,0.34,
61699,-0.66,
61701,-1.66,
61703,1.34,
61706,-1.66,
61709,0.34,
61712,-1.66,
61714,-1.66,
61718,0.34,
61729,0.34,
61735,0.34,
61736,1.34,
61737,0.84,
61740,0.34,
61744,0.34,
61745,1.34,
61764,1.34,
61775,-3.16,
61806,0.34,
61811,-0.66,
61815,0.34,
61820,-0.66,
61824,0.34,
61834,-0.66,
61845,-1.66,
61848,1.34,
61853,1.34,
61858,1.34,
61860,-0.16,
61887,-0.66,
61903,0.34,
61917,-1.16,
61923,-1.66,
61925,0.34,
61929,0.84,
61932,1.34,
61944,-0.66,
61945,1.34,
61961,0.84,
61982,1.34,
61985,0.34,
61991,0.84,
61996,-0.66,
62030,0.84,
62038,0.34,
62040,1.34,
62070,0.84,
62073,-0.66,
62075,0.34,
62076,0.34,
62078,0.34,
62079,1.34,
62087,1.34,
62089,-0.16,
62095,-0.66,
62102,0.34,
62103,-0.66,
62105,0.34,
62130,0.34,
62134,-0.66,
62139,0.34,
62142,-0.16,
62156,0.34,
62160,0.84,
62184,0.34,
62204,0.34,
62217,-1.66,
62235,-0.66,
62250,-0.66,
62259,-0.16,
62265,0.34,
62268,-0.66,
62288,-0.66,
62304,0.34,
62317,1.34,
62319,1.34,
62337,-0.66,
62345,0.34,
62350,1.34,
62353,0.34,
62357,0.84,
62368,-0.66,
62375,1.34,
62385,0.34,
62392,-0.66,
62397,0.34,
62399,0.34,
62401,-0.66,
62409,0.84,
62420,1.34,
62422,0.34,
62426,0.34,
62430,-0.16,
62433,0.34,
62445,-0.16,
62446,0.84,
62453,-0.66,
62454,0.34,
62466,-0.16,
62469,-0.66,
62480,0.34,
62490,-0.66,
62502,1.34,
62512,-0.16,
62524,0.34,
62525,1.34,
62546,-0.66,
62554,0.34,
62556,0.34,
62573,0.34,
62577,1.34,
62584,1.34,
62599,-0.66,
62616,-1.66,
62623,1.34,
62625,0.34,
62641,0.34,
62644,0.34,
62659,0.34,
62674,-0.66,
62680,1.34,
62688,0.34,
62696,0.34,
62700,0.34,
62703,1.34,
62705,0.34,
62715,0.34,
62730,-0.16,
62742,0.34,
62749,0.34,
62757,0.34,
62758,-1.66,
62773,-0.66,
62779,1.34,
62785,0.34,
62795,1.34,
62799,0.34,
62800,0.34,
62803,0.34,
62811,0.34,
62812,-0.16,
62835,0.34,
62849,1.34,
62862,-0.66,
62873,-0.66,
62881,-0.16,
62887,1.34,
62897,-0.16,
62908,0.34,
62917,1.34,
62925,-0.66,
62929,1.34,
62946,0.34,
62954,0.34,
62959,0.34,
62962,0.34,
62964,0.34,
62969,0.34,
62975,-0.66,
62984,0.34,
62990,-0.66,
62996,-1.16,
63000,0.34,
63011,1.34,
63022,-0.66,
63028,0.34,
63037,0.34,
63045,-0.66,
63046,-1.16,
63048,0.34,
63055,-2.66,
63071,-0.16,
63078,0.84,
63085,-0.66,
63104,0.34,
63116,0.34,
63118,1.34,
63122,1.34,
63123,0.34,
63131,1.34,
63132,-0.66,
63146,0.34,
63147,0.84,
63152,-0.66,
63154,-0.66,
63167,0.34,
63174,0.34,
63176,-1.66,
63185,0.34,
63186,0.34,
63205,1.34,
63209,0.34,
63218,0.34,
63219,1.34,
63222,-0.66,
63228,0.34,
63236,1.34,
63255,-0.66,
63257,0.34,
63260,0.34,
63267,-0.66,
63271,0.34,
63278,0.34,
63280,1.34,
63284,-0.66,
63294,-0.66,
63298,-0.66,
63307,0.34,
63309,0.34,
63319,-0.66,
63325,0.34,
63340,0.34,
63346,0.84,
63347,0.34,
63352,-0.16,
63353,-0.66,
63357,0.34,
63358,1.34,
63362,-0.66,
63365,0.84,
63372,0.34,
63380,0.34,
63382,0.34,
63383,-1.66,
63409,0.34,
63411,0.34,
63412,-0.66,
63440,-0.66,
63446,0.34,
63453,0.34,
63459,0.34,
63472,-1.66,
63476,0.34,
63482,-0.66,
63491,0.34,
63499,0.34,
63520,-1.66,
63529,0.84,
63530,0.34,
63532,-0.16,
63537,0.84,
63568,-0.66,
63570,0.34,
63572,1.34,
63574,-0.66,
63580,-0.66,
63582,0.34,
63602,0.34,
63605,-0.16,
63618,0.34,
63622,1.34,
63627,-0.66,
63643,1.34,
63644,-0.66,
63647,-0.66,
63649,0.34,
63651,-2.66,
63665,-1.66,
63666,-0.66,
63687,1.34,
63704,-0.66,
63742,-0.66,
63751,1.34,
63758,1.34,
63761,-0.66,
63766,0.34,
63772,-0.66,
63780,1.34,
63787,-0.66,
63790,-0.66,
63799,-0.66,
63800,-1.66,
63804,1.34,
63807,-0.16,
63810,0.34,
63824,-0.66,
63825,0.34,
63828,-0.16,
63831,0.84,
63834,0.84,
63840,0.34,
63858,0.34,
63860,0.34,
63870,1.34,
63874,-1.66,
63889,-0.66,
63895,0.34,
63909,-0.66,
63920,0.84,
63921,0.34,
63939,0.34,
63947,-0.66,
63969,0.34,
64010,1.34,
64012,-0.66,
64018,0.34,
64040,-0.66,
64045,-0.66,
64058,1.34,
64060,0.34,
64066,0.34,
64071,0.84,
64072,0.34,
64084,0.84,
64086,0.34,
64094,-0.16,
64096,-1.66,
64111,-0.16,
64112,-0.16,
64119,1.34,
64133,0.34,
64147,-0.66,
64152,0.84,
64154,-0.66,
64159,1.34,
64175,-0.66,
64188,0.34,
64189,-2.66,
64191,0.84,
64192,1.34,
64197,-0.66,
64198,-0.66,
64233,-0.66,
64242,-0.66,
64254,0.34,
64266,-0.66,
64271,0.34,
64278,0.34,
64296,0.34,
64302,0.34,
64305,-1.66,
64313,-0.66,
64314,0.34,
64320,0.34,
64321,0.34,
64326,-1.16,
64331,-0.66,
64354,0.34,
64368,-0.66,
64370,-3.16,
64386,0.34,
64396,-0.16,
64400,-1.66,
64402,-1.66,
64407,-0.66,
64420,0.34,
64425,-0.16,
64428,-1.66,
64430,0.84,
64435,-1.66,
64439,-0.66,
64441,0.34,
64466,-1.66,
64475,0.34,
64491,0.34,
64498,-0.16,
64502,-0.16,
64508,-1.66,
64544,-0.66,
64554,0.34,
64558,1.34,
64590,-0.66,
64597,0.34,
64598,-0.16,
64605,-0.66,
64606,-0.66,
64609,-1.66,
64610,0.34,
64615,0.34,
64638,-0.66,
64665,-2.66,
64666,0.34,
64667,1.34,
64677,0.34,
64683,1.34,
64685,-0.66,
64694,0.34,
64733,0.34,
64741,-0.66,
64745,1.34,
64751,-0.66,
64753,-0.66,
64756,0.34,
64783,1.34,
64784,1.34,
64786,0.34,
64787,1.34,
64797,0.34,
64807,-0.16,
64813,0.34,
64814,-0.66,
64816,0.34,
64818,-0.16,
64822,-0.66,
64830,-0.66,
64835,-0.66,
64838,-0.66,
64843,0.34,
64844,0.34,
64866,0.34,
64874,0.34,
64878,-1.66,
64882,0.84,
64885,-1.66,
64906,-0.66,
64908,0.34,
64909,0.34,
64911,0.34,
64915,-0.66,
64917,-0.16,
64920,0.84,
64940,-0.66,
64942,0.34,
64949,0.34,
64955,-0.66,
64957,-1.66,
64958,0.34,
65019,0.34,
65033,0.34,
65044,-0.66,
65051,1.34,
65056,0.34,
65072,-0.66,
65077,0.34,
65090,0.34,
65091,1.34,
65096,-0.66,
65105,0.34,
65112,-0.66,
65126,0.84,
65130,-0.66,
65144,0.84,
65155,0.34,
65156,0.34,
65159,0.34,
65161,0.34,
65170,-0.66,
65171,0.34,
65175,1.34,
65180,1.34,
65182,1.34,
65185,-1.66,
65201,-0.16,
65205,0.34,
65215,0.34,
65260,0.34,
65277,-0.66,
65287,0.34,
65288,1.34,
65290,1.34,
65294,-0.16,
65295,-3.16,
65297,-0.66,
65300,-1.66,
65304,1.34,
65305,-2.66,
65316,-0.66,
65317,0.84,
65321,-3.16,
65323,-2.16,
65331,0.34,
65373,0.34,
65375,0.84,
65380,-0.66,
65394,0.84,
65397,-2.66,
65401,0.34,
65431,0.34,
65437,-0.66,
65439,1.34,
65469,-0.66,
65473,0.84,
65489,1.34,
65503,0.34,
65518,-0.66,
65527,-2.16,
65529,0.34,
65541,-0.66,
65542,-0.16,
65543,1.34,
65568,0.34,
65569,-1.66,
65587,0.34,
65596,0.34,
65605,-0.66,
65609,1.34,
65615,-0.66,
65617,-0.66,
65618,-0.66,
65624,0.34,
65630,-2.66,
65670,0.84,
65691,0.34,
65737,1.34,
65742,1.34,
65743,-0.66,
65747,-0.66,
65751,1.34,
65759,0.34,
65776,1.34,
65783,1.34,
65785,-0.66,
65790,0.84,
65804,1.34,
65814,-0.66,
65832,-0.66,
65835,1.34,
65839,0.34,
65840,1.34,
65847,-0.66,
65848,-0.66,
65852,1.34,
65862,0.34,
65896,-0.66,
65907,0.34,
65910,-0.66,
65940,-0.66,
65949,0.34,
65959,0.34,
65962,0.34,
65966,0.34,
65967,-1.66,
65974,-0.66,
65978,0.34,
65979,0.34,
65981,-0.66,
65998,1.34,
66008,-0.66,
66013,0.34,
66023,-0.16,
66025,0.34,
66041,-0.66,
66042,-0.66,
66043,-0.66,
66048,1.34,
66049,0.34,
66055,-0.66,
66067,-0.66,
66080,1.34,
66085,0.34,
66088,-0.66,
66128,1.34,
66132,-0.66,
66140,-0.66,
66145,-0.66,
66155,-0.66,
66159,0.34,
66176,0.34,
66178,0.34,
66179,-0.16,
66180,-0.66,
66200,0.34,
66220,-0.66,
66257,-1.66,
66259,0.34,
66263,-0.66,
66270,-0.66,
66273,-1.66,
66275,-0.66,
66279,-0.66,
66282,1.34,
66283,1.34,
66292,-0.66,
66298,-0.66,
66300,-1.66,
66303,-0.66,
66313,0.34,
66317,0.34,
66322,-0.66,
66331,0.34,
66338,0.34,
66346,1.34,
66350,0.34,
66362,-0.66,
66395,-0.66,
66399,0.34,
66406,0.34,
66411,-0.16,
66427,0.34,
66429,-0.66,
66435,1.34,
66443,-0.66,
66463,0.84,
66464,0.34,
66474,0.84,
66480,-0.66,
66490,0.34,
66499,1.34,
66527,0.84,
66533,0.84,
66547,0.84,
66558,0.34,
66560,-0.66,
66565,-0.66,
66574,-1.66,
66579,-0.66,
66599,-1.66,
66603,0.34,
66606,0.34,
66608,-0.66,
66613,-1.66,
66617,0.34,
66620,0.84,
66637,1.34,
66649,-0.66,
66650,1.34,
66670,0.34,
66677,0.34,
66716,0.34,
66719,0.34,
66721,-1.66,
66731,0.34,
66736,-0.66,
66738,0.84,
66741,1.34,
66763,0.34,
66769,0.34,
66803,-0.66,
66808,0.34,
66810,0.34,
66819,0.84,
66825,0.34,
66827,1.34,
66834,-0.66,
66836,-0.16,
66837,0.34,
66844,0.34,
66845,-0.66,
66861,0.34,
66871,-0.66,
66873,-0.16,
66875,0.34,
66878,1.34,
66881,1.34,
66884,-2.66,
66890,0.34,
66892,-0.66,
66901,0.34,
66919,-0.66,
66943,-1.66,
66950,1.34,
66953,-0.66,
66967,-1.66,
66986,1.34,
66998,-0.66,
67011,-0.66,
67015,-1.16,
67022,0.34,
67025,0.34,
67033,-0.66,
67036,0.34,
67053,0.34,
67064,0.34,
67068,-0.16,
67073,-0.66,
67075,-0.66,
67078,-0.66,
67092,0.34,
67099,-1.66,
67113,-0.66,
67117,0.34,
67130,-0.66,
67131,1.34,
67134,0.34,
67145,-0.16,
67149,0.84,
67155,-2.66,
67161,0.34,
67167,-0.66,
67185,1.34,
67196,0.34,
67199,0.34,
67221,1.34,
67226,1.34,
67246,0.84,
67256,1.34,
67269,1.34,
67282,-2.16,
67283,0.34,
67291,1.34,
67296,0.34,
67308,-0.66,
67320,0.34,
67325,-1.66,
67334,0.34,
67340,0.84,
67352,-0.16,
67374,-1.66,
67385,1.34,
67392,-0.66,
67400,1.34,
67404,-2.66,
67407,0.34,
67414,1.34,
67430,0.34,
67434,0.34,
67440,0.34,
67443,0.84,
67444,0.34,
67460,-0.66,
67477,-2.66,
67493,0.34,
67510,0.84,
67513,-0.66,
67515,0.84,
67527,-2.66,
67544,-0.16,
67546,-0.66,
67563,0.34,
67569,0.84,
67571,-0.66,
67581,0.34,
67588,0.34,
67602,1.34,
67618,-1.16,
67628,0.34,
67636,-0.66,
67644,1.34,
67652,0.34,
67655,-0.16,
67657,0.34,
67666,-1.16,
67683,-0.66,
67697,-0.66,
67698,1.34,
67705,-0.66,
67709,-1.66,
67713,0.34,
67720,0.34,
67735,-0.66,
67743,0.34,
67748,0.34,
67749,0.34,
67750,-2.66,
67757,1.34,
67770,-0.66,
67772,0.34,
67773,1.34,
67777,0.34,
67789,1.34,
67793,0.34,
67800,1.34,
67808,0.34,
67815,-1.66,
67830,0.34,
67840,1.34,
67843,-0.66,
67854,0.34,
67855,1.34,
67866,-1.66,
67871,1.34,
67881,-1.16,
67902,1.34,
67922,1.34,
67942,-1.66,
67961,-2.66,
67995,-0.66,
67996,-0.66,
67998,-0.66,
67999,0.34,
68004,0.34,
68009,-0.66,
68013,-0.66,
68024,0.34,
68027,-1.66,
68049,-0.66,
68054,1.34,
68063,0.34,
68077,0.34,
68081,-0.16,
68088,-0.66,
68101,0.34,
68111,0.34,
68131,1.34,
68164,-0.16,
68168,-0.66,
68182,0.34,
68183,-0.16,
68195,-1.66,
68206,0.84,
68214,1.34,
68215,1.34,
68228,-0.66,
68229,-0.66,
68233,-0.16,
68235,0.34,
68247,-0.66,
68254,0.34,
68260,0.34,
68261,-0.66,
68264,-1.66,
68266,1.34,
68286,0.34,
68293,-0.16,
68296,0.34,
68324,-0.66,
68341,1.34,
68344,1.34,
68358,0.34,
68360,1.34,
68369,0.34,
68378,0.34,
68403,-0.16,
68408,-0.66,
68425,-1.66,
68426,0.34,
68427,-1.66,
68429,0.34,
68431,0.34,
68445,-0.66,
68450,-0.66,
68468,0.34,
68469,0.84,
68486,-1.66,
68490,0.34,
68501,0.34,
68507,-0.16,
68545,0.84,
68552,-0.66,
68558,0.84,
68562,-0.66,
68563,0.34,
68570,-0.66,
68575,0.34,
68582,0.34,
68599,0.34,
68603,1.34,
68617,-0.16,
68622,0.34,
68634,-0.66,
68644,1.34,
68646,-2.66,
68648,-0.66,
68659,-0.16,
68666,0.34,
68672,-0.66,
68681,0.34,
68687,-0.66,
68707,-0.66,
68721,1.34,
68760,0.34,
68763,-1.66,
68781,1.34,
68787,1.34,
68788,0.34,
68796,-0.16,
68799,-1.16,
68800,0.34,
68807,-0.66,
68809,-0.66,
68810,-1.66,
68820,-0.66,
68841,0.34,
68844,-0.66,
68871,-0.66,
68887,0.34,
68890,-0.66,
68895,0.34,
68934,-0.16,
68946,0.34,
68956,0.34,
68961,-1.66,
68969,1.34,
68980,-0.66,
69021,1.34,
69028,1.34,
69029,1.34,
69037,-0.66,
69038,-0.66,
69040,0.34,
69048,1.34,
69049,-0.16,
69064,0.84,
69065,-0.66,
69072,0.34,
69080,-0.66,
69082,0.34,
69094,0.84,
69105,-0.66,
69114,0.34,
69124,0.84,
69138,1.34,
69145,-0.16,
69164,-0.66,
69176,-0.16,
69185,1.34,
69188,-1.16,
69189,-0.66,
69192,-0.66,
69198,-0.66,
69248,-2.66,
69262,0.34,
69263,0.34,
69282,-0.66,
69304,1.34,
69313,1.34,
69331,-0.66,
69338,0.34,
69340,0.34,
69345,1.34,
69357,-0.66,
69378,0.34,
69386,-0.66,
69392,1.34,
69400,-0.66,
69405,-0.66,
69407,-1.66,
69431,1.34,
69439,1.34,
69463,0.34,
69470,-0.16,
69475,1.34,
69482,-2.66,
69494,0.34,
69498,-0.16,
69508,0.34,
69520,-0.66,
69538,0.34,
69543,0.34,
69545,1.34,
69561,0.84,
69567,-0.66,
69582,-0.16,
69584,-0.66,
69594,0.34,
69596,-0.16,
69612,0.34,
69614,-0.66,
69624,-0.66,
69626,1.34,
69631,1.34,
69654,-1.66,
69662,0.34,
69664,0.34,
69683,0.34,
69686,-0.66,
69687,1.34,
69695,1.34,
69696,-0.66,
69699,0.84,
69710,0.34,
69711,-2.66,
69732,-0.66,
69736,1.34,
69744,0.34,
69756,1.34,
69767,-0.66,
69768,1.34,
69770,-0.66,
69774,0.34,
69782,-0.66,
69791,-0.66,
69793,-0.16,
69807,0.34,
69808,0.34,
69810,-0.66,
69825,1.34,
69841,0.34,
69843,0.34,
69850,-0.66,
69855,-0.66,
69856,-0.66,
69873,-3.16,
69897,-0.66,
69912,-0.66,
69932,1.34,
69935,0.84,
69942,0.34,
69946,1.34,
69956,0.34,
69963,-0.66,
69965,-1.66,
69969,0.84,
69983,0.34,
69986,1.34,
69988,1.34,
70008,0.34,
70023,0.34,
70025,0.34,
70033,-0.66,
70035,-0.16,
70041,0.34,
70047,-0.66,
70049,0.34,
70062,0.34,
70066,1.34,
70083,-0.66,
70092,1.34,
70097,-0.66,
70106,0.84,
70107,0.34,
70143,-0.16,
70173,-0.66,
70174,0.84,
70178,-0.66,
70201,-0.66,
70203,-0.66,
70213,0.34,
70228,-1.66,
70230,-0.66,
70231,-0.66,
70246,1.34,
70261,1.34,
70263,-0.66,
70268,-0.66,
70269,1.34,
70275,0.34,
70277,-0.66,
70280,-2.66,
70282,1.34,
70290,1.34,
70298,0.34,
70303,0.34,
70309,1.34,
70320,0.34,
70324,1.34,
70340,0.34,
70342,-0.16,
70346,0.84,
70357,0.34,
70372,0.34,
70376,-0.66,
70379,1.34,
70383,1.34,
70386,0.84,
70394,-1.66,
70395,-0.16,
70401,0.34,
70406,0.34,
70415,-0.66,
70423,1.34,
70428,1.34,
70434,-0.66,
70442,1.34,
70446,0.34,
70449,-0.66,
70453,0.34,
70456,-2.66,
70463,-0.16,
70468,0.34,
70494,-1.66,
70505,-1.66,
70506,0.34,
70508,-0.66,
70509,0.34,
70528,-2.66,
70535,0.34,
70539,0.34,
70544,0.34,
70550,-1.66,
70551,1.34,
70576,-1.16,
70592,-0.66,
70608,-0.66,
70620,1.34,
70634,-0.66,
70636,0.34,
70646,0.34,
70659,1.34,
70662,0.34,
70663,0.34,
70664,-0.66,
70666,-1.66,
70676,-2.66,
70682,0.34,
70688,-0.66,
70689,0.34,
70704,0.84,
70714,0.34,
70721,-0.66,
70727,1.34,
70728,0.84,
70738,-0.66,
70740,-0.66,
70747,-1.66,
70752,-0.16,
70755,0.34,
70756,1.34,
70768,-1.16,
70770,0.34,
70777,1.34,
70786,-1.66,
70787,1.34,
70804,0.84,
70816,-1.66,
70837,0.34,
70843,-0.66,
70854,1.34,
70863,0.34,
70871,0.34,
70877,0.34,
70883,-0.16,
70887,0.84,
70921,-0.66,
70923,-1.66,
70927,0.34,
70935,-0.66,
70936,-2.66,
70945,-0.16,
70956,0.34,
70959,-0.66,
70962,0.34,
70969,-0.66,
70998,-1.66,
71001,0.34,
71002,1.34,
71003,1.34,
71006,1.34,
71008,1.34,
71010,-0.66,
71016,-0.66,
71018,0.34,
71026,0.34,
71035,-1.66,
71038,0.34,
71074,-0.66,
71085,-0.66,
71088,-1.16,
71090,1.34,
71093,-0.66,
71099,0.34,
71101,0.34,
71109,-1.66,
71116,0.34,
71117,0.34,
71121,-0.66,
71131,-0.66,
71136,-0.66,
71151,-0.16,
71162,-1.16,
71184,-0.66,
71189,0.34,
71198,-1.66,
71203,-0.66,
71205,0.34,
71206,-1.16,
71208,1.34,
71211,1.34,
71229,-0.66,
71236,-1.16,
71247,-1.66,
71257,-1.66,
71261,-0.66,
71264,0.34,
71267,0.34,
71285,1.34,
71289,1.34,
71314,-0.66,
71322,-0.66,
71332,1.34,
71340,0.34,
71357,-0.66,
71360,0.84,
71369,0.34,
71372,0.34,
71377,1.34,
71384,0.34,
71402,0.34,
71416,1.34,
71436,1.34,
71442,-0.66,
71443,0.34,
71444,0.34,
71445,0.84,
71448,0.34,
71449,1.34,
71453,0.34,
71459,1.34,
71482,-1.66,
71493,0.34,
71513,1.34,
71515,0.34,
71519,0.34,
71526,0.34,
71533,-1.66,
71545,-0.16,
71568,-0.16,
71569,-0.66,
71576,1.34,
71584,-0.66,
71586,1.34,
71605,0.84,
71611,-2.66,
71614,0.34,
71621,-0.66,
71625,-0.66,
71629,1.34,
71639,-0.66,
71644,1.34,
71658,-0.66,
71671,-1.66,
71674,-0.66,
71680,0.34,
71683,0.34,
71688,0.84,
71691,-0.66,
71693,-0.66,
71699,0.84,
71721,0.34,
71735,1.34,
71752,0.34,
71757,1.34,
71761,0.34,
71767,-0.66,
71774,1.34,
71781,0.34,
71789,0.34,
71795,1.34,
71796,-0.66,
71801,1.34,
71803,-0.16,
71810,-0.66,
71813,-2.66,
71822,0.34,
71825,-0.16,
71836,0.34,
71845,-0.66,
71858,0.34,
71871,-0.16,
71876,1.34,
71904,-0.66,
71905,0.34,
71908,-0.16,
71928,-0.16,
71932,0.34,
71956,1.34,
71974,1.34,
71975,-0.66,
71980,-0.66,
71982,0.34,
71988,1.34,
71990,0.34,
71992,-1.66,
71995,0.34,
71997,-0.66,
71999,1.34,
72008,1.34,
72033,-0.66,
72041,0.34,
72045,0.34,
72064,-0.66,
72067,0.34,
72073,0.84,
72082,0.34,
72085,-1.16,
72087,0.34,
72092,0.34,
72094,-0.66,
72098,0.34,
72100,0.34,
72101,-0.66,
72102,0.34,
72129,1.34,
72144,0.34,
72153,-0.16,
72161,0.34,
72177,0.34,
72179,0.34,
72181,0.34,
72191,0.34,
72193,1.34,
72194,0.84,
72198,1.34,
72254,-0.16,
72264,-2.66,
72266,0.34,
72276,0.34,
72284,0.34,
72289,-0.66,
72299,-1.66,
72305,0.34,
72306,-2.16,
72315,0.34,
72325,1.34,
72341,0.34,
72342,1.34,
72343,-0.66,
72358,0.34,
72368,1.34,
72379,-0.66,
72401,-2.16,
72421,0.84,
72426,0.34,
72455,0.84,
72465,1.34,
72470,-1.66,
72480,0.84,
72482,1.34,
72490,1.34,
72506,0.34,
72512,-0.16,
72517,0.84,
72525,-0.66,
72528,0.34,
72533,1.34,
72538,-0.16,
72539,1.34,
72541,0.34,
72547,0.34,
72590,1.34,
72596,-2.66,
72608,0.34,
72618,-0.66,
72624,0.34,
72625,1.34,
72659,0.34,
72676,-0.66,
72684,0.34,
72686,0.34,
72689,-0.66,
72694,0.34,
72703,0.34,
72715,-0.16,
72718,1.34,
72731,-2.66,
72732,-0.66,
72734,0.84,
72751,0.34,
72757,1.34,
72758,0.34,
72762,-0.66,
72770,1.34,
72803,-0.66,
72804,-1.66,
72806,0.34,
72827,1.34,
72832,-2.66,
72838,-1.66,
72850,0.34,
72856,0.34,
72863,-2.16,
72869,1.34,
72880,-1.66,
72904,-0.16,
72910,-0.66,
72927,-0.66,
72929,1.34,
72936,-0.66,
72945,0.34,
72948,-1.66,
72952,0.34,
72956,0.34,
72971,0.84,
72977,1.34,
72983,1.34,
72984,-0.66,
72991,-0.66,
72992,-0.16,
72994,0.34,
73012,1.34,
73044,-0.66,
73063,0.34,
73068,-1.66,
73074,-0.66,
73076,0.34,
73078,-1.66,
73081,0.34,
73090,1.34,
73091,1.34,
73112,1.34,
73115,1.34,
73117,-0.16,
73121,0.34,
73127,1.34,
73133,0.34,
73140,-0.66,
73150,0.34,
73152,0.34,
73157,0.84,
73160,0.34,
73175,-0.66,
73182,-0.66,
73187,0.34,
73191,-2.66,
73192,-0.66,
73193,0.34,
73213,1.34,
73234,0.34,
73238,0.34,
73239,-0.66,
73246,0.34,
73251,0.34,
73257,1.34,
73264,1.34,
73268,-0.66,
73270,1.34,
73272,0.34,
73293,1.34,
73307,0.34,
73318,0.34,
73325,0.34,
73335,0.34,
73348,-0.16,
73352,0.34,
73364,0.34,
73365,1.34,
73366,-0.16,
73372,-0.66,
73377,0.34,
73384,0.34,
73396,0.34,
73411,0.34,
73414,1.34,
73424,-0.66,
73436,-0.66,
73437,0.34,
73456,0.34,
73462,0.34,
73463,-0.66,
73464,-0.66,
73482,0.34,
73489,-0.66,
73493,1.34,
73506,0.34,
73508,0.34,
73514,1.34,
73552,0.34,
73564,1.34,
73569,0.34,
73589,1.34,
73594,-0.16,
73600,-0.66,
73607,-1.16,
73611,-0.66,
73615,0.34,
73628,-1.66,
73652,0.84,
73665,0.34,
73669,0.84,
73671,1.34,
73672,0.84,
73681,-0.16,
73682,-1.16,
73690,0.34,
73698,-0.66,
73700,-0.16,
73710,1.34,
73717,0.34,
73718,-0.66,
73721,-2.16,
73733,0.84,
73750,0.34,
73767,0.34,
73778,0.84,
73780,0.34,
73787,-0.66,
73789,0.34,
73793,1.34,
73800,1.34,
73825,1.34,
73827,-0.66,
73853,0.34,
73857,-0.16,
73860,-0.66,
73869,0.34,
73878,0.34,
73879,-1.66,
73882,-0.16,
73894,1.34,
73898,0.34,
73902,-1.66,
73915,0.34,
73936,-0.66,
73945,-0.66,
73948,0.34,
73953,0.34,
73956,0.34,
73964,0.34,
73967,-0.66,
73984,0.34,
73990,0.34,
74000,-0.16,
74008,-0.66,
74017,-0.66,
74019,0.84,
74021,0.34,
74027,0.84,
74033,1.34,
74036,-0.66,
74037,0.34,
74038,0.34,
74048,0.34,
74054,0.34,
74063,0.34,
74072,0.34,
74094,-1.66,
74096,0.34,
74100,1.34,
74109,1.34,
74114,1.34,
74115,0.84,
74122,0.84,
74125,-2.66,
74128,-0.66,
74132,1.34,
74142,1.34,
74145,0.34,
74151,-0.66,
74175,0.34,
74188,0.34,
74198,-2.66,
74204,0.34,
74212,-0.66,
74222,0.34,
74229,1.34,
74241,0.34,
74251,-1.66,
74254,-0.66,
74273,0.34,
74277,0.34,
74278,-0.16,
74279,-1.66,
74286,-1.16,
74289,-1.66,
74291,-0.66,
74295,1.34,
74305,-0.66,
74313,0.34,
74337,1.34,
74343,-2.66,
74347,0.34,
74348,0.34,
74356,-0.16,
74363,1.34,
74365,-0.66,
74366,0.84,
74388,-0.66,
74391,-0.66,
74400,0.34,
74403,1.34,
74420,-2.66,
74421,0.34,
74433,0.34,
74434,0.84,
74437,0.34,
74449,0.34,
74463,-0.66,
74471,-2.16,
74473,-0.66,
74476,1.34,
74478,1.34,
74490,-0.66,
74500,1.34,
74521,0.34,
74524,-0.66,
74542,-1.66,
74546,-0.66,
74547,-0.66,
74549,-3.16,
74569,0.34,
74570,-1.66,
74571,1.34,
74573,0.34,
74577,0.34,
74579,-0.66,
74592,-0.66,
74596,-0.66,
74597,-0.66,
74604,0.34,
74613,0.84,
74614,0.84,
74616,0.34,
74639,-0.66,
74644,-0.66,
74647,-0.66,
74654,-1.66,
74662,1.34,
74674,-0.66,
74680,-0.66,
74682,-0.66,
74705,-1.66,
74707,0.34,
74709,-1.66,
74716,-0.16,
74721,-0.66,
74723,0.34,
74730,0.34,
74740,0.34,
74742,0.34,
74751,1.34,
74756,-0.66,
74757,-1.16,
74758,0.84,
74765,1.34,
74778,-0.16,
74779,-0.66,
74789,1.34,
74803,0.34,
74814,0.34,
74827,0.34,
74846,1.34,
74858,-0.66,
74878,1.34,
74879,-0.66,
74882,-2.16,
74884,0.34,
74891,-0.66,
74893,-0.16,
74902,0.84,
74904,0.34,
74912,-1.66,
74917,-0.66,
74919,-0.66,
74937,1.34,
74943,1.34,
74951,-0.66,
74962,1.34,
74963,-0.66,
74967,-0.66,
74991,-1.66,
75000,0.34,
75010,0.34,
75012,-0.16,
75021,-1.16,
75025,0.34,
75026,0.84,
75039,1.34,
75041,-0.66,
75055,-0.66,
75057,0.84,
75068,0.34,
75069,-0.66,
75076,0.34,
75079,-0.66,
75099,-0.66,
75105,-0.16,
75126,1.34,
75127,-0.16,
75128,0.34,
75141,-1.66,
75148,0.34,
75153,0.34,
75157,0.34,
75161,0.34,
75164,1.34,
75169,0.34,
75194,0.34,
75195,0.84,
75210,1.34,
75222,0.34,
75258,-0.66,
75293,-1.66,
75294,-1.66,
75299,0.34,
75301,0.34,
75304,-1.66,
75307,1.34,
75309,0.34,
75327,1.34,
75361,-0.16,
75362,0.34,
75381,1.34,
75391,0.34,
75400,1.34,
75429,1.34,
75436,-0.16,
75438,1.34,
75440,0.34,
75448,-0.16,
75449,-1.66,
75456,0.34,
75469,-0.16,
75472,-0.66,
75478,0.34,
75483,1.34,
75503,0.34,
75506,-0.66,
75511,0.34,
75512,-0.66,
75532,1.34,
75536,-0.66,
75539,1.34,
75540,0.34,
75541,0.34,
75559,-0.66,
75560,0.34,
75562,-0.66,
75564,-0.66,
75568,-0.66,
75570,-0.16,
75573,-1.66,
75580,0.34,
75585,0.34,
75588,-0.16,
75601,0.34,
75606,1.34,
75618,-0.66,
75627,0.34,
75642,-0.66,
75644,-0.66,
75647,-2.66,
75663,-0.66,
75668,0.34,
75669,-1.16,
75676,0.34,
75678,-0.66,
75691,0.34,
75697,-0.66,
75719,0.34,
75723,0.34,
75727,1.34,
75744,0.34,
75761,0.34,
75764,-0.66,
75765,0.34,
75770,1.34,
75773,0.84,
75779,-0.66,
75781,-0.66,
75804,-0.66,
75810,0.84,
75812,0.34,
75818,0.34,
75825,-0.66,
75827,1.34,
75839,1.34,
75841,-0.16,
75865,-1.66,
75867,1.34,
75897,0.34,
75902,0.34,
75903,0.34,
75905,0.34,
75918,-0.16,
75929,1.34,
75935,-0.66,
75936,0.34,
75939,0.34,
75955,0.34,
75956,-2.66,
75966,0.34,
75979,-3.16,
75986,-0.66,
76008,1.34,
76010,-0.66,
76022,0.34,
76030,-0.66,
76032,-0.66,
76035,1.34,
76040,0.34,
76044,-0.66,
76047,-0.66,
76055,-0.66,
76062,1.34,
76069,0.34,
76078,-0.66,
76080,-0.66,
76082,0.34,
76089,0.34,
76099,-0.16,
76102,-0.66,
76122,0.34,
76124,-0.66,
76125,-0.66,
76129,-0.66,
76134,-0.66,
76138,0.34,
76141,-0.16,
76145,0.34,
76155,0.84,
76160,0.34,
76169,-1.66,
76207,0.34,
76211,0.34,
76213,-0.66,
76222,-0.16,
76230,-0.66,
76268,0.34,
76269,-0.66,
76279,-0.66,
76281,-0.16,
76292,0.34,
76302,0.34,
76308,-0.66,
76315,0.34,
76317,0.34,
76318,0.84,
76326,-0.66,
76348,0.34,
76352,0.34,
76355,-0.66,
76361,-0.66,
76363,0.34,
76380,0.84,
76383,0.34,
76390,-0.66,
76391,0.34,
76401,0.34,
76411,-0.66,
76417,0.34,
76426,0.34,
76435,-0.16,
76437,-3.16,
76440,-1.66,
76451,1.34,
76454,0.34,
76458,-0.66,
76461,-0.66,
76462,1.34,
76465,0.34,
76473,-0.66,
76476,0.34,
76480,-0.66,
76481,-0.66,
76502,1.34,
76510,-1.66,
76522,1.34,
76527,0.34,
76530,0.34,
76537,0.34,
76540,-1.16,
76544,-0.66,
76548,-2.16,
76555,1.34,
76557,0.34,
76562,-0.66,
76575,0.84,
76585,1.34,
76604,-0.66,
76625,0.84,
76626,0.34,
76630,-1.16,
76633,0.34,
76647,-0.66,
76652,-1.66,
76657,-1.66,
76675,0.34,
76697,0.34,
76699,0.34,
76729,0.34,
76731,-0.66,
76737,1.34,
76743,-0.66,
76761,-1.66,
76763,1.34,
76765,-0.66,
76771,-0.66,
76780,1.34,
76788,0.34,
76811,0.34,
76842,0.34,
76846,-2.66,
76850,-0.66,
76853,-0.66,
76857,-2.16,
76859,0.34,
76866,0.34,
76869,-0.66,
76870,-0.66,
76871,-0.66,
76874,0.84,
76879,0.34,
76893,-0.66,
76908,-0.66,
76910,-0.66,
76917,-0.66,
76941,-1.16,
76947,-0.66,
76952,-1.66,
76954,0.34,
76988,1.34,
76994,0.34,
76995,-1.66,
76997,1.34,
77004,-0.66,
77007,0.34,
77008,-0.66,
77018,0.34,
77035,-0.66,
77040,-0.66,
77046,1.34,
77052,1.34,
77056,0.34,
77058,0.34,
77066,-0.66,
77077,0.34,
77079,0.34,
77100,-0.66,
77104,0.34,
77144,0.34,
77147,-2.66,
77150,0.34,
77156,0.34,
77158,0.34,
77159,0.34,
77170,0.34,
77173,-0.66,
77175,-0.66,
77182,-0.66,
77191,-1.66,
77193,-1.66,
77195,1.34,
77205,-0.66,
77210,0.34,
77216,-0.66,
77219,1.34,
77220,-0.66,
77230,0.34,
77233,0.34,
77236,-0.66,
77240,0.34,
77246,1.34,
77247,0.34,
77257,1.34,
77277,0.34,
77282,-0.66,
77287,-1.66,
77295,0.34,
77297,0.34,
77320,-2.66,
77337,-0.66,
77340,-0.66,
77364,-0.66,
77365,-0.66,
77372,0.34,
77376,0.34,
77381,-0.66,
77382,-0.16,
77387,-0.66,
77391,-0.66,
77396,0.34,
77398,0.34,
77401,-0.66,
77405,1.34,
77418,-1.66,
77423,0.34,
77431,1.34,
77433,0.84,
77452,0.34,
77463,-0.66,
77478,0.34,
77484,-1.66,
77485,0.34,
77487,0.34,
77490,1.34,
77491,-0.66,
77512,-2.66,
77514,0.34,
77521,-0.16,
77534,0.84,
77541,-2.66,
77549,1.34,
77551,-0.66,
77560,0.34,
77562,-1.66,
77563,0.34,
77574,1.34,
77579,0.34,
77581,0.34,
77587,-1.66,
77588,0.34,
77589,-1.16,
77591,-1.66,
77605,-0.66,
77626,0.84,
77630,0.34,
77636,0.34,
77643,-0.66,
77656,-0.66,
77663,0.34,
77676,-0.66,
77696,0.34,
77706,0.34,
77711,1.34,
77718,0.34,
77719,-0.66,
77734,-0.66,
77739,1.34,
77740,0.34,
77746,-1.66,
77812,-2.66,
77815,1.34,
77820,1.34,
77821,0.34,
77840,0.34,
77884,0.34,
77896,-0.66,
77913,1.34,
77918,-2.66,
77930,-1.66,
77934,-0.66,
77935,0.34,
77936,-0.66,
77943,0.34,
77948,-0.16,
77952,-0.66,
77968,1.34,
77975,0.34,
77977,0.34,
77999,0.34,
78000,1.34,
78012,0.34,
78018,0.34,
78029,0.34,
78032,-0.66,
78037,-0.66,
78040,0.34,
78052,0.34,
78055,0.34,
78069,-0.16,
78081,-1.66,
78087,-1.16,
78093,-0.66,
78095,0.34,
78104,0.34,
78109,-0.66,
78110,0.34,
78123,-0.66,
78137,-0.66,
78146,-0.66,
78154,-0.16,
78162,-1.66,
78167,0.34,
78173,1.34,
78175,0.34,
78178,1.34,
78185,0.34,
78188,-2.66,
78199,-0.66,
78208,1.34,
78217,1.34,
78231,-1.66,
78247,-2.66,
78250,-2.66,
78252,1.34,
78259,-0.66,
78275,-1.16,
78280,-0.66,
78289,-1.16,
78291,1.34,
78295,1.34,
78303,0.84,
78306,0.84,
78308,0.34,
78309,1.34,
78315,1.34,
78326,-0.66,
78356,0.34,
78362,-0.16,
78391,0.34,
78392,0.34,
78394,0.34,
78397,-1.16,
78411,0.84,
78419,-0.66,
78420,-0.66,
78433,0.34,
78447,-1.16,
78448,-1.66,
78450,1.34,
78453,0.34,
78455,0.34,
78458,0.34,
78474,-1.66,
78488,0.34,
78495,1.34,
78501,0.84,
78511,-1.66,
78516,-0.66,
78529,1.34,
78542,0.34,
78555,1.34,
78561,0.34,
78564,0.84,
78567,0.34,
78579,-0.16,
78602,1.34,
78617,0.34,
78665,-0.66,
78675,1.34,
78681,1.34,
78696,0.34,
78711,-0.66,
78713,0.34,
78728,-0.66,
78739,1.34,
78740,-0.16,
78755,0.34,
78766,0.34,
78773,0.34,
78778,0.34,
78781,0.34,
78784,-0.66,
78789,-0.16,
78801,0.34,
78802,0.34,
78809,1.34,
78810,0.34,
78829,1.34,
78831,-1.66,
78842,-1.16,
78845,0.84,
78851,0.34,
78853,-0.66,
78875,-0.66,
78876,-0.66,
78882,-0.66,
78898,1.34,
78902,0.34,
78917,0.84,
78923,1.34,
78931,-0.66,
78948,-2.66,
78951,-1.66,
78959,-0.66,
78978,-0.66,
78990,0.34,
78991,1.34,
78993,0.34,
78997,1.34,
78998,1.34,
79005,0.34,
79011,0.34,
79013,-2.66,
79034,-0.66,
79044,-0.66,
79049,1.34,
79064,-0.66,
79066,1.34,
79089,-0.66,
79130,0.34,
79135,-0.66,
79140,-0.66,
79146,0.34,
79147,1.34,
79159,0.34,
79166,-0.66,
79176,-0.66,
79177,0.34,
79181,0.34,
79192,-2.66,
79197,-2.16,
79208,0.34,
79214,-0.66,
79215,-0.66,
79219,0.34,
79237,0.84,
79251,0.34,
79260,-0.66,
79261,-0.66,
79290,0.34,
79292,-0.66,
79297,1.34,
79301,1.34,
79333,-0.16,
79344,1.34,
79347,-0.66,
79353,-0.66,
79357,0.34,
79366,1.34,
79374,0.34,
79386,0.34,
79390,0.34,
79393,0.34,
79394,0.34,
79401,0.34,
79405,0.34,
79419,-0.66,
79425,1.34,
79432,0.34,
79433,1.34,
79437,0.34,
79442,-0.66,
79460,0.84,
79462,-2.66,
79469,-0.66,
79473,-0.66,
79474,0.84,
79477,0.34,
79479,-0.16,
79484,1.34,
79494,-0.66,
79499,0.34,
79516,1.34,
79520,-0.66,
79521,0.34,
79531,0.34,
79537,-0.66,
79565,-0.16,
79578,1.34,
79579,0.34,
79585,0.34,
79587,0.34,
79589,-2.66,
79594,0.84,
79599,-0.16,
79608,0.84,
79629,-0.66,
79630,1.34,
79636,0.34,
79639,-1.16,
79643,-0.16,
79652,0.34,
79661,0.34,
79675,0.34,
79684,0.84,
79687,-1.16,
79699,-0.66,
79700,-0.16,
79713,0.34,
79725,0.34,
79766,1.34,
79768,0.84,
79778,0.34,
79783,-0.66,
79790,-1.66,
79809,-0.66,
79820,-0.66,
79825,-0.66,
79828,-0.16,
79833,0.34,
79847,0.34,
79870,1.34,
79871,0.34,
79877,1.34,
79881,-0.16,
79886,-0.66,
79892,0.84,
79895,0.34,
79902,-1.66,
79911,0.34,
79913,1.34,
79925,0.34,
79927,-0.16,
79928,0.34,
79938,-1.66,
79945,-0.66,
79961,0.34,
79967,0.34,
79971,-0.66,
79984,-1.66,
79986,0.84,
79989,1.34,
79993,-0.66,
80006,-1.66,
80007,-0.66,
80015,-0.66,
80020,0.34,
80024,0.34,
80034,-0.66,
80043,-0.66,
80048,0.34,
80053,1.34,
80057,0.34,
80061,0.34,
80065,0.34,
80078,-0.16,
80081,1.34,
80087,1.34,
80092,-0.16,
80095,0.34,
80099,0.34,
80101,0.34,
80103,0.34,
80119,0.34,
80127,0.34,
80140,0.34,
80145,0.34,
80155,0.34,
80163,0.34,
80166,-0.66,
80177,0.34,
80185,-0.66,
80191,-0.16,
80196,-0.66,
80207,0.84,
80212,0.34,
80219,0.34,
80220,-0.66,
80232,-0.66,
80240,0.34,
80243,-0.66,
80252,0.34,
80260,-0.66,
80276,1.34,
80285,0.34,
80290,0.34,
80294,0.34,
80299,0.34,
80322,-0.66,
80334,0.84,
80337,-0.16,
80352,1.34,
80366,0.34,
80375,0.34,
80376,0.34,
80377,-0.66,
80386,-0.66,
80387,-0.66,
80391,0.34,
80396,1.34,
80397,0.34,
80406,-0.66,
80408,-0.66,
80417,-1.16,
80425,-0.66,
80426,0.34,
80436,0.84,
80439,0.34,
80442,-0.66,
80449,0.84,
80459,0.34,
80460,-0.66,
80465,0.34,
80470,1.34,
80487,0.34,
80488,-2.66,
80494,-0.66,
80501,0.34,
80514,0.34,
80528,0.84,
80533,-0.16,
80537,0.34,
80539,-1.16,
80558,1.34,
80569,1.34,
80572,-0.16,
80590,0.34,
80593,0.34,
80598,-0.66,
80625,-0.66,
80634,-0.66,
80640,-0.16,
80644,-0.16,
80651,0.34,
80655,1.34,
80662,-0.66,
80668,0.34,
80671,0.34,
80675,0.34,
80677,-0.16,
80693,1.34,
80694,-1.66,
80730,-0.66,
80731,-0.66,
80734,-0.66,
80735,0.34,
80743,0.34,
80746,-0.66,
80755,0.34,
80759,-2.66,
80762,1.34,
80771,0.34,
80778,-0.16,
80788,-0.66,
80799,-0.66,
80828,0.34,
80833,-0.66,
80844,-1.16,
80846,0.84,
80853,-0.16,
80870,-0.66,
80874,0.34,
80880,1.34,
80884,-0.66,
80885,-0.66,
80886,0.34,
80888,0.34,
80889,1.34,
80898,0.34,
80902,-0.66,
80903,1.34,
80910,0.84,
80914,1.34,
80920,0.34,
80923,1.34,
80928,-1.66,
80932,-0.66,
80946,0.34,
80947,0.34,
80951,-1.16,
80952,1.34,
80954,-0.16,
80960,-1.66,
80961,-0.66,
80994,1.34,
81000,-1.66,
81002,-0.66,
81006,0.34,
81014,0.34,
81024,-0.16,
81025,-0.66,
81037,1.34,
81041,-2.66,
81044,-1.66,
81045,0.34,
81052,0.34,
81054,0.34,
81057,-0.66,
81060,-0.66,
81087,0.34,
81093,-1.66,
81099,-0.16,
81117,0.84,
81120,1.34,
81126,-0.66,
81136,-0.66,
81144,0.34,
81147,0.84,
81180,0.34,
81194,0.84,
81207,0.34,
81212,-0.16,
81218,1.34,
81228,-0.16,
81230,0.34,
81235,1.34,
81257,0.84,
81263,-0.66,
81266,0.34,
81268,-0.66,
81272,0.34,
81293,-0.16,
81310,1.34,
81324,0.34,
81336,1.34,
81338,1.34,
81343,0.34,
81345,0.84,
81351,1.34,
81372,0.34,
81374,-0.66,
81377,1.34,
81380,0.34,
81387,-0.66,
81389,-0.66,
81412,1.34,
81418,0.34,
81427,-0.16,
81430,1.34,
81437,-0.66,
81440,-0.66,
81455,-0.66,
81459,-1.66,
81460,-0.16,
81462,0.84,
81468,-2.66,
81469,-0.66,
81474,-0.16,
81476,-0.66,
81487,-0.66,
81493,0.34,
81497,0.34,
81505,-0.66,
81507,-0.66,
81510,-0.66,
81521,0.34,
81523,0.84,
81525,1.34,
81542,-0.66,
81556,0.34,
81575,1.34,
81578,-0.66,
81581,1.34,
81589,-0.66,
81596,-2.66,
81597,-0.66,
81601,1.34,
81605,0.34,
81608,-0.66,
81618,0.34,
81627,0.34,
81628,0.34,
81640,1.34,
81646,-0.66,
81652,-1.16,
81661,-0.66,
81674,1.34,
81677,-0.66,
81685,0.34,
81688,1.34,
81701,0.34,
81712,-1.66,
81718,0.34,
81723,1.34,
81734,0.34,
81740,-0.66,
81747,0.34,
81771,-1.66,
81775,0.34,
81805,0.34,
81809,0.34,
81811,0.84,
81820,-0.66,
81823,0.34,
81824,1.34,
81833,0.34,
81842,0.34,
81854,1.34,
81860,1.34,
81882,-0.16,
81888,0.34,
81908,1.34,
81921,1.34,
81936,-0.16,
81938,-0.66,
81940,-0.66,
81944,1.34,
81946,0.34,
81951,-0.66,
81960,1.34,
81977,0.34,
81995,-0.66,
82034,-0.16,
82042,0.34,
82055,0.34,
82057,-0.66,
82062,-0.66,
82067,0.34,
82082,1.34,
82092,0.34,
82101,-0.16,
82103,-0.66,
82104,-2.16,
82132,-0.66,
82134,0.34,
82148,-0.16,
82154,0.34,
82172,-1.66,
82199,1.34,
82211,0.34,
82215,-0.66,
82216,1.34,
82220,-0.66,
82228,-0.66,
82230,0.34,
82253,0.34,
82267,-0.66,
82273,0.34,
82304,-0.66,
82335,-1.66,
82337,0.34,
82348,0.34,
82352,-0.66,
82367,0.34,
82389,-0.66,
82390,0.34,
82400,0.34,
82401,-0.66,
82403,0.34,
82409,1.34,
82414,-0.66,
82418,1.34,
82438,0.34,
82444,-0.66,
82449,0.34,
82461,-0.16,
82466,-0.16,
82475,0.34,
82477,-3.16,
82479,0.34,
82480,-2.66,
82504,0.34,
82506,0.84,
82519,-0.66,
82521,0.34,
82530,-2.16,
82539,0.34,
82547,1.34,
82552,1.34,
82565,-0.66,
82571,0.34,
82581,-0.66,
82607,0.34,
82627,-0.16,
82632,1.34,
82634,-1.16,
82648,-0.66,
82666,-1.66,
82670,-0.66,
82681,-1.66,
82682,-0.66,
82687,-0.66,
82690,1.34,
82699,1.34,
82707,0.84,
82714,0.34,
82739,0.34,
82740,1.34,
82745,-2.66,
82748,-0.66,
82764,0.34,
82774,-0.66,
82783,-0.16,
82784,0.34,
82803,0.84,
82807,0.34,
82825,-0.16,
82835,0.34,
82837,-0.66,
82844,1.34,
82849,-0.66,
82853,1.34,
82855,0.34,
82860,-0.16,
82862,-1.66,
82866,-0.66,
82871,0.34,
82895,1.34,
82897,-0.66,
82904,-0.66,
82907,0.34,
82908,0.84,
82922,-0.66,
82927,0.34,
82958,0.34,
82964,-0.66,
82968,0.84,
82976,0.34,
82978,-0.66,
82981,-0.16,
82992,1.34,
83001,0.34,
83003,1.34,
83004,-0.16,
83006,-0.66,
83019,0.34,
83025,-2.66,
83026,-0.66,
83031,-0.66,
83043,-0.66,
83052,1.34,
83060,-0.66,
83063,-0.16,
83085,-2.66,
83090,-0.66,
83110,0.34,
83120,-0.16,
83122,0.34,
83126,-0.66,
83137,1.34,
83148,-0.66,
83159,-0.16,
83169,0.34,
83173,0.34,
83176,-2.66,
83179,-0.66,
83187,-0.66,
83189,0.34,
83218,0.34,
83220,-2.66,
83223,1.34,
83224,-1.66,
83231,-1.66,
83237,1.34,
83238,1.34,
83248,1.34,
83256,-0.66,
83275,-0.16,
83279,-0.66,
83286,0.34,
83290,0.34,
83320,0.34,
83322,1.34,
83331,0.34,
83334,-1.16,
83338,0.34,
83349,-0.66,
83358,0.34,
83359,-1.66,
83364,0.34,
83382,0.34,
83395,-0.66,
83439,-1.66,
83445,0.34,
83462,1.34,
83474,1.34,
83477,-0.66,
83482,0.84,
83510,-0.66,
83511,-0.66,
83521,1.34,
83534,1.34,
83554,0.84,
83555,-1.16,
83560,-1.66,
83561,1.34,
83567,0.34,
83581,-2.66,
83589,0.34,
83592,0.84,
83596,-0.66,
83605,0.34,
83615,1.34,
83618,1.34,
83624,1.34,
83625,-0.16,
83656,0.34,
83661,0.34,
83682,0.34,
83685,-1.66,
83689,0.34,
83751,0.34,
83752,-0.66,
83763,1.34,
83764,0.34,
83777,0.34,
83781,0.34,
83796,0.34,
83822,-0.16,
83828,-2.66,
83837,1.34,
83841,-1.66,
83842,0.34,
83845,-0.66,
83856,-0.66,
83864,0.34,
83865,-1.66,
83867,1.34,
83870,-0.66,
83871,-0.66,
83899,-0.66,
83923,0.34,
83935,0.34,
83947,0.34,
83949,0.34,
83955,-0.66,
83959,-1.16,
83965,0.34,
83970,0.84,
84008,0.34,
84010,1.34,
84019,1.34,
84022,-0.16,
84026,0.84,
84031,1.34,
84032,-0.66,
84061,-0.16,
84062,0.34,
84063,-1.66,
84067,-0.66,
84071,1.34,
84077,0.34,
84088,-0.66,
84095,0.34,
84107,0.34,
84111,-0.66,
84115,-1.66,
84121,0.34,
84128,0.34,
84135,1.34,
84156,-2.66,
84158,-0.16,
84160,1.34,
84192,0.34,
84207,0.34,
84211,-0.66,
84230,1.34,
84237,1.34,
84248,0.34,
84275,-0.66,
84278,-0.66,
84281,1.34,
84293,-0.66,
84295,0.34,
84302,-0.16,
84304,0.34,
84316,0.34,
84320,-1.66,
84348,-0.66,
84371,1.34,
84374,0.34,
84376,0.34,
84379,0.84,
84387,1.34,
84392,-0.66,
84396,-1.16,
84397,0.34,
84422,1.34,
84433,0.34,
84443,-0.66,
84454,0.34,
84464,1.34,
84466,-0.66,
84472,-1.66,
84474,0.34,
84515,0.84,
84520,-0.66,
84549,0.34,
84558,0.84,
84588,1.34,
84600,-0.66,
84614,1.34,
84619,-1.66,
84620,-0.16,
84626,0.34,
84627,-0.66,
84653,-0.66,
84664,-0.16,
84678,-0.66,
84689,0.34,
84696,-0.66,
84697,1.34,
84709,0.34,
84720,-0.66,
84735,-0.66,
84740,0.34,
84742,-1.66,
84743,-0.66,
84749,-0.66,
84752,0.34,
84754,0.34,
84769,0.34,
84775,-0.66,
84783,1.34,
84785,0.34,
84792,0.34,
84797,0.34,
84799,-1.16,
84802,0.84,
84811,-2.66,
84815,0.34,
84819,-0.66,
84827,-0.66,
84856,-0.66,
84861,-2.16,
84868,0.34,
84875,1.34,
84878,0.34,
84885,-0.16,
84898,-0.66,
84900,-0.66,
84903,0.84,
84905,0.34,
84906,1.34,
84910,-3.16,
84916,-0.66,
84931,-0.66,
84940,0.34,
84944,1.34,
84965,0.34,
84971,1.34,
84974,1.34,
84975,1.34,
84983,0.34,
84986,-0.66,
84987,0.34,
85000,0.34,
85002,0.34,
85017,0.34,
85022,0.34,
85033,0.34,
85034,0.84,
85048,-0.66,
85050,-0.66,
85053,-0.66,
85076,-2.66,
85082,1.34,
85084,0.34,
85105,1.34,
85107,-0.66,
85119,0.84,
85125,-0.66,
85128,0.34,
85145,-0.66,
85146,1.34,
85147,0.34,
85149,0.34,
85155,1.34,
85163,-0.66,
85190,-0.66,
85193,-0.16,
85210,1.34,
85214,0.34,
85218,-0.66,
85223,0.34,
85227,-1.66,
85234,0.34,
85245,-0.16,
85248,0.34,
85249,-0.16,
85252,-0.66,
85259,0.34,
85266,-0.66,
85274,0.34,
85275,0.34,
85286,-0.66,
85287,0.34,
85298,-0.66,
85302,1.34,
85305,-0.66,
85307,1.34,
85310,-0.66,
85312,1.34,
85335,0.84,
85336,-0.16,
85362,-0.66,
85371,0.34,
85374,0.34,
85376,-0.16,
85389,0.34,
85390,-2.66,
85393,-0.16,
85396,-1.66,
85401,0.34,
85412,-0.16,
85422,-1.16,
85432,0.34,
85439,0.34,
85445,-0.66,
85478,0.34,
85479,1.34,
85486,0.34,
85508,1.34,
85509,-1.66,
85525,-1.16,
85532,0.34,
85544,-0.66,
85556,1.34,
85559,-0.66,
85561,1.34,
85562,-0.66,
85581,-0.16,
85583,0.34,
85586,-0.16,
85602,0.34,
85605,0.34,
85617,0.84,
85623,-0.66,
85640,0.84,
85642,-0.66,
85646,-2.66,
85649,0.84,
85650,-0.66,
85662,0.34,
85672,-1.66,
85676,1.34,
85681,-1.66,
85703,0.34,
85706,0.34,
85711,0.34,
85722,0.84,
85725,-1.66,
85727,-0.66,
85730,0.34,
85744,1.34,
85746,-0.66,
85771,1.34,
85786,1.34,
85788,-1.66,
85791,0.34,
85793,0.34,
85807,1.34,
85820,0.84,
85847,1.34,
85855,-1.66,
85860,-0.66,
85862,-2.66,
85868,0.34,
85873,1.34,
85888,-1.66,
85893,0.34,
85901,1.34,
85909,0.34,
85915,1.34,
85920,1.34,
85922,0.34,
85924,-0.66,
85926,1.34,
85941,0.34,
85960,-0.66,
85961,-0.66,
85969,0.84,
85971,0.34,
85988,0.34,
86020,-1.66,
86025,1.34,
86028,0.34,
86032,-0.66,
86035,0.34,
86040,0.34,
86041,0.84,
86042,-0.66,
86060,-0.66,
86071,-0.66,
86083,1.34,
86088,0.34,
86094,-0.66,
86096,-2.66,
86099,-0.16,
86118,-0.66,
86130,-0.16,
86156,-0.16,
86170,-0.66,
86173,1.34,
86182,-0.66,
86186,0.34,
86189,-2.16,
86209,-2.66,
86214,0.34,
86222,0.34,
86235,0.84,
86236,1.34,
86243,-0.66,
86255,0.34,
86260,0.34,
86266,0.34,
86277,0.34,
86291,1.34,
86299,-0.16,
86334,-0.66,
86356,-1.66,
86360,0.84,
86380,-1.66,
86383,-0.66,
86388,0.34,
86445,0.34,
86452,1.34,
86454,-0.66,
86456,1.34,
86458,0.34,
86466,-2.66,
86473,-0.66,
86477,0.84,
86496,0.34,
86515,-0.16,
86518,1.34,
86520,0.34,
86529,0.84,
86531,-0.16,
86554,0.34,
86557,1.34,
86594,-0.66,
86599,-2.16,
86618,1.34,
86619,0.84,
86630,0.34,
86631,0.34,
86632,1.34,
86633,-0.16,
86639,-3.16,
86651,-0.66,
86652,1.34,
86665,-1.66,
86666,-0.16,
86676,0.34,
86683,0.34,
86687,0.34,
86697,-1.66,
86722,0.34,
86729,-0.16,
86733,-0.66,
86736,-2.66,
86749,1.34,
86768,0.84,
86772,0.34,
86779,-1.66,
86780,0.34,
86785,0.34,
86795,-0.66,
86796,-1.66,
86807,1.34,
86824,0.34,
86829,1.34,
86848,-0.66,
86857,0.84,
86858,0.34,
86862,1.34,
86863,-2.66,
86873,0.34,
86874,-0.66,
86894,0.34,
86898,-1.66,
86913,-0.66,
86917,-0.66,
86934,0.34,
86935,-1.66,
86936,-0.16,
86963,-0.16,
86971,-2.66,
86973,0.34,
86974,0.34,
86984,0.34,
86990,0.84,
86998,-0.66,
86999,1.34,
87012,-1.16,
87017,1.34,
87021,1.34,
87024,-0.16,
87030,-0.66,
87040,-0.66,
87041,0.34,
87042,1.34,
87050,0.34,
87053,0.34,
87090,-0.66,
87093,-0.66,
87094,0.34,
87117,0.34,
87119,-0.66,
87129,-0.66,
87135,-0.66,
87156,1.34,
87157,1.34,
87159,1.34,
87163,1.34,
87164,0.34,
87179,1.34,
87180,-1.66,
87206,1.34,
87221,-0.66,
87238,0.34,
87258,0.34,
87289,-0.66,
87301,1.34,
87314,-2.66,
87319,-0.66,
87320,0.34,
87333,1.34,
87335,-0.66,
87345,-0.66,
87350,-0.66,
87354,-1.66,
87368,-0.66,
87370,0.34,
87395,0.34,
87401,-0.66,
87406,0.84,
87427,-0.66,
87428,1.34,
87441,-1.66,
87456,-0.66,
87468,-0.66,
87481,0.84,
87485,-0.66,
87488,-1.66,
87496,0.34,
87502,0.34,
87506,0.34,
87532,0.34,
87538,-1.66,
87573,0.34,
87595,0.34,
87604,-0.66,
87605,1.34,
87610,-0.66,
87611,-0.66,
87615,0.34,
87619,-0.16,
87620,0.34,
87637,0.34,
87647,-0.16,
87665,-0.66,
87674,0.34,
87679,-0.66,
87689,1.34,
87705,1.34,
87718,-1.66,
87720,-0.66,
87726,1.34,
87745,-0.66,
87759,0.34,
87786,-1.66,
87788,0.34,
87789,-2.66,
87797,0.34,
87810,1.34,
87815,0.34,
87824,-0.66,
87826,0.34,
87837,1.34,
87840,-0.66,
87845,0.34,
87851,-0.66,
87887,-1.66,
87901,1.34,
87915,0.34,
87931,0.34,
87942,-2.66,
87945,-0.66,
87952,-0.66,
87954,-1.16,
87957,0.34,
87994,0.34,
88002,1.34,
88022,-0.66,
88024,0.34,
88099,1.34,
88116,0.34,
88127,-0.66,
88129,-1.66,
88132,0.34,
88133,-0.66,
88137,-0.66,
88159,0.34,
88174,-0.66,
88176,0.34,
88177,0.34,
88181,-3.16,
88182,0.34,
88201,1.34,
88204,0.34,
88219,0.84,
88228,-0.66,
88229,0.34,
88236,-0.66,
88237,-0.66,
88238,0.34,
88239,-2.66,
88246,0.34,
88267,0.34,
88270,0.34,
88292,-0.66,
88297,0.84,
88299,0.34,
88312,-0.66,
88346,1.34,
88347,-0.66,
88357,0.34,
88363,-1.66,
88379,-1.66,
88391,0.34,
88394,-1.16,
88397,1.34,
88409,0.34,
88418,1.34,
88437,-1.66,
88442,-0.66,
88449,0.34,
88451,-0.66,
88452,0.34,
88457,-2.66,
88463,0.34,
88464,1.34,
88478,0.34,
88489,-0.66,
88495,-0.66,
88500,-0.16,
88518,0.34,
88532,-0.16,
88536,-1.66,
88543,-0.16,
88549,-0.66,
88554,1.34,
88556,1.34,
88557,1.34,
88561,0.34,
88581,0.34,
88584,-0.16,
88586,0.34,
88598,0.34,
88599,0.34,
88602,1.34,
88604,0.34,
88616,-0.66,
88630,1.34,
88633,0.34,
88639,-0.66,
88646,1.34,
88649,-1.66,
88655,0.34,
88657,-0.66,
88667,0.34,
88668,-1.66,
88686,0.34,
88692,1.34,
88696,0.34,
88706,0.34,
88717,1.34,
88729,1.34,
88738,0.34,
88745,-2.66,
88748,-2.66,
88757,0.34,
88773,1.34,
88782,-0.66,
88785,0.34,
88787,-0.66,
88788,-0.66,
88794,-0.66,
88801,-0.66,
88804,1.34,
88818,-1.16,
88820,0.84,
88821,0.34,
88828,-1.66,
88833,1.34,
88858,0.34,
88862,1.34,
88872,-0.66,
88882,-2.66,
88886,-0.66,
88904,-1.66,
88913,-1.66,
88920,0.34,
88950,0.34,
88955,0.84,
88967,0.34,
88989,0.34,
89004,-0.66,
89006,0.34,
89007,1.34,
89008,0.34,
89017,0.34,
89021,-1.16,
89023,-0.66,
89025,0.84,
89042,-0.66,
89058,-0.66,
89072,0.34,
89074,-0.66,
89075,-1.66,
89095,-0.66,
89096,0.34,
89097,1.34,
89101,0.34,
89107,-0.66,
89121,-2.66,
89126,-2.66,
89143,1.34,
89149,0.84,
89161,0.34,
89177,-0.16,
89190,0.34,
89206,-0.66,
89214,0.34,
89217,-0.16,
89219,-0.66,
89223,0.34,
89226,1.34,
89242,-1.16,
89262,0.34,
89264,0.34,
89291,0.84,
89295,-0.66,
89299,0.34,
89303,0.34,
89307,0.34,
89312,0.34,
89316,1.34,
89341,0.34,
89347,1.34,
89364,0.34,
89365,-0.66,
89378,-0.16,
89379,-0.66,
89388,0.34,
89399,-0.66,
89402,-0.16,
89421,0.84,
89424,-0.66,
89433,1.34,
89441,0.34,
89446,0.84,
89453,-1.66,
89455,0.34,
89458,-0.66,
89464,1.34,
89476,-0.66,
89483,1.34,
89490,-0.66,
89495,0.34,
89496,-1.66,
89506,0.34,
89514,-0.16,
89522,0.34,
89523,0.34,
89528,-0.66,
89531,1.34,
89546,-0.66,
89563,0.34,
89565,0.34,
89567,0.34,
89569,-0.66,
89575,-0.66,
89588,1.34,
89595,-0.66,
89604,0.84,
89619,-0.66,
89624,0.34,
89635,1.34,
89637,0.34,
89640,0.34,
89653,-1.66,
89666,0.34,
89675,-0.16,
89681,1.34,
89689,1.34,
89702,-0.66,
89727,0.34,
89736,-0.16,
89741,1.34,
89750,0.34,
89762,0.34,
89786,-0.66,
89812,-1.66,
89827,-0.66,
89836,-0.66,
89841,-0.16,
89848,0.84,
89851,-0.66,
89860,0.34,
89864,0.34,
89884,0.34,
89892,-0.66,
89897,1.34,
89907,-0.66,
89927,-0.66,
89932,-0.66,
89936,-0.66,
89952,1.34,
89955,-0.16,
89973,0.34,
89978,-1.66,
89980,-0.66,
89981,0.34,
89989,0.34,
89995,1.34,
89997,-0.66,
90027,1.34,
90061,-0.66,
90068,1.34,
90071,0.34,
90082,1.34,
90092,0.34,
90093,0.34,
90100,-0.66,
90106,1.34,
90119,0.84,
90125,-0.66,
90138,-0.16,
90143,0.34,
90146,0.34,
90148,1.34,
90156,0.34,
90162,0.34,
90176,-0.66,
90186,-0.66,
90191,-0.16,
90198,-0.66,
90200,1.34,
90224,1.34,
90232,-1.66,
90245,0.34,
90259,-0.66,
90272,-0.66,
90275,0.34,
90290,-0.66,
90291,0.84,
90297,0.84,
90302,-0.16,
90307,0.34,
90312,0.34,
90314,0.34,
90340,-0.66,
90353,0.34,
90358,-0.66,
90367,0.34,
90378,0.34,
90381,-1.16,
90388,0.34,
90391,0.34,
90392,0.34,
90409,0.34,
90433,1.34,
90439,0.34,
90440,-0.16,
90449,-0.16,
90468,-0.66,
90513,-0.16,
90514,0.34,
90521,-0.66,
90525,-1.66,
90532,-0.66,
90535,-0.66,
90545,-0.66,
90546,0.34,
90550,-0.16,
90552,-1.16,
90599,-0.16,
90601,-0.16,
90627,-2.66,
90633,-1.66,
90638,0.84,
90703,0.34,
90720,1.34,
90725,-0.16,
90730,0.84,
90733,-0.66,
90751,0.34,
90757,0.34,
90771,0.34,
90778,0.34,
90787,-0.66,
90795,-0.66,
90802,-1.16,
90805,0.34,
90806,-0.66,
90807,-0.66,
90830,-0.66,
90834,-1.16,
90856,-2.66,
90862,0.34,
90869,0.34,
90870,0.34,
90897,1.34,
90903,-0.66,
90913,0.34,
90934,0.34,
90941,-0.66,
90948,0.34,
90949,-0.66,
90962,1.34,
90968,0.34,
90988,0.34,
90995,1.34,
90997,-1.66,
91005,-1.66,
91008,-1.66,
91014,-0.66,
91030,0.34,
91035,0.34,
91040,0.34,
91050,1.34,
91051,-0.16,
91068,-0.66,
91069,-0.16,
91070,1.34,
91072,1.34,
91078,0.34,
91085,1.34,
91103,1.34,
91104,1.34,
91106,0.34,
91115,0.34,
91137,0.34,
91152,-1.66,
91153,-1.66,
91172,0.84,
91173,0.34,
91177,0.34,
91185,-0.66,
91186,1.34,
91190,0.34,
91191,0.34,
91196,1.34,
91200,0.34,
91205,0.34,
91217,-1.66,
91231,0.34,
91239,-0.66,
91240,0.34,
91283,0.34,
91300,0.34,
91310,-1.66,
91313,0.34,
91315,1.34,
91323,-0.66,
91337,-0.66,
91340,0.84,
91348,1.34,
91349,0.34,
91351,-1.66,
91376,1.34,
91384,0.84,
91425,-0.66,
91436,0.34,
91441,0.34,
91448,-0.66,
91457,0.34,
91471,1.34,
91476,-0.66,
91481,-0.66,
91494,1.34,
91495,-0.66,
91498,-2.16,
91537,-2.66,
91541,0.34,
91571,-0.66,
91603,1.34,
91617,1.34,
91625,0.34,
91626,0.34,
91628,0.34,
91631,-1.16,
91637,0.34,
91641,0.34,
91653,0.34,
91659,-2.66,
91660,-0.16,
91668,1.34,
91682,0.34,
91692,0.34,
91709,-1.16,
91722,0.34,
91723,1.34,
91734,0.34,
91735,1.34,
91753,0.34,
91756,0.84,
91763,0.34,
91768,-0.66,
91770,1.34,
91774,-1.66,
91777,1.34,
91807,-0.66,
91816,-3.16,
91817,-0.66,
91825,-0.66,
91837,1.34,
91845,0.34,
91866,-0.66,
91867,0.34,
91869,-1.66,
91870,-0.66,
91887,1.34,
91892,0.34,
91893,0.34,
91897,-0.66,
91904,1.34,
91910,-0.66,
91914,1.34,
91916,-0.66,
91923,-0.66,
91925,1.34,
91927,1.34,
91934,0.34,
91948,-1.16,
91951,0.34,
91954,-1.66,
91957,1.34,
91961,-1.66,
91981,-0.66,
91994,-0.16,
91999,1.34,
92007,-0.66,
92011,-0.66,
92014,-0.66,
92016,-0.16,
92021,-1.66,
92022,1.34,
92029,0.84,
92038,0.34,
92041,-0.66,
92043,-0.66,
92054,1.34,
92056,1.34,
92065,1.34,
92097,-0.66,
92100,1.34,
92104,-0.16,
92107,-0.66,
92110,1.34,
92115,0.84,
92117,0.34,
92168,-0.66,
92190,-1.16,
92193,-0.66,
92194,0.34,
92200,0.84,
92202,-0.66,
92204,1.34,
92208,1.34,
92211,0.34,
92219,-0.66,
92238,0.34,
92241,0.34,
92250,1.34,
92255,0.34,
92267,-0.66,
92268,-0.66,
92269,0.84,
92271,0.34,
92282,-0.66,
92285,0.34,
92288,0.34,
92328,1.34,
92339,-1.66,
92349,0.84,
92357,0.34,
92367,-1.66,
92371,-1.66,
92373,0.34,
92379,-0.66,
92393,-0.66,
92406,1.34,
92416,-0.66,
92420,-0.66,
92432,-1.16,
92436,1.34,
92449,0.34,
92452,-0.66,
92479,-1.16,
92483,0.34,
92485,0.84,
92514,-0.16,
92515,-1.66,
92518,0.34,
92522,-0.66,
92524,-0.66,
92531,-1.66,
92535,1.34,
92542,-1.66,
92554,0.34,
92555,-0.66,
92559,-0.66,
92570,0.34,
92587,-0.66,
92598,0.34,
92610,0.34,
92616,-2.66,
92617,0.84,
92621,-0.16,
92636,-0.66,
92642,-1.66,
92659,1.34,
92660,0.34,
92672,0.34,
92677,0.34,
92680,0.84,
92695,0.34,
92706,0.84,
92714,-0.66,
92745,-0.66,
92752,0.34,
92765,-0.16,
92770,-0.16,
92772,1.34,
92777,0.84,
92783,1.34,
92788,-1.66,
92789,0.34,
92795,1.34,
92798,0.34,
92804,-1.66,
92820,1.34,
92821,-1.16,
92822,-0.16,
92825,1.34,
92830,0.34,
92839,0.34,
92852,-0.66,
92883,1.34,
92893,1.34,
92901,1.34,
92907,1.34,
92916,0.34,
92919,1.34,
92926,1.34,
92947,-0.16,
92949,-0.66,
92956,0.84,
92963,0.34,
92964,0.34,
92970,1.34,
92973,-0.66,
92976,-0.66,
92994,-0.66,
93004,0.34,
93008,-0.66,
93011,1.34,
93013,-0.66,
93018,0.34,
93021,0.34,
93024,-3.16,
93028,0.34,
93042,0.34,
93048,-0.66,
93052,1.34,
93057,0.34,
93066,-0.66,
93069,0.34,
93072,1.34,
93110,0.34,
93113,1.34,
93114,-0.66,
93117,0.34,
93126,1.34,
93130,0.84,
93138,-0.66,
93143,-0.66,
93146,1.34,
93149,-0.66,
93151,0.34,
93152,-0.66,
93179,0.34,
93182,1.34,
93183,-0.66,
93190,1.34,
93219,-0.66,
93229,-1.66,
93234,0.34,
93237,-0.16,
93247,1.34,
93254,0.34,
93258,0.34,
93283,0.34,
93284,0.34,
93291,-0.66,
93314,-0.66,
93320,0.34,
93321,-0.66,
93340,-0.66,
93350,-0.16,
93356,0.34,
93359,-0.66,
93364,0.34,
93365,0.34,
93377,0.34,
93387,0.34,
93399,1.34,
93409,0.34,
93411,0.34,
93423,0.34,
93440,0.34,
93453,0.34,
93455,0.34,
93484,0.84,
93487,-0.66,
93491,-0.16,
93499,1.34,
93505,-0.66,
93531,0.34,
93538,0.34,
93560,0.34,
93563,-0.66,
93565,-1.66,
93579,-0.66,
93596,1.34,
93610,-2.66,
93620,1.34,
93634,0.34,
93637,0.34,
93642,0.84,
93663,0.34,
93664,1.34,
93665,-1.66,
93671,0.84,
93678,-0.16,
93680,0.34,
93691,-0.16,
93694,1.34,
93706,0.84,
93710,-0.16,
93717,-1.16,
93733,-0.66,
93738,-0.66,
93739,0.34,
93742,-0.66,
93743,0.34,
93749,-0.16,
93760,0.34,
93762,0.84,
93771,-0.66,
93789,-0.16,
93792,1.34,
93793,-0.16,
93798,-2.66,
93806,-0.66,
93807,0.34,
93814,0.34,
93841,-0.16,
93843,0.84,
93849,-1.66,
93852,-0.66,
93876,1.34,
93901,-0.66,
93918,0.34,
93933,-0.66,
93936,-0.66,
93949,-0.66,
93954,-0.66,
93972,-0.66,
93975,0.34,
93997,-2.66,
94025,-0.66,
94026,0.34,
94030,0.34,
94033,-0.16,
94045,-0.66,
94052,1.34,
94056,0.34,
94067,-0.16,
94070,1.34,
94082,-0.66,
94090,0.34,
94094,1.34,
94095,0.34,
94100,0.34,
94106,-2.16,
94115,0.34,
94118,-0.16,
94119,0.34,
94151,0.34,
94164,0.34,
94175,-0.16,
94179,0.34,
94197,0.34,
94201,-0.66,
94231,0.34,
94240,-2.66,
94243,0.34,
94244,1.34,
94245,0.34,
94256,-0.66,
94266,0.34,
94267,-0.66,
94280,-0.66,
94283,0.34,
94311,1.34,
94312,0.34,
94330,0.34,
94331,1.34,
94332,0.34,
94337,0.34,
94351,1.34,
94353,1.34,
94355,1.34,
94370,-0.66,
94377,-0.16,
94379,-0.66,
94384,0.34,
94393,1.34,
94396,1.34,
94403,0.34,
94404,1.34,
94406,-2.66,
94411,1.34,
94418,1.34,
94422,1.34,
94425,-0.66,
94441,0.34,
94444,0.34,
94482,0.34,
94485,1.34,
94500,0.34,
94520,0.34,
94526,0.34,
94529,-0.66,
94531,0.34,
94534,1.34,
94541,0.34,
94543,-0.66,
94560,-0.66,
94566,-0.66,
94574,-2.66,
94606,0.34,
94613,-1.66,
94628,0.34,
94632,-1.16,
94634,-0.66,
94635,0.34,
94636,1.34,
94639,0.34,
94640,-0.66,
94643,-0.66,
94644,0.34,
94652,-0.66,
94653,0.34,
94658,0.34,
94665,-0.66,
94668,-0.66,
94678,1.34,
94685,1.34,
94686,0.34,
94701,0.34,
94703,0.34,
94714,1.34,
94750,-0.16,
94753,0.34,
94757,1.34,
94761,1.34,
94764,0.84,
94767,-0.66,
94768,1.34,
94773,1.34,
94787,1.34,
94789,-0.66,
94790,-0.16,
94802,0.34,
94806,1.34,
94812,-0.66,
94828,-0.66,
94850,-0.66,
94855,0.34,
94865,-0.66,
94872,1.34,
94893,1.34,
94896,-0.66,
94897,-0.66,
94904,-0.66,
94910,0.34,
94919,1.34,
94936,0.84,
94945,1.34,
94949,1.34,
94954,-0.66,
94957,0.84,
94967,0.34,
94974,1.34,
94976,-1.66,
94979,0.34,
94981,-0.16,
94992,0.34,
94999,-1.16,
95030,-0.16,
95036,-0.66,
95037,0.34,
95042,-0.66,
95057,-0.66,
95065,1.34,
95067,-0.16,
95072,-0.66,
95074,0.84,
95085,1.34,
95089,-0.66,
95092,0.34,
95107,1.34,
95114,0.34,
95118,1.34,
95123,-0.66,
95129,-0.66,
95132,-0.66,
95134,0.34,
95138,-0.66,
95147,-0.16,
95149,-0.66,
95188,-0.66,
95201,0.34,
95216,0.34,
95221,-0.66,
95238,-0.16,
95254,0.34,
95258,0.34,
95273,0.34,
95279,0.34,
95282,-0.16,
95286,0.34,
95301,-0.66,
95326,0.34,
95327,-0.16,
95333,1.34,
95335,0.34,
95339,-0.16,
95356,1.34,
95360,-0.16,
95374,-0.66,
95375,0.84,
95394,0.84,
95406,-0.66,
95407,0.34,
95410,1.34,
95415,-0.66,
95426,0.34,
95442,0.84,
95444,-0.66,
95466,1.34,
95474,-0.66,
95503,-0.16,
95509,-3.16,
95510,1.34,
95514,0.34,
95520,0.34,
95538,-0.66,
95542,0.34,
95564,1.34,
95570,-0.66,
95577,-1.16,
95578,-0.16,
95579,-3.16,
95581,-0.66,
95585,1.34,
95590,0.34,
95604,0.34,
95607,0.34,
95610,-0.66,
95618,0.34,
95646,0.34,
95661,-0.66,
95668,0.34,
95677,-0.66,
95684,-0.66,
95693,0.34,
95701,1.34,
95702,-0.66,
95719,0.34,
95725,0.34,
95726,0.34,
95727,1.34,
95738,-3.16,
95761,1.34,
95766,1.34,
95767,-0.16,
95771,1.34,
95788,-0.66,
95789,1.34,
95798,0.34,
95810,-0.66,
95826,0.34,
95827,-0.16,
95846,1.34,
95851,1.34,
95853,-0.66,
95860,0.34,
95864,0.34,
95901,-0.66,
95909,0.34,
95925,-0.66,
95931,1.34,
95932,-0.16,
95943,-0.16,
95946,-1.66,
95949,-0.16,
95953,-0.66,
95959,0.34,
95961,0.34,
95983,-0.66,
95988,0.84,
95989,1.34,
95993,0.34,
95998,1.34,
96025,1.34,
96032,-0.66,
96039,0.34,
96048,-0.66,
96051,-0.66,
96054,1.34,
96065,0.34,
96097,-1.66,
96100,1.34,
96104,0.34,
96129,0.34,
96144,0.34,
96145,0.34,
96165,-0.66,
96176,-0.66,
96181,-0.66,
96182,-0.16,
96184,-0.66,
96202,-0.66,
96207,-0.66,
96209,-0.16,
96217,1.34,
96221,-0.66,
96223,1.34,
96225,0.34,
96234,1.34,
96238,0.34,
96290,-0.66,
96293,-1.66,
96304,0.34,
96316,-0.66,
96331,0.84,
96338,-1.16,
96342,0.34,
96352,0.34,
96366,0.34,
96370,0.34,
96372,0.84,
96374,-0.66,
96377,0.84,
96378,-0.16,
96379,1.34,
96380,0.34,
96389,0.34,
96392,-0.66,
96408,0.34,
96410,-0.66,
96411,-0.66,
96416,-0.66,
96417,0.34,
96420,-0.66,
96424,0.34,
96441,0.34,
96444,-0.66,
96451,0.84,
96456,0.34,
96463,-1.66,
96473,-0.66,
96474,0.34,
96482,0.84,
96485,-0.66,
96492,-0.66,
96501,-0.66,
96513,0.34,
96518,-0.66,
96522,-0.66,
96529,-1.66,
96531,0.34,
96534,0.34,
96538,-0.66,
96541,0.34,
96543,0.34,
96547,-0.66,
96558,-0.66,
96577,1.34,
96580,-0.66,
96590,0.34,
96593,1.34,
96598,0.34,
96600,0.34,
96601,-0.16,
96602,1.34,
96608,0.34,
96629,-0.66,
96630,0.34,
96639,0.34,
96645,1.34,
96647,-0.16,
96649,-0.66,
96652,0.34,
96655,-0.66,
96666,-0.66,
96673,0.34,
96684,0.34,
96694,-0.66,
96702,-0.66,
96705,-1.66,
96724,1.34,
96731,-0.66,
96741,0.34,
96746,0.34,
96750,1.34,
96751,-0.66,
96754,0.84,
96769,-0.66,
96771,1.34,
96778,-1.66,
96780,0.34,
96783,-0.66,
96788,-2.66,
96795,-0.66,
96800,0.34,
96804,1.34,
96805,1.34,
96819,-0.66,
96841,0.34,
96851,0.34,
96859,0.34,
96861,0.34,
96867,-0.66,
96871,1.34,
96903,-0.66,
96908,-3.16,
96911,-0.66,
96913,0.84,
96918,0.34,
96922,0.34,
96925,0.34,
96932,0.34,
96938,0.34,
96939,-0.66,
96947,-1.66,
96949,0.34,
96950,0.34,
96952,-0.66,
96967,1.34,
96976,-0.66,
96980,1.34,
96986,1.34,
97003,0.34,
97005,-0.66,
97008,0.34,
97010,0.34,
97039,-0.66,
97043,-1.66,
97045,1.34,
97061,-0.66,
97072,0.34,
97078,0.34,
97106,0.84,
97112,0.34,
97133,-0.66,
97141,-0.66,
97151,0.34,
97166,0.34,
97168,-1.16,
97176,0.84,
97181,0.34,
97182,-0.66,
97195,-0.66,
97196,0.34,
97201,1.34,
97220,1.34,
97224,0.34,
97229,1.34,
97251,0.34,
97252,-0.66,
97260,1.34,
97283,-0.66,
97285,0.34,
97288,-0.66,
97290,1.34,
97296,0.34,
97300,-2.66,
97313,1.34,
97318,0.84,
97321,-2.66,
97323,-0.66,
97325,0.34,
97326,-2.66,
97339,0.34,
97344,-0.66,
97351,0.84,
97373,0.34,
97377,-0.66,
97384,0.34,
97401,1.34,
97411,0.34,
97416,-0.66,
97421,-0.66,
97430,0.34,
97434,0.34,
97435,0.34,
97438,0.34,
97443,-0.66,
97455,0.34,
97461,1.34,
97463,0.34,
97466,0.34,
97468,0.34,
97494,0.34,
97495,-0.66,
97512,0.34,
97521,-0.16,
97527,-1.66,
97533,1.34,
97544,0.34,
97550,0.34,
97552,0.34,
97558,0.34,
97580,-0.66,
97592,0.34,
97602,-0.16,
97606,0.34,
97620,0.34,
97630,1.34,
97635,-0.66,
97642,0.34,
97643,0.34,
97668,0.34,
97688,-2.66,
97691,0.84,
97711,1.34,
97720,-0.66,
97723,0.34,
97724,0.84,
97726,-1.66,
97730,0.34,
97735,0.34,
97736,0.34,
97740,-0.66,
97752,-0.66,
97760,0.34,
97766,-0.66,
97770,-0.66,
97773,0.34,
97786,-0.16,
97829,0.34,
97833,1.34,
97840,-0.66,
97853,0.34,
97856,-0.66,
97859,0.34,
97860,0.34,
97868,-0.16,
97873,1.34,
97879,1.34,
97892,0.34,
97896,-0.16,
97927,-0.66,
97933,0.34,
97934,-1.16,
97940,0.34,
97941,-0.66,
97942,0.34,
97969,1.34,
97971,0.34,
97972,0.34,
97980,-0.66,
97984,0.34,
97996,1.34,
98017,0.84,
98018,-2.66,
98027,1.34,
98031,0.34,
98032,0.34,
98038,0.34,
98074,1.34,
98075,0.34,
98092,-0.16,
98103,0.84,
98135,0.34,
98144,0.34,
98159,-0.66,
98165,0.34,
98203,1.34,
98205,1.34,
98206,0.34,
98211,0.34,
98213,-0.66,
98215,0.34,
98244,1.34,
98262,-1.66,
98269,0.34,
98275,-2.66,
98280,0.34,
98286,1.34,
98292,0.34,
98298,0.34,
98327,-0.66,
98336,0.34,
98341,-0.66,
98351,0.34,
98369,0.34,
98384,-2.66,
98387,-0.66,
98394,-0.66,
98420,-0.66,
98430,0.34,
98438,1.34,
98459,0.34,
98467,-0.66,
98470,0.84,
98478,0.34,
98488,-0.16,
98489,-0.66,
98494,-1.66,
98498,-0.66,
98511,0.34,
98514,0.34,
98528,0.34,
98544,-0.66,
98551,-0.16,
98555,0.84,
98567,-0.66,
98568,-0.66,
98596,0.34,
98624,-0.16,
98631,0.34,
98652,0.34,
98660,-0.16,
98662,0.34,
98670,-2.66,
98684,0.84,
98685,-0.66,
98687,-2.66,
98725,-0.66,
98729,0.34,
98740,0.34,
98746,0.34,
98752,-0.66,
98761,-0.66,
98771,1.34,
98778,0.34,
98785,0.34,
98796,-3.16,
98799,1.34,
98802,0.34,
98805,-0.66,
98808,0.34,
98812,0.84,
98816,0.34,
98818,-0.66,
98833,-0.66,
98847,1.34,
98851,0.34,
98855,-0.66,
98865,-0.66,
98871,-2.66,
98875,-0.66,
98909,0.34,
98926,-0.66,
98927,0.34,
98929,-0.66,
98931,-0.66,
98937,1.34,
98942,-0.66,
98947,1.34,
98951,-0.66,
98976,-0.66,
98999,0.34,
99016,1.34,
99019,-0.66,
99040,1.34,
99045,-1.66,
99047,-2.66,
99058,0.34,
99059,-0.66,
99073,-0.66,
99079,-2.66,
99111,0.34,
99119,0.34,
99136,-0.66,
99142,-0.66,
99154,-0.66,
99156,0.34,
99164,-0.16,
99169,0.34,
99171,0.34,
99196,0.84,
99198,1.34,
99199,0.34,
99200,0.34,
99210,-0.66,
99216,-0.66,
99219,-0.66,
99231,1.34,
99249,-0.66,
99258,-0.66,
99264,-0.66,
99266,0.34,
99276,1.34,
99295,-0.66,
99296,1.34,
99318,0.34,
99323,-0.66,
99325,0.34,
99337,1.34,
99340,-0.66,
99342,-0.16,
99346,0.34,
99347,1.34,
99360,0.34,
99361,1.34,
99366,-0.66,
99371,1.34,
99378,-0.16,
99382,-0.66,
99384,0.34,
99392,1.34,
99425,1.34,
99441,-0.66,
99447,-2.16,
99458,0.34,
99465,0.34,
99484,0.34,
99485,0.34,
99494,1.34,
99499,-0.66,
99515,0.34,
99518,-0.16,
99524,0.84,
99542,1.34,
99545,-0.66,
99549,0.84,
99554,0.34,
99581,0.34,
99584,-0.66,
99592,1.34,
99620,0.34,
99632,0.34,
99640,0.34,
99643,-0.16,
99650,-0.66,
99667,-0.66,
99673,0.34,
99684,0.34,
99687,-0.66,
99701,1.34,
99716,-0.66,
99722,1.34,
99730,0.34,
99733,-0.66,
99734,0.34,
99739,0.34,
99743,0.34,
99745,-0.66,
99746,0.34,
99752,-0.66,
99753,-0.66,
99754,0.34,
99759,0.34,
99774,1.34,
99779,-0.66,
99781,0.34,
99793,1.34,
99796,0.34,
99797,-0.66,
99807,-0.16,
99823,0.34,
99825,0.34,
99836,-1.66,
99842,-0.66,
99851,1.34,
99853,0.84,
99863,-1.66,
99865,-1.66,
99885,-0.66,
99900,0.34,
99914,1.34,
99937,-1.66,
99940,1.34,
99961,-0.66,
99968,0.34,
99974,-0.66,
99992,-1.66,
100002,-0.66,
100004,1.34,
100010,1.34,
100023,1.34,
100032,-0.66,
100033,1.34,
100064,-0.66,
100081,-0.66,
100096,1.34,
100101,0.34,
100105,-0.66,
100107,-0.66,
100114,0.34,
100115,-0.66,
100119,0.84,
100134,1.34,
100138,-2.66,
100141,-0.66,
100150,0.34,
100151,0.34,
100156,1.34,
100157,1.34,
100169,-1.16,
100181,-2.66,
100187,-1.16,
100191,0.34,
100208,1.34,
100211,0.34,
100213,0.34,
100217,1.34,
100230,1.34,
100233,1.34,
100246,0.34,
100250,0.34,
100254,0.34,
100259,1.34,
100260,0.84,
100273,0.34,
100293,-0.66,
100309,0.34,
100313,0.34,
100316,-0.66,
100317,-0.16,
100324,-0.66,
100349,0.34,
100353,-0.66,
100360,0.34,
100364,1.34,
100365,0.34,
100366,0.84,
100367,0.34,
100369,0.84,
100371,-0.16,
100373,0.84,
100393,1.34,
100399,-0.66,
100412,0.34,
100422,-0.66,
100429,0.34,
100431,-0.66,
100432,-1.16,
100443,-1.16,
100464,-0.16,
100471,1.34,
100474,1.34,
100483,0.34,
100485,-0.66,
100492,-0.66,
100493,-0.66,
100530,-0.16,
100531,-0.66,
100537,0.34,
100556,-1.66,
100562,0.34,
100569,-1.66,
100572,1.34,
100577,0.34,
100581,-1.66,
100586,-2.66,
100591,-1.66,
100611,1.34,
100614,-0.16,
100616,-0.66,
100639,-0.16,
100648,0.34,
100650,-0.16,
100665,1.34,
100669,-1.16,
100674,-2.66,
100680,0.34,
100687,0.34,
100701,0.34,
100704,-0.66,
100708,0.34,
100712,-0.66,
100713,0.84,
100715,0.34,
100724,0.34,
100734,0.34,
100738,-0.16,
100740,-1.66,
100754,-1.66,
100759,1.34,
100761,-2.66,
100766,-0.66,
100778,0.34,
100781,-0.16,
100790,-1.66,
100798,0.84,
100800,-0.66,
100802,0.34,
100804,0.34,
100805,-1.66,
100812,-0.16,
100829,-2.66,
100845,0.34,
100860,0.34,
100867,-0.16,
100874,1.34,
100896,-0.66,
100906,0.34,
100916,0.34,
100923,1.34,
100927,0.84,
100928,-0.16,
100930,-0.66,
100932,-0.66,
100938,1.34,
100941,-0.66,
100951,0.34,
100958,0.34,
100962,1.34,
100981,-1.66,
100992,1.34,
100993,0.34,
100994,0.34,
100998,-0.16,
101012,0.34,
101021,0.34,
101024,1.34,
101035,0.34,
101040,0.34,
101044,-1.16,
101049,1.34,
101055,-0.66,
101073,0.34,
101102,0.34,
101114,0.34,
101123,0.34,
101127,-0.16,
101136,-0.66,
101143,1.34,
101146,-0.66,
101161,0.34,
101165,-2.16,
101172,0.34,
101181,1.34,
101185,0.34,
101188,0.34,
101206,-0.66,
101226,-0.66,
101242,0.34,
101245,0.34,
101259,-2.66,
101275,-0.16,
101287,-1.66,
101292,0.34,
101312,-0.66,
101315,-2.66,
101319,0.34,
101337,-0.66,
101358,-1.16,
101359,0.34,
101361,0.34,
101372,0.34,
101373,0.34,
101378,-0.66,
101383,0.34,
101400,-0.66,
101411,-0.66,
101415,1.34,
101420,0.34,
101424,0.34,
101429,-0.66,
101433,-0.66,
101438,0.34,
101440,0.34,
101471,-0.66,
101475,-0.66,
101495,0.34,
101499,1.34,
101506,-0.16,
101517,-0.66,
101526,0.34,
101536,1.34,
101540,0.34,
101574,-0.66,
101581,1.34,
101582,-0.66,
101597,-0.66,
101598,0.34,
101602,-2.66,
101611,-0.66,
101614,1.34,
101628,1.34,
101638,0.34,
101639,0.34,
101641,0.84,
101646,0.84,
101651,0.34,
101652,-0.66,
101653,-0.16,
101656,-0.16,
101685,1.34,
101687,1.34,
101703,-1.16,
101734,1.34,
101742,-0.16,
101745,0.34,
101749,0.34,
101768,0.34,
101770,0.34,
101776,0.34,
101786,-0.66,
101789,-0.16,
101795,0.34,
101799,1.34,
101829,-0.66,
101832,0.34,
101861,1.34,
101872,0.34,
101879,-0.66,
101886,1.34,
101891,-0.66,
101897,1.34,
101904,0.34,
101908,-0.66,
101948,-0.66,
101949,0.34,
101963,0.34,
101966,-0.66,
101968,-0.66,
101973,-0.66,
101982,0.34,
101989,-1.66,
102004,-1.66,
102006,0.34,
102009,0.34,
102012,-1.66,
102017,0.84,
102018,-0.66,
102021,1.34,
102025,0.34,
102034,0.34,
102035,0.34,
102038,-0.66,
102045,0.34,
102055,0.34,
102059,0.34,
102068,-1.16,
102075,-0.16,
102076,-0.66,
102077,0.34,
102083,-0.66,
102087,-2.16,
102098,0.34,
102103,-0.66,
102118,-0.16,
102150,-0.66,
102159,1.34,
102180,1.34,
102181,-0.66,
102196,-1.66,
102204,0.34,
102205,0.34,
102206,0.34,
102207,-0.16,
102213,0.34,
102234,0.34,
102236,0.34,
102247,0.34,
102252,-0.16,
102255,0.84,
102262,-1.66,
102263,0.34,
102284,1.34,
102292,-0.66,
102303,0.34,
102311,1.34,
102318,-1.66,
102347,0.34,
102356,-0.66,
102369,0.34,
102373,0.34,
102374,0.34,
102378,-0.66,
102392,0.34,
102399,1.34,
102408,-1.66,
102440,0.34,
102441,0.34,
102443,0.34,
102449,-0.66,
102485,0.34,
102496,-0.66,
102497,-0.66,
102503,0.34,
102523,1.34,
102532,0.34,
102534,0.34,
102539,-0.66,
102565,-0.16,
102568,-0.66,
102571,0.34,
102585,1.34,
102592,1.34,
102595,0.34,
102599,-0.66,
102607,0.84,
102610,-0.66,
102613,0.34,
102635,-0.66,
102643,-0.66,
102646,0.34,
102653,0.34,
102655,-0.66,
102658,-1.66,
102662,-0.66,
102670,-2.66,
102678,1.34,
102680,1.34,
102694,0.84,
102703,-0.66,
102714,1.34,
102718,0.34,
102725,0.34,
102740,0.34,
102742,-0.16,
102749,0.34,
102752,-0.66,
102775,0.34,
102784,0.34,
102786,1.34,
102788,0.34,
102790,0.34,
102796,0.34,
102800,-0.66,
102805,-0.66,
102807,0.34,
102821,0.34,
102829,1.34,
102830,0.34,
102833,1.34,
102842,1.34,
102845,-0.66,
102851,0.34,
102865,-0.66,
102866,0.34,
102879,0.34,
102888,0.34,
102890,-0.66,
102911,-2.16,
102921,1.34,
102925,-0.66,
102945,0.84,
102950,0.84,
102952,-0.66,
102965,-0.66,
102973,1.34,
102979,-0.66,
102982,-0.66,
103000,1.34,
103010,1.34,
103011,0.84,
103018,-0.16,
103022,-1.66,
103023,0.34,
103027,-1.66,
103028,-0.16,
103032,0.34,
103042,-0.66,
103055,0.34,
103059,0.34,
103060,-0.66,
103076,0.34,
103077,0.34,
103078,0.84,
103088,-1.16,
103090,0.34,
103105,-0.66,
103113,-2.16,
103121,1.34,
103129,0.34,
103133,0.34,
103139,0.34,
103144,0.34,
103147,-0.66,
103166,0.34,
103167,-0.16,
103176,1.34,
103181,0.84,
103186,1.34,
103192,0.34,
103199,0.34,
103208,0.34,
103209,1.34,
103210,1.34,
103221,-0.66,
103223,1.34,
103225,-0.66,
103243,1.34,
103246,0.84,
103254,-0.66,
103269,-0.66,
103275,1.34,
103291,0.84,
103294,-0.16,
103295,0.34,
103298,1.34,
103323,0.84,
103327,-0.66,
103359,0.34,
103377,0.34,
103384,-1.66,
103390,0.34,
103393,0.34,
103394,0.34,
103406,-0.66,
103424,0.34,
103426,0.34,
103434,-0.16,
103445,-0.66,
103449,-0.66,
103462,-0.66,
103463,0.84,
103484,1.34,
103485,0.84,
103492,0.34,
103503,-1.66,
103521,0.34,
103526,-1.66,
103604,0.34,
103605,0.34,
103606,-0.66,
103644,0.34,
103653,0.34,
103654,0.34,
103666,-0.66,
103669,-1.66,
103672,-0.66,
103680,-1.66,
103687,0.34,
103691,0.34,
103696,1.34,
103701,0.34,
103702,0.34,
103727,0.34,
103741,0.34,
103753,0.34,
103758,1.34,
103764,0.34,
103772,0.34,
103781,0.84,
103791,0.34,
103802,-0.66,
103808,0.84,
103830,0.34,
103832,-2.16,
103835,0.34,
103837,0.34,
103841,0.34,
103858,-0.16,
103863,0.34,
103867,-1.66,
103871,0.34,
103872,-0.66,
103873,0.34,
103879,-0.66,
103881,0.34,
103888,-2.66,
103889,0.34,
103901,0.34,
103904,0.34,
103906,-0.16,
103930,-0.16,
103936,-1.16,
103941,-0.66,
103943,-0.16,
103961,-1.16,
103979,0.34,
103996,0.34,
103998,0.84,
104020,1.34,
104023,-0.16,
104026,0.34,
104037,0.34,
104042,1.34,
104043,-0.66,
104074,-0.66,
104084,0.84,
104109,0.34,
104110,-0.66,
104115,0.34,
104124,-0.16,
104125,-2.66,
104126,-2.66,
104132,0.34,
104143,-0.66,
104154,-0.16,
104174,-0.16,
104177,-0.66,
104179,0.34,
104181,0.34,
104182,-0.66,
104190,-0.66,
104192,-1.66,
104212,0.34,
104214,1.34,
104217,0.34,
104235,0.34,
104237,1.34,
104255,0.34,
104285,-1.66,
104299,-0.66,
104305,-1.66,
104307,-0.66,
104315,1.34,
104321,1.34,
104323,-0.66,
104326,0.34,
104327,0.34,
104334,0.34,
104335,-0.66,
104339,-1.66,
104345,-0.16,
104348,0.34,
104349,0.34,
104357,0.34,
104361,-0.16,
104362,0.34,
104388,-0.66,
104392,0.34,
104409,1.34,
104410,0.34,
104431,0.34,
104474,-0.66,
104479,0.84,
104507,0.84,
104531,0.34,
104534,1.34,
104536,0.84,
104537,0.34,
104548,0.34,
104558,-2.66,
104559,-1.66,
104568,-0.16,
104581,1.34,
104588,-2.16,
104590,1.34,
104591,-0.66,
104595,0.34,
104605,0.34,
104613,0.34,
104635,1.34,
104653,0.84,
104659,0.34,
104669,0.34,
104679,-0.16,
104699,-1.66,
104705,-0.16,
104721,1.34,
104725,1.34,
104731,0.34,
104736,0.34,
104741,0.34,
104746,1.34,
104752,-0.16,
104760,-0.66,
104793,-0.66,
104804,-2.66,
104807,0.34,
104809,0.34,
104821,-0.66,
104823,-0.66,
104825,-0.16,
104831,1.34,
104833,0.34,
104834,1.34,
104852,0.34,
104870,-0.16,
104876,-0.16,
104892,0.34,
104895,0.34,
104898,-0.66,
104911,1.34,
104912,0.34,
104916,-0.16,
104939,-0.66,
104943,1.34,
104946,-1.16,
104949,-0.66,
104951,-0.66,
104967,-0.66,
104969,-0.66,
104973,-1.16,
104977,0.84,
105007,1.34,
105012,-0.66,
105021,-0.66,
105031,-0.16,
105033,0.34,
105042,-0.66,
105045,-0.66,
105057,-1.66,
105070,1.34,
105071,1.34,
105078,0.34,
105081,0.34,
105097,-2.66,
105129,0.84,
105132,-0.66,
105145,-0.66,
105155,-0.66,
105161,0.34,
105164,-0.66,
105178,0.34,
105186,-0.66,
105191,-1.66,
105197,-0.66,
105199,-0.66,
105201,0.84,
105215,-1.66,
105216,1.34,
105249,0.34,
105269,-0.66,
105282,1.34,
105295,0.34,
105300,0.34,
105306,-0.66,
105325,0.84,
105338,1.34,
105356,0.34,
105366,0.34,
105370,0.34,
105375,0.84,
105376,0.34,
105387,-0.66,
105395,1.34,
105398,1.34,
105410,-1.66,
105429,0.34,
105443,-0.66,
105445,-0.66,
105461,-1.16,
105492,-0.66,
105495,0.34,
105498,0.34,
105505,0.34,
105544,-0.16,
105546,-0.66,
105561,1.34,
105567,-1.16,
105580,-2.66,
105583,-2.66,
105585,0.84,
105588,0.84,
105604,0.34,
105605,-0.66,
105607,-0.16,
105627,-2.66,
105631,-0.66,
105632,0.34,
105645,-0.66,
105646,0.34,
105650,-0.16,
105660,0.34,
105675,0.34,
105683,-0.66,
105693,-1.16,
105703,0.34,
105712,-0.16,
105726,-2.66,
105747,0.34,
105759,0.34,
105760,0.34,
105767,0.34,
105770,-0.66,
105771,-2.66,
105772,0.34,
105781,0.34,
105831,1.34,
105835,0.34,
105839,0.34,
105841,-0.66,
105858,-1.16,
105866,1.34,
105876,-0.66,
105879,-0.66,
105882,1.34,
105900,-0.66,
105914,-2.66,
105922,-0.66,
105940,0.34,
105955,0.34,
105982,1.34,
105987,0.34,
105990,-0.66,
105993,-0.66,
106001,-0.66,
106005,-1.66,
106015,1.34,
106044,-0.66,
106059,-0.66,
106068,0.34,
106069,0.34,
106075,-0.66,
106079,-0.66,
106098,1.34,
106106,0.84,
106113,1.34,
106119,0.34,
106130,1.34,
106145,-0.16,
106158,1.34,
106159,0.34,
106164,-1.66,
106170,-0.66,
106173,-0.66,
106189,-0.66,
106192,-0.66,
106193,-0.66,
106197,0.34,
106218,0.34,
106241,-0.16,
106246,0.34,
106248,-1.66,
106249,-0.66,
106251,-0.66,
106263,0.34,
106273,0.34,
106278,1.34,
106284,-1.66,
106286,1.34,
106292,0.34,
106310,0.34,
106315,1.34,
106318,0.34,
106332,0.34,
106336,0.34,
106354,0.34,
106355,0.34,
106373,0.34,
106376,-0.66,
106404,0.34,
106407,-2.66,
106414,1.34,
106436,-0.66,
106437,-0.16,
106441,0.34,
106443,0.34,
106444,0.34,
106452,-0.66,
106454,-0.66,
106463,0.34,
106468,0.34,
106474,-0.66,
106477,-1.66,
106495,-0.66,
106498,0.34,
106570,-2.66,
106580,-0.66,
106587,0.34,
106605,-1.66,
106612,0.34,
106620,-0.66,
106629,-0.16,
106630,1.34,
106639,-0.66,
106643,-0.66,
106650,-2.66,
106659,0.84,
106671,-1.66,
106673,0.84,
106675,-0.66,
106680,0.34,
106690,1.34,
106692,-0.66,
106694,-0.66,
106695,0.34,
106713,0.34,
106755,-2.16,
106765,-0.66,
106767,0.34,
106777,-0.66,
106800,0.34,
106801,0.34,
106802,-0.66,
106823,-0.66,
106836,0.34,
106854,0.34,
106867,0.34,
106878,0.34,
106881,1.34,
106904,-1.16,
106909,0.34,
106911,-1.66,
106915,-0.66,
106921,0.34,
106922,-2.16,
106939,1.34,
106943,0.34,
106965,1.34,
106976,0.34,
106993,0.34,
106997,-0.66,
107006,-0.66,
107015,0.34,
107031,1.34,
107044,0.34,
107050,-1.66,
107070,-0.66,
107090,-0.66,
107091,0.34,
107094,1.34,
107097,0.34,
107099,0.34,
107102,0.34,
107106,1.34,
107109,0.34,
107112,1.34,
107114,0.34,
107126,-0.66,
107127,0.34,
107144,-1.66,
107153,0.34,
107160,-0.16,
107175,0.34,
107187,0.34,
107188,0.34,
107193,-0.66,
107203,-1.66,
107210,0.34,
107212,0.34,
107214,0.84,
107219,-0.66,
107232,0.34,
107236,1.34,
107248,-0.66,
107256,0.34,
107262,1.34,
107264,0.34,
107266,1.34,
107270,1.34,
107284,-0.16,
107285,-0.66,
107302,-0.66,
107304,0.34,
107307,-0.66,
107308,-0.66,
107311,-0.66,
107313,-1.66,
107314,0.34,
107317,-0.66,
107324,1.34,
107326,0.34,
107329,0.34,
107334,1.34,
107344,-0.66,
107346,1.34,
107348,0.34,
107356,-0.16,
107358,0.34,
107363,-0.66,
107382,1.34,
107402,-0.66,
107409,1.34,
107423,0.34,
107424,0.34,
107437,-2.66,
107457,1.34,
107460,1.34,
107461,0.34,
107468,-0.66,
107481,0.34,
107494,1.34,
107495,-0.16,
107537,0.34,
107543,-0.16,
107561,1.34,
107572,0.34,
107578,-0.66,
107579,-1.66,
107581,0.34,
107582,0.34,
107603,0.84,
107604,0.34,
107618,-0.66,
107625,-0.16,
107638,-0.66,
107640,-0.66,
107667,1.34,
107674,1.34,
107675,0.34,
107688,-0.66,
107704,0.34,
107709,0.34,
107715,0.84,
107719,-0.66,
107720,-0.66,
107731,0.34,
107732,-0.66,
107740,-0.66,
107754,0.34,
107755,1.34,
107761,1.34,
107767,-0.66,
107791,-0.66,
107800,0.34,
107802,-0.66,
107806,-0.66,
107819,-1.16,
107823,-0.66,
107824,0.34,
107826,-0.66,
107847,-0.66,
107874,0.84,
107885,-0.66,
107890,-0.66,
107895,-0.66,
107904,-0.66,
107909,0.34,
107913,1.34,
107914,0.34,
107918,0.84,
107955,0.34,
107963,0.34,
107966,0.34,
107975,0.34,
107981,-0.66,
107984,-0.16,
107987,-0.66,
107993,-0.66,
108004,-0.66,
108005,0.34,
108016,0.34,
108028,-0.66,
108037,0.34,
108048,-0.66,
108052,-0.66,
108067,-0.66,
108087,0.34,
108089,-0.16,
108107,-0.66,
108109,1.34,
108119,1.34,
108122,1.34,
108123,0.34,
108127,-0.66,
108131,0.34,
108138,-0.66,
108140,-0.66,
108141,0.34,
108142,-0.16,
108169,-1.16,
108173,-1.66,
108187,0.34,
108189,-0.66,
108195,-0.16,
108199,0.34,
108201,0.34,
108204,1.34,
108222,-1.66,
108232,-0.66,
108235,0.84,
108248,-0.66,
108266,0.34,
108280,-0.66,
108285,-0.66,
108307,0.34,
108332,1.34,
108357,-0.16,
108359,-1.66,
108365,0.34,
108368,-0.66,
108374,-0.66,
108377,-0.66,
108385,-0.66,
108393,-0.16,
108397,1.34,
108400,1.34,
108401,0.34,
108403,-0.16,
108408,0.34,
108423,0.34,
108424,1.34,
108429,-0.66,
108436,-0.66,
108439,1.34,
108460,0.34,
108467,1.34,
108472,-0.66,
108476,-1.16,
108478,0.34,
108486,0.34,
108491,-3.16,
108493,0.34,
108502,-2.66,
108514,0.34,
108515,-0.66,
108520,0.34,
108524,0.34,
108533,0.84,
108545,0.34,
108558,-0.66,
108579,1.34,
108606,0.34,
108613,-0.66,
108617,0.34,
108620,-0.66,
108623,0.34,
108643,0.34,
108646,-0.66,
108655,-1.16,
108659,1.34,
108670,0.34,
108673,-0.66,
108674,0.84,
108679,0.34,
108684,-0.16,
108696,-0.66,
108741,-1.66,
108745,0.34,
108748,1.34,
108762,-2.66,
108765,-0.66,
108773,0.34,
108774,0.34,
108781,0.34,
108792,1.34,
108795,-0.66,
108800,-0.16,
108806,0.34,
108822,0.34,
108844,1.34,
108847,0.84,
108848,0.34,
108850,-0.16,
108859,0.34,
108875,-0.66,
108878,0.84,
108883,-0.66,
108901,-0.66,
108902,1.34,
108907,0.34,
108909,0.34,
108910,-0.66,
108929,0.34,
108934,0.34,
108939,0.34,
108947,0.34,
108950,-0.16,
108967,-0.66,
108968,-1.66,
108972,-2.66,
109003,-0.66,
109010,0.34,
109011,-1.66,
109014,0.34,
109057,0.84,
109060,0.34,
109090,-0.16,
109102,-0.66,
109114,-1.66,
109116,-1.16,
109130,1.34,
109144,-0.66,
109145,-0.66,
109149,0.34,
109152,-0.66,
109161,0.34,
109163,0.34,
109165,0.34,
109175,-0.66,
109179,-1.16,
109184,0.34,
109185,-0.16,
109203,-0.66,
109211,-0.66,
109224,-1.66,
109231,-0.66,
109236,0.34,
109239,0.34,
109243,-1.66,
109245,-0.16,
109252,0.34,
109253,-0.66,
109254,1.34,
109282,1.34,
109283,-0.66,
109294,0.34,
109306,0.34,
109308,0.34,
109322,0.34,
109330,-0.66,
109331,0.34,
109339,-1.66,
109347,-0.66,
109351,1.34,
109358,1.34,
109360,0.34,
109395,-0.66,
109409,-0.16,
109414,0.34,
109427,-0.66,
109429,0.34,
109435,1.34,
109439,-0.66,
109460,0.84,
109466,0.34,
109467,-0.66,
109469,0.34,
109472,0.34,
109474,-0.66,
109484,1.34,
109490,1.34,
109497,0.84,
109504,0.34,
109505,-0.66,
109528,0.34,
109550,-0.66,
109553,1.34,
109559,0.34,
109562,0.34,
109565,0.34,
109569,-1.16,
109575,-0.66,
109583,1.34,
109586,-0.66,
109588,0.34,
109591,0.84,
109597,-0.66,
109599,-0.16,
109620,-1.16,
109661,-0.66,
109673,0.34,
109684,1.34,
109692,-1.16,
109693,0.34,
109695,-0.16,
109700,1.34,
109702,0.34,
109704,0.34,
109718,0.34,
109725,1.34,
109738,0.84,
109744,-0.66,
109762,1.34,
109764,-0.16,
109765,1.34,
109770,0.34,
109777,0.34,
109782,-0.66,
109783,-0.66,
109800,0.34,
109802,-0.66,
109803,1.34,
109806,1.34,
109826,0.84,
109831,-0.66,
109864,-1.66,
109882,-0.66,
109883,-0.66,
109906,1.34,
109914,-0.16,
109920,-0.16,
109925,0.34,
109933,0.84,
109934,0.34,
109939,0.34,
109941,1.34,
109942,0.34,
109943,-0.66,
109962,-0.66,
109972,0.34,
109995,-0.66,
109996,0.34,
110001,0.34,
110044,-1.66,
110047,1.34,
110048,0.34,
110060,0.34,
110063,-0.66,
110065,0.84,
110086,0.34,
110100,-0.66,
110113,-0.66,
110116,0.34,
110130,-1.16,
110131,-1.66,
110133,-0.66,
110139,0.34,
110151,-2.66,
110154,-0.16,
110158,-0.66,
110163,1.34,
110171,-2.66,
110178,-0.66,
110181,0.34,
110182,0.34,
110190,-0.16,
110203,-0.66,
110206,0.34,
110227,0.34,
110243,-2.66,
110247,-0.16,
110253,0.34,
110260,-0.66,
110269,0.34,
110284,0.34,
110300,0.84,
110302,0.34,
110307,-0.66,
110328,-0.66,
110353,-0.66,
110355,-0.66,
110369,0.34,
110372,-0.66,
110392,0.84,
110397,-0.66,
110414,0.34,
110418,0.34,
110439,0.34,
110447,0.34,
110452,0.34,
110468,-1.16,
110489,1.34,
110503,-1.66,
110504,-0.66,
110505,0.34,
110513,1.34,
110514,0.34,
110515,1.34,
110525,-0.66,
110543,-1.66,
110549,-0.66,
110552,-0.66,
110558,1.34,
110577,1.34,
110581,0.34,
110583,1.34,
110587,0.84,
110588,1.34,
110597,-0.66,
110607,0.34,
110615,-0.16,
110617,0.34,
110618,0.34,
110622,1.34,
110623,1.34,
110639,1.34,
110644,-0.66,
110645,1.34,
110656,-0.66,
110659,0.34,
110674,-1.66,
110675,-0.66,
110685,-0.66,
110698,-0.66,
110714,1.34,
110720,0.34,
110733,-0.66,
110758,0.34,
110769,-0.16,
110770,0.84,
110786,0.34,
110787,-0.16,
110792,0.34,
110797,0.34,
110802,-1.66,
110812,0.34,
110819,-0.66,
110824,0.34,
110829,-0.16,
110839,-2.66,
110846,-0.66,
110858,0.34,
110861,0.34,
110864,0.34,
110880,0.34,
110890,0.34,
110897,0.34,
110903,0.34,
110912,-0.66,
110919,-0.66,
110925,-0.66,
110929,-0.66,
110934,-1.66,
110936,-0.66,
110991,-1.66,
111016,-0.66,
111023,0.34,
111028,0.34,
111037,1.34,
111038,0.34,
111055,1.34,
111058,-0.66,
111060,1.34,
111087,-0.16,
111088,1.34,
111117,1.34,
111118,0.34,
111124,-0.66,
111137,0.34,
111141,0.34,
111146,0.84,
111151,0.34,
111152,0.84,
111155,-0.16,
111163,1.34,
111177,-1.16,
111196,0.34,
111197,0.34,
111212,1.34,
111213,0.34,
111232,1.34,
111237,0.34,
111243,-0.66,
111249,0.34,
111251,-1.16,
111267,0.34,
111269,-0.66,
111271,0.34,
111276,0.34,
111288,-1.66,
111301,0.34,
111305,0.34,
111314,0.34,
111317,-0.16,
111319,-0.66,
111357,-0.66,
111359,1.34,
111363,-0.66,
111371,0.84,
111375,0.34,
111411,-0.66,
111422,-0.16,
111425,-0.66,
111426,1.34,
111434,1.34,
111437,0.34,
111440,0.34,
111472,0.84,
111484,0.34,
111513,-1.66,
111516,0.34,
111523,1.34,
111540,1.34,
111549,0.34,
111554,0.84,
111583,-0.66,
111605,-1.66,
111611,-0.16,
111612,-0.66,
111618,0.34,
111620,0.34,
111627,-0.66,
111631,1.34,
111632,-0.66,
111635,-0.66,
111636,-0.66,
111645,0.34,
111655,-1.66,
111657,-0.16,
111658,-0.66,
111662,-0.16,
111677,1.34,
111712,1.34,
111722,-1.66,
111741,-0.66,
111743,1.34,
111748,0.34,
111750,-0.66,
111753,-0.16,
111796,0.34,
111807,0.34,
111813,-0.66,
111823,-0.66,
111834,-0.66,
111839,-0.16,
111844,-1.66,
111859,-0.16,
111861,-0.16,
111862,-0.66,
111875,0.34,
111878,0.34,
111880,1.34,
111884,-0.66,
111887,-0.16,
111888,-0.66,
111893,0.34,
111899,-0.16,
111903,1.34,
111912,0.84,
111927,-0.66,
111943,-0.16,
111945,-0.66,
111962,0.34,
111973,-0.66,
111982,0.34,
111985,-0.66,
111988,0.34,
111990,0.34,
112008,-0.66,
112011,-0.66,
112013,0.34,
112017,-0.66,
112028,-0.66,
112042,0.34,
112045,0.34,
112059,0.34,
112075,-2.66,
112076,0.84,
112091,0.34,
112094,-0.66,
112103,0.34,
112105,1.34,
112120,0.84,
112124,0.34,
112127,0.34,
112134,0.34,
112142,-0.66,
112147,0.34,
112172,1.34,
112173,-2.66,
112188,0.34,
112200,-0.66,
112202,0.34,
112203,0.34,
112209,0.34,
112218,1.34,
112258,0.84,
112275,0.34,
112282,-0.66,
112297,0.34,
112301,0.84,
112308,0.34,
112337,-0.66,
112338,-1.66,
112365,0.34,
112371,-0.66,
112374,-1.66,
112379,0.84,
112410,0.34,
112454,-0.66,
112455,1.34,
112460,0.34,
112468,1.34,
112473,-0.66,
112495,0.34,
112497,-0.66,
112514,0.34,
112518,-3.16,
112523,0.34,
112529,0.34,
112530,1.34,
112532,1.34,
112537,0.34,
112553,1.34,
112562,0.34,
112567,0.84,
112570,-0.66,
112574,-0.16,
112578,-0.66,
112588,-0.66,
112611,1.34,
112635,1.34,
112646,0.84,
112653,0.34,
112671,1.34,
112680,-0.16,
112690,0.34,
112696,1.34,
112697,1.34,
112698,-0.66,
112705,1.34,
112725,-1.66,
112730,0.34,
112732,-0.66,
112748,1.34,
112762,0.34,
112808,0.34,
112816,-0.16,
112826,-1.66,
112833,0.34,
112843,1.34,
112852,-0.16,
112853,0.34,
112861,-0.16,
112893,-0.66,
112907,-0.66,
112909,-0.16,
112913,1.34,
112920,1.34,
112921,-0.66,
112927,-1.66,
112939,-0.66,
112940,0.84,
112943,0.34,
112948,0.34,
112955,-0.66,
112969,0.34,
112973,1.34,
112983,0.34,
112988,0.34,
112994,1.34,
113009,0.84,
113017,-0.66,
113071,-0.66,
113074,-0.66,
113075,0.84,
113081,0.34,
113113,-0.66,
113121,1.34,
113159,-0.66,
113177,-0.66,
113181,0.34,
113184,0.34,
113194,-0.66,
113205,1.34,
113209,-1.16,
113227,1.34,
113229,-0.16,
113246,1.34,
113256,-0.66,
113260,-0.66,
113261,-0.66,
113262,-0.66,
113273,0.34,
113301,-2.66,
113336,-0.16,
113348,1.34,
113353,0.34,
113366,-0.66,
113369,-1.16,
113370,1.34,
113374,-0.66,
113385,-0.66,
113386,0.34,
113392,-0.66,
113401,0.34,
113412,-0.66,
113413,-0.16,
113414,1.34,
113415,1.34,
113429,0.34,
113438,-1.66,
113445,0.34,
113451,0.34,
113456,0.34,
113459,0.34,
113464,1.34,
113470,-0.66,
113480,-1.16,
113515,0.34,
113523,-0.66,
113540,-0.66,
113556,0.34,
113564,0.84,
113571,-0.16,
113573,0.34,
113576,0.34,
113589,0.34,
113601,1.34,
113613,-0.66,
113626,-0.16,
113632,0.34,
113650,-1.66,
113653,-0.66,
113654,-2.66,
113668,0.34,
113670,-0.66,
113699,0.34,
113703,1.34,
113716,0.34,
113718,-1.16,
113729,-2.16,
113731,-0.66,
113740,0.34,
113757,1.34,
113758,1.34,
113769,1.34,
113772,-1.66,
113778,1.34,
113783,-0.66,
113793,0.34,
113805,-0.66,
113806,0.84,
113823,-0.16,
113828,-0.66,
113831,0.34,
113836,0.84,
113846,-1.66,
113849,-2.66,
113861,0.34,
113863,-0.66,
113869,-0.16,
113873,1.34,
113876,-0.66,
113890,-0.66,
113895,1.34,
113904,0.34,
113906,0.34,
113907,1.34,
113909,0.34,
113911,-0.16,
113912,0.34,
113913,-0.66,
113917,0.34,
113919,-0.66,
113934,0.34,
113939,-1.66,
113949,-0.66,
113954,-2.66,
113968,0.84,
113991,0.34,
113996,-0.66,
114009,-0.16,
114010,-1.16,
114011,0.34,
114026,-0.66,
114038,1.34,
114039,-0.66,
114045,0.34,
114057,-0.16,
114080,1.34,
114105,1.34,
114119,-0.66,
114123,-1.66,
114127,0.34,
114129,0.34,
114138,-1.66,
114148,-0.66,
114176,-2.66,
114184,-0.66,
114185,-0.66,
114193,-0.66,
114204,1.34,
114208,1.34,
114221,-0.66,
114244,-0.16,
114255,-0.16,
114259,-0.66,
114267,-1.16,
114276,0.34,
114284,0.34,
114294,1.34,
114299,1.34,
114303,-0.16,
114304,-0.66,
114305,-0.16,
114326,0.34,
114347,0.84,
114395,0.34,
114406,0.84,
114409,-0.66,
114412,0.84,
114419,0.84,
114436,-0.66,
114461,-1.66,
114465,0.34,
114471,1.34,
114476,1.34,
114480,-0.66,
114482,-1.16,
114488,1.34,
114495,-0.66,
114509,0.34,
114528,1.34,
114531,1.34,
114534,1.34,
114535,0.34,
114538,-0.66,
114539,-0.66,
114541,-0.66,
114544,-1.66,
114552,0.34,
114554,-0.66,
114569,0.34,
114570,-0.66,
114579,1.34,
114588,-0.66,
114591,0.34,
114595,-0.66,
114597,-0.66,
114601,1.34,
114612,1.34,
114614,-0.66,
114617,-0.16,
114624,0.34,
114633,0.34,
114643,-0.66,
114659,0.84,
114671,-0.16,
114687,0.84,
114694,-0.66,
114701,1.34,
114713,-0.66,
114720,-0.16,
114733,-0.66,
114736,0.34,
114738,0.34,
114753,-0.66,
114758,-0.66,
114764,-0.66,
114766,-0.66,
114784,-1.66,
114787,0.84,
114797,0.34,
114801,-0.66,
114805,0.34,
114817,-0.16,
114824,-0.66,
114836,0.34,
114837,0.34,
114849,0.34,
114850,-0.66,
114898,0.34,
114919,-1.16,
114928,-0.66,
114940,0.34,
114948,0.34,
114958,-0.16,
114963,-0.16,
114982,-0.16,
114992,-0.66,
114993,0.34,
114995,-0.66,
115011,0.34,
115016,0.34,
115032,-0.66,
115035,-0.16,
115037,-0.66,
115047,0.34,
115051,-0.66,
115058,0.34,
115061,1.34,
115080,0.34,
115084,-1.66,
115087,1.34,
115100,-0.66,
115105,0.34,
115114,0.34,
115123,0.34,
115125,-0.66,
115130,1.34,
115133,0.34,
115136,0.34,
115138,-0.66,
115152,-0.66,
115156,1.34,
115165,0.84,
115168,-2.16,
115172,-0.66,
115176,-0.66,
115184,0.34,
115188,1.34,
115197,-0.66,
115200,-0.16,
115210,1.34,
115221,0.34,
115222,-0.66,
115223,-0.66,
115226,-0.16,
115233,-0.66,
115234,-0.66,
115241,0.34,
115244,-1.16,
115265,-0.16,
115268,-0.16,
115281,1.34,
115282,0.34,
115287,1.34,
115297,0.34,
115300,0.34,
115303,1.34,
115306,-0.66,
115314,-0.66,
115322,-0.66,
115323,-1.16,
115324,1.34,
115336,-0.66,
115338,0.34,
115350,0.34,
115358,-0.66,
115365,0.34,
115372,0.84,
115374,0.34,
115383,1.34,
115394,0.34,
115408,0.34,
115416,1.34,
115424,-0.66,
115450,0.34,
115459,0.34,
115462,-1.66,
115463,0.34,
115465,0.84,
115473,0.84,
115480,-0.66,
115483,0.34,
115486,-2.66,
115487,1.34,
115511,0.34,
115512,-0.66,
115516,-0.66,
115520,-0.66,
115523,-1.66,
115558,1.34,
115562,1.34,
115564,1.34,
115575,-0.16,
115577,0.34,
115578,0.34,
115582,-0.66,
115604,0.34,
115606,0.84,
115611,0.34,
115622,1.34,
115631,0.34,
115638,-0.66,
115639,0.34,
115662,-0.66,
115672,1.34,
115681,1.34,
115692,1.34,
115715,1.34,
115724,-1.16,
115732,1.34,
115743,-0.66,
115746,0.34,
115749,0.84,
115753,-1.66,
115756,0.34,
115767,-0.66,
115782,0.84,
115785,0.84,
115788,-0.66,
115800,-0.66,
115801,1.34,
115806,-0.66,
115811,1.34,
115821,-0.66,
115824,0.34,
115825,0.34,
115829,0.84,
115843,-0.16,
115848,0.34,
115888,-0.16,
115893,0.34,
115904,0.34,
115929,0.34,
115930,-0.66,
115958,0.34,
115970,-0.66,
115978,-0.16,
115998,0.34,
116003,1.34,
116007,-0.66,
116015,1.34,
116017,0.34,
116025,0.34,
116030,-0.66,
116033,-0.16,
116047,0.34,
116084,0.84,
116086,-0.66,
116095,0.34,
116104,-2.16,
116111,0.34,
116118,-0.66,
116121,-0.66,
116127,-0.66,
116143,-2.66,
116149,1.34,
116189,0.34,
116230,0.34,
116238,-0.66,
116241,-1.16,
116251,0.34,
116265,-0.66,
116291,1.34,
116302,0.34,
116317,-3.16,
116319,0.34,
116324,0.34,
116351,-0.66,
116358,0.34,
116359,1.34,
116360,0.34,
116361,-0.16,
116368,1.34,
116378,0.34,
116390,-1.66,
116397,-0.66,
116413,-0.66,
116415,-0.66,
116416,0.84,
116422,-0.66,
116430,1.34,
116455,0.34,
116461,-0.66,
116474,0.34,
116478,0.34,
116485,0.34,
116491,0.34,
116497,0.34,
116498,-0.16,
116503,0.34,
116504,0.34,
116512,-2.16,
116523,0.34,
116537,-1.16,
116543,0.34,
116554,1.34,
116555,-1.66,
116556,1.34,
116557,0.84,
116562,0.34,
116569,-0.66,
116587,0.34,
116590,0.34,
116615,0.84,
116626,0.34,
116630,0.34,
116631,0.34,
116640,-0.66,
116653,-1.66,
116675,-0.66,
116709,1.34,
116710,0.34,
116718,-0.66,
116725,-0.16,
116730,-0.66,
116731,0.34,
116737,0.34,
116748,-0.66,
116757,-1.66,
116758,0.34,
116759,-0.66,
116764,0.34,
116783,1.34,
116785,0.34,
116789,-1.66,
116824,1.34,
116838,0.34,
116839,-0.66,
116855,0.84,
116858,0.34,
116859,-1.66,
116874,1.34,
116875,-0.66,
116883,1.34,
116884,-2.66,
116888,0.34,
116895,-1.66,
116898,-2.66,
116900,1.34,
116916,0.34,
116918,0.34,
116919,0.34,
116937,1.34,
116950,-0.16,
116959,-0.66,
116960,0.84,
116961,-2.66,
116982,-1.66,
116996,-0.16,
117000,-2.66,
117006,0.34,
117026,0.34,
117029,0.34,
117035,1.34,
117053,-1.16,
117054,0.34,
117060,0.34,
117070,0.84,
117076,0.34,
117116,0.34,
117117,1.34,
117121,0.34,
117139,-1.66,
117140,-0.66,
117141,-1.66,
117143,-0.66,
117146,-1.66,
117148,-0.66,
117156,0.34,
117157,-0.66,
117171,-0.16,
117173,-0.16,
117190,0.84,
117193,-0.66,
117203,0.34,
117217,0.34,
117238,-0.66,
117257,-0.66,
117267,-1.66,
117280,0.84,
117292,1.34,
117302,1.34,
117305,1.34,
117310,0.84,
117315,1.34,
117318,-0.16,
117323,-0.66,
117336,1.34,
117344,0.34,
117349,0.34,
117350,-2.16,
117355,-0.16,
117356,0.34,
117370,1.34,
117379,0.34,
117384,0.34,
117411,0.84,
117417,-2.66,
117422,0.34,
117428,-0.66,
117435,0.34,
117444,0.34,
117453,0.34,
117456,-0.66,
117458,-0.66,
117459,0.34,
117465,-1.66,
117473,-0.66,
117476,-0.66,
117479,-0.66,
117493,1.34,
117523,1.34,
117529,0.34,
117549,-0.66,
117568,0.34,
117575,1.34,
117581,-2.66,
117590,-0.16,
117616,0.34,
117617,0.34,
117639,-0.66,
117643,-0.66,
117658,-0.66,
117669,-0.66,
117677,-1.66,
117688,-0.66,
117701,-0.66,
117702,-0.66,
117708,0.34,
117716,-0.66,
117731,-0.66,
117745,0.84,
117760,1.34,
117777,0.34,
117794,1.34,
117800,1.34,
117807,-0.66,
117811,0.34,
117812,0.34,
117826,-1.66,
117838,-1.66,
117850,-0.16,
117856,-0.66,
117857,0.34,
117886,-0.16,
117893,-0.66,
117903,1.34,
117904,0.34,
117912,-0.66,
117917,1.34,
117923,-0.66,
117925,0.34,
117933,0.34,
117938,0.34,
117948,0.34,
117954,-0.66,
117961,-1.66,
117970,-0.66,
117977,0.34,
118004,-0.66,
118019,-0.66,
118030,-0.66,
118058,-0.66,
118068,0.34,
118079,0.34,
118082,0.34,
118107,-2.66,
118111,0.34,
118112,-0.66,
118127,-0.16,
118130,-0.66,
118134,-0.16,
118135,-1.66,
118142,-0.66,
118143,-0.66,
118145,-0.66,
118150,-0.66,
118174,-0.66,
118182,-1.66,
118194,1.34,
118205,0.34,
118229,0.34,
118236,-1.66,
118243,-0.66,
118254,-0.16,
118257,0.34,
118266,0.34,
118295,0.34,
118299,-0.66,
118300,0.34,
118303,-2.66,
118326,1.34,
118333,1.34,
118351,-0.66,
118357,-0.66,
118365,1.34,
118389,-0.66,
118390,0.34,
118393,-0.66,
118404,1.34,
118413,0.34,
118429,0.34,
118437,0.34,
118439,-0.16,
118478,0.34,
118483,0.34,
118492,0.34,
118503,-1.16,
118508,0.34,
118514,0.34,
118537,-0.66,
118543,1.34,
118561,-1.66,
118566,-0.66,
118567,0.34,
118587,-0.66,
118594,1.34,
118603,-1.66,
118619,0.34,
118626,1.34,
118633,-0.66,
118638,-0.66,
118648,-0.16,
118660,-0.66,
118661,1.34,
118665,-0.66,
118666,-0.66,
118673,1.34,
118698,-0.16,
118703,0.34,
118711,0.34,
118718,-0.66,
118722,0.34,
118723,-0.66,
118728,-0.66,
118741,-0.66,
118754,0.84,
118760,-1.66,
118762,-1.16,
118767,0.84,
118783,0.34,
118795,1.34,
118800,-0.66,
118820,-1.66,
118821,-1.16,
118827,0.34,
118848,0.84,
118864,1.34,
118882,0.34,
118887,1.34,
118895,0.34,
118898,-0.66,
118902,0.34,
118947,0.84,
118955,0.34,
118957,-0.16,
118998,-2.66,
118999,1.34,
119010,-1.16,
119012,1.34,
119013,0.34,
119028,1.34,
119046,-0.16,
119048,1.34,
119055,1.34,
119066,-0.66,
119075,0.34,
119086,-0.66,
119089,-1.66,
119092,-0.66,
119098,0.84,
119112,0.34,
119118,-0.66,
119124,0.34,
119125,0.34,
119126,1.34,
119132,0.34,
119141,-0.66,
119145,-0.66,
119148,0.34,
119175,1.34,
119179,-0.66,
119180,1.34,
119182,0.84,
119188,-0.66,
119203,1.34,
119212,-0.66,
119236,-0.66,
119242,0.34,
119259,-0.16,
119271,0.34,
119273,1.34,
119274,0.34,
119275,0.34,
119305,1.34,
119310,-0.16,
119339,1.34,
119344,-2.66,
119358,-0.66,
119367,0.34,
119371,0.34,
119374,0.84,
119383,1.34,
119386,-1.66,
119408,-1.66,
119416,-0.16,
119421,-0.66,
119437,0.34,
119438,-0.66,
119443,-0.66,
119444,-0.66,
119445,0.34,
119460,0.34,
119467,0.84,
119470,1.34,
119474,-0.66,
119476,1.34,
119486,-0.16,
119496,1.34,
119506,0.84,
119508,0.34,
119531,0.34,
119535,0.84,
119556,0.34,
119585,1.34,
119586,-0.66,
119589,1.34,
119608,1.34,
119632,0.84,
119646,0.34,
119654,1.34,
119661,1.34,
119664,0.34,
119674,-0.66,
119675,-0.66,
119677,0.34,
119680,1.34,
119688,0.34,
119693,0.34,
119705,-0.66,
119707,-0.66,
119714,1.34,
119715,0.34,
119724,-0.66,
119731,0.34,
119733,1.34,
119748,0.34,
119756,0.34,
119757,0.84,
119758,-0.66,
119762,1.34,
119787,0.34,
119791,0.84,
119792,0.34,
119800,-0.16,
119819,-0.66,
119822,-0.66,
119830,0.34,
119842,1.34,
119847,0.34,
119849,0.34,
119858,0.34,
119876,0.34,
119879,0.84,
119894,0.34,
119900,1.34,
119901,0.34,
119903,-0.66,
119913,0.34,
119915,-0.16,
119924,1.34,
119925,-0.66,
119927,-0.66,
119932,0.34,
119935,-0.16,
119942,1.34,
119963,0.34,
119979,0.34,
119983,0.34,
119989,0.84,
120014,1.34,
120016,1.34,
120030,1.34,
120034,0.34,
120042,0.34,
120048,0.84,
120063,-0.66,
120067,0.34,
120083,-0.66,
120084,-0.66,
120090,0.34,
120094,0.34,
120100,-0.66,
120105,1.34,
120118,0.34,
120122,1.34,
120150,0.84,
120178,-0.66,
120180,0.34,
120196,-1.66,
120208,0.34,
120209,-0.66,
120233,1.34,
120246,0.34,
120249,1.34,
120250,-1.16,
120253,0.34,
120256,-1.16,
120271,-0.16,
120286,-1.66,
120294,-1.66,
120312,0.34,
120322,1.34,
120362,1.34,
120379,-0.66,
120382,-0.66,
120391,0.34,
120395,-0.66,
120397,-0.16,
120404,-1.16,
120416,-0.66,
120426,-1.66,
120450,1.34,
120455,0.34,
120458,0.34,
120460,0.34,
120479,-0.16,
120486,0.34,
120499,0.34,
120509,-2.66,
120518,0.34,
120519,-0.66,
120524,-2.66,
120525,-0.66,
120529,-0.66,
120535,1.34,
120537,-0.66,
120543,-0.66,
120544,0.34,
120550,-0.66,
120564,0.34,
120572,0.34,
120575,-2.66,
120578,0.34,
120583,1.34,
120593,-0.66,
120599,-1.66,
120600,-0.66,
120619,1.34,
120623,-2.66,
120624,0.34,
120637,0.34,
120642,-0.66,
120666,1.34,
120668,0.84,
120674,0.34,
120678,-0.66,
120707,-1.66,
120709,0.34,
120735,1.34,
120742,0.34,
120754,0.34,
120758,-0.16,
120761,-0.66,
120771,0.34,
120773,1.34,
120776,0.34,
120777,0.34,
120789,-0.66,
120794,-0.16,
120804,0.34,
120818,-1.66,
120834,-0.66,
120890,1.34,
120895,0.84,
120902,-1.66,
120926,0.34,
120932,0.34,
120937,-0.16,
120942,0.34,
120948,0.84,
120959,-0.66,
120965,1.34,
120973,-0.66,
120980,0.34,
120989,-1.66,
121001,-0.16,
121004,-0.66,
121010,0.84,
121013,1.34,
121016,0.84,
121019,0.34,
121024,0.34,
121044,-0.66,
121052,-0.66,
121055,0.34,
121064,-0.16,
121065,0.34,
121079,-0.66,
121092,-0.16,
121096,-0.66,
121097,-3.16,
121114,-0.66,
121128,-1.66,
121139,-1.66,
121141,-0.66,
121144,1.34,
121146,-0.66,
121155,-0.66,
121157,0.34,
121158,-1.66,
121161,1.34,
121175,1.34,
121185,0.84,
121197,1.34,
121202,-1.66,
121214,0.34,
121215,1.34,
121224,0.34,
121233,0.84,
121252,-0.66,
121287,0.34,
121292,0.34,
121303,-1.16,
121304,0.34,
121308,0.34,
121311,-0.16,
121328,-0.66,
121333,1.34,
121334,-1.16,
121335,0.34,
121341,-0.66,
121353,0.34,
121355,-0.66,
121356,-0.66,
121381,-0.16,
121394,-0.66,
121401,1.34,
121408,-1.66,
121411,0.34,
121416,-2.66,
121434,-0.16,
121442,-2.66,
121447,-2.16,
121449,0.34,
121459,0.34,
121464,-1.66,
121487,0.34,
121497,-2.66,
121505,0.34,
121507,0.34,
121511,-0.66,
121512,-0.66,
121516,0.34,
121535,-1.66,
121538,-1.66,
121543,0.84,
121544,-0.66,
121547,-0.66,
121558,1.34,
121559,-2.66,
121561,0.34,
121562,-1.66,
121569,-0.66,
121572,1.34,
121588,0.34,
121600,0.34,
121608,1.34,
121609,1.34,
121612,-0.16,
121628,0.84,
121636,0.34,
121637,0.34,
121640,-1.66,
121647,0.84,
121650,0.34,
121676,-0.66,
121681,-0.66,
121713,0.34,
121721,0.34,
121729,0.34,
121735,0.34,
121741,-0.66,
121749,-0.66,
121751,0.84,
121796,-0.66,
121814,-0.66,
121820,1.34,
121822,0.34,
121833,1.34,
121844,-0.66,
121847,0.34,
121849,1.34,
121867,-1.66,
121868,-2.16,
121869,0.84,
121870,0.34,
121894,-0.66,
121895,-0.16,
121902,0.34,
121903,-0.66,
121907,0.34,
121913,-1.66,
121930,0.84,
121936,0.34,
121952,1.34,
121956,0.34,
121961,0.34,
121963,-0.66,
121982,-0.66,
121986,0.34,
122016,1.34,
122022,0.34,
122034,-2.66,
122037,1.34,
122040,-0.66,
122044,0.34,
122049,0.34,
122055,0.34,
122105,0.34,
122112,0.34,
122115,-0.66,
122131,-0.66,
122134,-0.66,
122143,0.84,
122151,-1.16,
122160,0.34,
122161,-1.66,
122164,0.34,
122169,-0.66,
122174,0.84,
122182,-0.66,
122188,0.34,
122199,-0.66,
122203,1.34,
122206,1.34,
122210,0.34,
122214,0.34,
122222,-0.66,
122223,-0.66,
122224,0.34,
122246,0.34,
122267,0.34,
122271,0.34,
122286,1.34,
122289,0.84,
122290,0.34,
122310,0.84,
122311,0.34,
122314,0.34,
122317,-0.66,
122319,-1.16,
122322,-2.66,
122328,-0.66,
122333,0.84,
122354,0.84,
122355,0.34,
122360,0.34,
122364,0.34,
122371,-0.16,
122376,1.34,
122380,0.34,
122383,1.34,
122404,-0.66,
122411,-0.66,
122421,-0.16,
122426,-0.16,
122430,0.34,
122432,0.34,
122436,1.34,
122443,-0.66,
122451,0.34,
122487,1.34,
122493,1.34,
122508,0.34,
122510,0.34,
122516,0.34,
122519,-0.66,
122528,0.34,
122545,1.34,
122556,0.34,
122559,-0.16,
122564,0.34,
122575,0.34,
122579,1.34,
122588,1.34,
122593,0.84,
122603,1.34,
122610,0.84,
122611,1.34,
122615,1.34,
122616,-0.66,
122625,0.34,
122639,0.34,
122642,0.34,
122652,0.34,
122656,1.34,
122660,0.34,
122661,-1.66,
122665,-0.66,
122667,0.34,
122679,-0.66,
122686,0.34,
122690,1.34,
122694,-2.66,
122704,0.34,
122706,0.34,
122709,0.34,
122731,0.84,
122737,-0.66,
122743,0.34,
122764,-2.16,
122781,-0.66,
122784,1.34,
122803,0.34,
122806,0.34,
122808,0.84,
122814,0.34,
122829,1.34,
122837,-0.66,
122851,0.34,
122860,1.34,
122876,-0.66,
122879,0.84,
122881,-0.66,
122890,-1.66,
122915,-0.66,
122918,-2.66,
122919,-1.16,
122924,-0.66,
122939,-0.16,
122940,-0.66,
122943,-0.66,
122948,-0.66,
122968,0.84,
122973,0.34,
122982,1.34,
122983,0.84,
122984,0.84,
123010,0.34,
123011,0.34,
123030,0.34,
123033,1.34,
123050,-0.66,
123055,1.34,
123059,0.34,
123061,1.34,
123067,-0.66,
123068,1.34,
123077,-0.66,
123088,0.34,
123090,0.34,
123099,0.34,
123107,0.34,
123115,-0.16,
123125,0.34,
123128,1.34,
123131,-0.66,
123137,1.34,
123138,-1.66,
123143,-0.66,
123144,0.34,
123150,0.34,
123155,0.34,
123163,-0.66,
123166,1.34,
123168,1.34,
123169,0.34,
123189,0.34,
123201,0.34,
123228,-0.66,
123239,-1.66,
123244,0.34,
123246,1.34,
123248,1.34,
123259,-0.66,
123269,-0.16,
123280,1.34,
123285,-0.66,
123289,-0.66,
123297,0.34,
123300,-0.66,
123307,1.34,
123309,-0.66,
123314,-1.66,
123322,0.34,
123327,-0.66,
123328,-0.66,
123341,1.34,
123343,-0.66,
123344,0.34,
123345,0.34,
123347,-0.66,
123358,0.84,
123360,-0.66,
123402,-0.66,
123405,-0.66,
123406,0.34,
123411,-0.66,
123449,-0.16,
123461,0.34,
123467,-0.66,
123469,0.84,
123475,-0.66,
123501,-0.66,
123514,1.34,
123523,0.34,
123535,-0.66,
123564,0.34,
123570,1.34,
123571,-0.66,
123574,0.34,
123581,0.34,
123588,-1.66,
123593,1.34,
123594,-0.66,
123598,0.34,
123601,0.84,
123606,1.34,
123608,-0.66,
123630,-0.66,
123639,1.34,
123653,0.34,
123654,0.34,
123657,0.34,
123660,-2.66,
123671,0.34,
123689,1.34,
123703,0.34,
123707,-0.16,
123709,0.34,
123711,-0.16,
123717,-0.66,
123721,-0.66,
123723,0.34,
123727,-0.66,
123728,1.34,
123729,0.34,
123736,-0.66,
123741,0.84,
123745,0.34,
123750,-1.66,
123754,1.34,
123755,0.34,
123764,-1.16,
123769,0.84,
123781,-0.66,
123797,0.34,
123811,-0.16,
123815,0.34,
123817,0.34,
123826,0.84,
123834,1.34,
123843,-0.16,
123846,0.34,
123850,-0.16,
123855,0.34,
123866,-1.16,
123874,-0.66,
123881,0.34,
123882,-0.66,
123889,-0.66,
123896,0.34,
123897,-0.66,
123914,0.34,
123924,0.34,
123926,-0.66,
123934,0.34,
123936,1.34,
123945,0.34,
123946,0.34,
123950,-0.66,
123953,-1.66,
123960,-2.66,
123964,0.34,
123967,0.34,
123979,0.34,
123981,-0.16,
123986,-0.66,
123990,0.34,
124001,1.34,
124007,0.34,
124013,1.34,
124026,-2.16,
124052,-0.66,
124062,0.34,
124075,1.34,
124078,0.84,
124083,1.34,
124088,1.34,
124107,1.34,
124121,-0.66,
124124,0.34,
124144,-0.66,
124146,0.34,
124150,1.34,
124163,0.34,
124169,-0.66,
124179,-0.66,
124184,0.34,
124190,-0.66,
124198,-0.66,
124205,-0.66,
124211,1.34,
124216,0.34,
124229,1.34,
124253,-0.66,
124263,0.84,
124267,-1.66,
124268,0.34,
124272,1.34,
124275,-0.16,
124276,-0.66,
124278,-0.66,
124280,-0.16,
124297,0.34,
124298,-2.66,
124300,1.34,
124313,0.34,
124315,-1.66,
124318,-2.16,
124331,1.34,
124340,0.34,
124342,-0.66,
124352,-0.66,
124380,-0.66,
124388,0.34,
124390,-0.66,
124406,0.34,
124409,0.34,
124410,0.34,
124415,0.34,
124432,1.34,
124442,-0.66,
124469,0.34,
124471,-0.66,
124479,0.34,
124483,0.34,
124484,-0.66,
124500,0.34,
124501,-0.66,
124516,1.34,
124519,0.34,
124528,0.34,
124531,-1.16,
124532,0.34,
124535,0.34,
124537,-0.16,
124540,-0.16,
124544,-0.66,
124552,0.34,
124563,1.34,
124570,-2.66,
124573,-1.66,
124576,0.84,
124577,0.34,
124580,0.34,
124586,-0.16,
124588,0.34,
124591,1.34,
124607,-0.66,
124615,-1.66,
124628,-2.66,
124633,-0.16,
124655,0.34,
124660,-1.66,
124664,1.34,
124668,1.34,
124673,0.84,
124674,1.34,
124697,-0.66,
124700,-0.66,
124701,0.84,
124716,-0.66,
124722,-0.66,
124723,0.34,
124726,0.34,
124727,0.34,
124732,0.34,
124742,0.34,
124745,0.84,
124750,-0.66,
124753,-0.66,
124756,1.34,
124764,0.34,
124766,-0.16,
124773,1.34,
124790,0.34,
124795,-2.16,
124818,-0.66,
124821,1.34,
124822,0.34,
124831,1.34,
124832,-0.66,
124835,-2.66,
124873,0.34,
124888,0.34,
124893,-1.66,
124931,1.34,
124958,-1.66,
124968,-0.66,
124982,0.84,
124986,-0.66,
125002,-0.66,
125003,0.34,
125007,0.34,
125024,-0.16,
125025,0.34,
125027,-0.66,
125041,-1.66,
125051,0.34,
125073,0.34,
125081,-2.66,
125096,-0.66,
125103,0.34,
125104,-0.66,
125122,-0.66,
125124,0.34,
125125,0.34,
125140,0.34,
125150,-2.66,
125159,0.34,
125161,0.34,
125166,-0.16,
125171,-1.66,
125178,1.34,
125185,0.34,
125188,0.34,
125202,0.34,
125224,-0.66,
125226,0.84,
125228,-0.66,
125233,0.34,
125236,-0.66,
125240,0.34,
125241,0.84,
125243,-0.66,
125247,-0.66,
125250,0.34,
125257,-0.66,
125268,1.34,
125310,0.34,
125320,-0.66,
125323,1.34,
125339,0.34,
125343,1.34,
125351,0.84,
125360,1.34,
125382,0.34,
125386,0.84,
125391,-0.66,
125401,-0.66,
125404,1.34,
125435,0.34,
125436,-0.66,
125456,-0.66,
125461,-0.66,
125483,0.34,
125487,0.34,
125497,0.34,
125513,0.34,
125517,0.84,
125525,-0.66,
125528,0.34,
125549,0.34,
125551,-0.16,
125561,-1.66,
125569,-0.66,
125577,0.34,
125580,1.34,
125581,0.34,
125585,0.34,
125587,1.34,
125603,-0.66,
125613,1.34,
125616,-0.66,
125621,1.34,
125624,-0.66,
125630,-1.66,
125633,1.34,
125645,0.34,
125650,-0.16,
125659,0.34,
125661,-2.66,
125678,0.34,
125681,-0.16,
125682,0.34,
125690,0.34,
125692,-0.66,
125696,-0.66,
125700,0.34,
125701,-2.66,
125703,0.34,
125721,0.34,
125752,0.34,
125753,-0.66,
125766,1.34,
125780,-0.66,
125783,1.34,
125794,-0.66,
125795,-0.66,
125808,0.34,
125815,-0.66,
125850,0.34,
125855,0.34,
125879,1.34,
125901,-0.66,
125912,0.34,
125924,-0.66,
125930,-0.66,
125933,0.34,
125938,0.34,
125943,-2.66,
125945,0.34,
125950,0.34,
125959,0.34,
125965,0.34,
125969,0.34,
125972,0.34,
125978,-1.66,
126023,-0.66,
126028,-2.16,
126062,1.34,
126066,1.34,
126075,-1.16,
126122,0.34,
126127,1.34,
126132,0.34,
126134,0.34,
126142,0.34,
126146,0.84,
126153,-0.66,
126161,0.34,
126166,-0.66,
126169,-1.66,
126172,-0.66,
126177,-0.66,
126191,0.34,
126192,-0.66,
126200,1.34,
126213,0.34,
126222,0.34,
126232,0.34,
126239,0.34,
126252,0.34,
126253,-0.66,
126260,0.34,
126270,-0.66,
126273,0.34,
126290,1.34,
126293,-0.66,
126294,-0.16,
126296,1.34,
126298,0.34,
126304,0.84,
126313,-0.66,
126335,0.34,
126348,-0.66,
126369,0.34,
126370,0.34,
126376,0.34,
126379,0.84,
126384,1.34,
126387,-0.66,
126395,0.34,
126397,0.34,
126417,-0.66,
126422,-1.66,
126428,-0.66,
126432,-1.66,
126465,-0.66,
126474,0.34,
126475,-0.66,
126476,-0.66,
126478,0.34,
126488,-0.66,
126493,-1.66,
126494,0.34,
126500,-1.66,
126511,1.34,
126554,-0.16,
126563,0.34,
126566,-2.66,
126571,-0.66,
126574,-1.66,
126579,-2.66,
126582,-0.66,
126587,0.34,
126610,-2.66,
126646,-0.66,
126661,1.34,
126668,0.34,
126679,0.34,
126688,0.34,
126700,0.34,
126708,-0.66,
126714,-0.16,
126718,-1.66,
126723,0.34,
126724,1.34,
126729,-1.66,
126732,0.34,
126735,-1.16,
126736,-1.66,
126739,-0.66,
126753,-1.16,
126783,-0.66,
126790,0.34,
126797,-0.66,
126824,1.34,
126825,0.34,
126831,0.34,
126847,0.34,
126852,1.34,
126858,0.34,
126870,1.34,
126871,0.34,
126872,1.34,
126877,0.34,
126878,1.34,
126890,-2.66,
126906,-2.66,
126908,-1.16,
126909,1.34,
126912,0.34,
126923,0.34,
126945,-0.66,
126955,0.34,
126959,-1.66,
126968,0.84,
126970,0.34,
126979,0.34,
126984,1.34,
126991,0.34,
126998,-0.66,
126999,-2.66,
127016,1.34,
127025,0.84,
127026,-0.66,
127032,0.34,
127035,1.34,
127065,1.34,
127080,0.34,
127087,1.34,
127095,1.34,
127116,1.34,
127131,0.34,
127139,-0.66,
127140,-0.66,
127141,0.34,
127162,-0.66,
127179,-1.66,
127180,0.34,
127184,-0.66,
127189,-1.16,
127191,-0.16,
127206,-0.66,
127215,-1.66,
127221,-0.66,
127235,0.34,
127256,0.34,
127272,0.34,
127276,-1.66,
127296,0.34,
127297,-0.66,
127301,-0.66,
127302,-0.66,
127307,0.34,
127311,-0.66,
127322,-0.66,
127330,0.34,
127332,0.34,
127344,1.34,
127365,0.34,
127381,-0.16,
127390,0.34,
127399,-0.66,
127401,0.34,
127404,1.34,
127423,-0.66,
127425,-1.16,
127434,-0.16,
127443,0.34,
127447,-0.66,
127453,-2.66,
127455,0.34,
127460,-0.66,
127476,1.34,
127482,0.34,
127484,-1.66,
127495,0.34,
127522,0.34,
127555,1.34,
127559,0.84,
127569,0.34,
127574,0.34,
127577,0.34,
127593,1.34,
127597,0.34,
127604,-0.66,
127612,-0.66,
127615,-0.66,
127618,-0.66,
127625,-0.66,
127633,1.34,
127639,-0.66,
127650,-0.66,
127660,-0.66,
127664,0.34,
127675,-0.66,
127683,0.34,
127689,-0.66,
127696,0.34,
127697,-0.66,
127700,1.34,
127712,-1.66,
127713,-0.16,
127719,-0.66,
127723,0.34,
127744,0.34,
127756,0.34,
127763,0.34,
127769,1.34,
127775,-2.66,
127784,1.34,
127788,-1.66,
127796,-0.66,
127806,1.34,
127822,1.34,
127831,0.34,
127840,0.34,
127843,0.34,
127846,0.34,
127847,0.34,
127850,-0.66,
127869,-1.66,
127871,0.34,
127875,0.34,
127876,-1.66,
127882,-0.66,
127903,1.34,
127925,0.34,
127930,0.34,
127933,-0.66,
127948,0.34,
127966,-0.66,
127971,0.34,
127978,-0.66,
127989,0.34,
127994,1.34,
128018,1.34,
128028,-0.66,
128031,0.34,
128050,-0.66,
128055,1.34,
128057,0.34,
128068,0.34,
128070,0.34,
128073,0.34,
128076,1.34,
128077,-0.16,
128078,0.34,
128095,0.34,
128113,-0.66,
128114,0.34,
128120,0.34,
128133,-0.66,
128135,-1.66,
128144,0.34,
128147,1.34,
128175,0.84,
128190,-0.66,
128197,0.34,
128203,-0.66,
128210,-0.66,
128216,0.34,
128220,1.34,
128231,0.84,
128233,0.34,
128238,-1.66,
128239,1.34,
128241,0.34,
128251,-2.66,
128252,-0.66,
128278,1.34,
128285,-1.66,
128294,1.34,
128303,-0.16,
128309,0.34,
128310,-0.66,
128325,-0.16,
128337,-0.66,
128354,0.34,
128360,-0.66,
128365,-0.66,
128370,1.34,
128372,-0.66,
128384,0.84,
128389,0.34,
128398,-0.16,
128403,-0.66,
128411,1.34,
128416,0.34,
128420,0.84,
128422,-0.66,
128427,0.34,
128436,1.34,
128438,0.34,
128453,-1.66,
128459,1.34,
128460,-1.16,
128461,-0.66,
128465,-0.66,
128467,0.34,
128470,0.34,
128479,-1.66,
128494,0.34,
128497,1.34,
128500,-2.16,
128503,-0.66,
128505,-0.66,
128509,1.34,
128514,-1.66,
128541,0.34,
128542,0.84,
128544,0.34,
128552,0.34,
128554,1.34,
128569,-1.66,
128576,0.34,
128581,0.34,
128598,-0.66,
128603,0.34,
128615,-0.66,
128617,0.34,
128621,-0.66,
128643,0.34,
128645,0.34,
128649,-0.66,
128653,0.34,
128664,-1.16,
128677,0.34,
128685,0.34,
128686,0.34,
128690,-0.16,
128693,1.34,
128731,0.34,
128760,1.34,
128763,0.84,
128768,0.34,
128773,0.34,
128780,0.34,
128791,-0.66,
128835,-1.66,
128844,-0.16,
128851,-0.66,
128885,-0.66,
128890,1.34,
128893,0.34,
128898,-0.66,
128905,-1.66,
128910,-0.66,
128912,0.34,
128918,0.84,
128952,0.34,
128972,0.34,
128986,1.34,
128998,0.34,
129001,-0.66,
129004,1.34,
129006,0.34,
129007,0.34,
129025,-0.16,
129030,0.34,
129033,-0.16,
129035,0.34,
129065,-0.66,
129067,-2.66,
129074,1.34,
129084,-2.66,
129108,-0.16,
129117,-1.66,
129126,-0.66,
129133,-0.66,
129145,0.34,
129146,1.34,
129147,0.34,
129152,1.34,
129159,0.34,
129191,0.84,
129193,-0.66,
129207,0.34,
129226,1.34,
129229,-0.66,
129234,0.34,
129249,-0.16,
129277,0.34,
129280,0.34,
129283,-0.66,
129294,1.34,
129302,0.34,
129303,-1.66,
129306,-0.66,
129320,1.34,
129326,0.34,
129330,-1.66,
129334,-1.66,
129338,0.84,
129351,1.34,
129359,0.34,
129376,1.34,
129388,-0.16,
129390,-0.66,
129398,-0.66,
129402,0.34,
129413,1.34,
129422,-0.66,
129426,-0.66,
129430,0.34,
129447,-0.66,
129460,1.34,
129461,-2.66,
129463,0.34,
129468,-0.66,
129472,0.34,
129474,-0.16,
129479,1.34,
129512,-0.16,
129522,1.34,
129525,0.34,
129540,-1.66,
129557,-0.66,
129565,1.34,
129568,0.84,
129583,-0.16,
129611,0.34,
129620,1.34,
129629,-0.66,
129630,-0.66,
129664,1.34,
129666,-0.66,
129687,-0.66,
129689,1.34,
129694,-0.66,
129724,-0.66,
129746,-1.16,
129753,-0.66,
129757,-0.66,
129763,-0.16,
129773,-0.66,
129779,-2.66,
129802,-0.16,
129806,0.34,
129811,-0.66,
129815,-0.66,
129819,0.34,
129822,1.34,
129837,-2.66,
129840,-0.66,
129851,1.34,
129860,-0.66,
129867,-0.66,
129880,0.34,
129890,1.34,
129900,0.34,
129903,-0.16,
129909,0.34,
129912,-0.66,
129934,-0.66,
129938,0.34,
129995,1.34,
130000,-0.66,
130006,0.84,
130019,1.34,
130020,0.84,
130036,-0.66,
130047,0.34,
130052,0.34,
130065,1.34,
130076,0.34,
130079,0.34,
130081,1.34,
130100,0.84,
130102,1.34,
130110,0.34,
130112,0.34,
130117,-0.66,
130119,0.34,
130122,-0.66,
130163,1.34,
130164,-0.66,
130181,1.34,
130191,1.34,
130192,-0.66,
130193,-0.16,
130209,0.34,
130210,-0.66,
130216,-1.16,
130234,-1.66,
130236,0.84,
130241,-1.66,
130252,-1.66,
130253,0.34,
130277,0.34,
130280,-1.16,
130286,-0.16,
130297,0.34,
130302,0.34,
130304,0.34,
130310,0.34,
130313,1.34,
130330,1.34,
130337,-0.66,
130338,1.34,
130364,-0.66,
130371,-0.66,
130373,0.84,
130382,1.34,
130392,0.34,
130399,-2.16,
130406,-0.66,
130411,-0.66,
130435,1.34,
130442,1.34,
130446,0.34,
130450,0.34,
130459,-0.66,0.0
130463,-0.66,
130475,-1.16,
130480,0.34,
130491,-1.66,
130498,1.34,
130517,0.34,
130523,-0.66,
130525,1.34,
130526,1.34,
130531,-2.66,
130532,-0.66,
130533,0.34,
130537,-2.66,
130540,1.34,
130550,-1.66,
130551,0.34,
130554,-0.66,
130555,0.84,
130558,1.34,
130573,0.34,
130582,-0.66,
130584,0.34,
130588,0.84,
130594,1.34,
130603,0.84,
130617,-0.66,
130622,0.34,
130623,1.34,
130634,-1.66,
130638,-0.66,
130686,-1.16,
130690,-1.66,
130697,0.34,
130703,1.34,
130707,-1.66,
130710,-0.66,
130721,0.34,
130723,1.34,
130728,0.34,
130736,1.34,
130745,-0.66,
130754,0.84,
130767,0.84,
130771,0.34,
130774,0.34,
130793,0.34,
130798,0.34,
130800,-1.66,
130802,-0.66,
130803,0.34,
130804,1.34,
130811,-0.16,
130818,0.84,
130820,0.34,
130832,1.34,
130833,-2.66,
130845,0.34,
130852,0.34,
130859,-1.66,
130871,-0.66,
130876,-0.66,
130883,0.34,
130886,0.34,
130909,-1.66,
130910,-0.66,
130912,1.34,
130960,-0.66,
130961,0.34,
130971,-0.16,
130986,0.34,
131027,-1.66,
131031,0.34,
131032,0.34,
131037,0.34,
131041,0.34,
131043,-0.66,
131057,-0.16,
131061,0.34,
131068,-0.66,
131077,0.84,
131080,0.34,
131082,0.34,
131088,0.34,
131093,-0.66,
131095,1.34,
131100,0.34,
131105,0.34,
131111,1.34,
131133,0.34,
131141,1.34,
131164,0.34,
131168,-1.16,
131173,0.84,
131180,-0.16,
131196,0.84,
131213,-0.16,
131224,-1.66,
131228,-0.16,
131232,-0.66,
131233,0.34,
131248,0.34,
131255,1.34,
131260,-1.66,
131269,1.34,
131270,0.34,
131275,0.34,
131277,0.84,
131283,0.34,
131286,0.34,
131292,1.34,
131293,-2.66,
131295,0.34,
131300,0.34,
131310,0.34,
131321,0.84,
131329,-2.66,
131334,1.34,
131345,1.34,
131347,0.34,
131349,-0.66,
131351,0.84,
131355,-2.66,
131382,1.34,
131388,1.34,
131404,0.34,
131406,0.34,
131410,0.34,
131422,-0.66,
131426,0.34,
131434,-0.66,
131470,0.34,
131479,0.34,
131482,-0.66,
131484,0.34,
131492,1.34,
131498,-0.66,
131505,0.34,
131516,-1.16,
131518,1.34,
131521,0.34,
131531,1.34,
131554,0.34,
131556,0.34,
131568,0.34,
131578,1.34,
131585,0.84,
131588,0.34,
131594,0.34,
131626,0.34,
131630,-0.66,
131644,0.34,
131648,1.34,
131651,0.84,
131661,1.34,
131674,1.34,
131684,0.84,
131690,0.34,
131695,0.34,
131698,-0.16,
131704,-0.16,
131710,0.34,
131721,-0.16,
131727,1.34,
131740,-0.66,
131745,-0.66,
131746,0.84,
131755,0.34,
131810,-0.66,
131824,-1.16,
131828,1.34,
131837,0.34,
131838,1.34,
131844,1.34,
131846,-1.66,
131856,-0.66,
131872,-0.66,
131873,-0.66,
131887,-0.16,
131896,1.34,
131901,1.34,
131903,0.34,
131904,-0.16,
131909,-0.66,
131910,-1.16,
131921,0.34,
131922,0.34,
131930,-0.66,
131933,1.34,
131961,0.84,
131984,1.34,
132000,0.34,
132030,1.34,
132040,-2.66,
132050,0.34,
132065,-0.66,
132066,-0.66,
132071,1.34,
132076,1.34,
132077,0.34,
132082,-1.16,
132093,-0.66,
132123,1.34,
132146,0.34,
132152,-0.16,
132168,-1.66,
132178,-0.66,
132185,0.34,
132208,-0.66,
132212,0.84,
132231,0.34,
132240,-0.16,
132253,0.34,
132257,1.34,
132260,0.34,
132266,-0.16,
132272,-0.66,
132283,1.34,
132300,-0.66,
132319,-0.66,
132321,0.34,
132322,0.34,
132324,0.34,
132331,0.34,
132332,0.34,
132350,-0.16,
132353,-1.66,
132357,0.34,
132366,0.34,
132386,0.84,
132392,0.34,
132393,1.34,
132398,0.34,
132408,-0.66,
132415,1.34,
132426,-0.16,
132427,1.34,
132441,-0.66,
132450,0.34,
132463,-1.66,
132466,0.34,
132493,-0.66,
132496,0.34,
132497,1.34,
132499,1.34,
132500,1.34,
132512,-2.66,
132520,0.34,
132540,0.34,
132547,-0.66,
132582,0.34,
132586,1.34,
132603,0.34,
132605,-1.66,
132612,0.34,
132615,1.34,
132618,0.84,
132620,-0.66,
132624,0.34,
132636,0.34,
132648,-0.66,
132661,0.34,
132666,-0.66,
132667,0.34,
132674,0.34,
132683,-0.66,
132691,-0.66,
132695,-0.66,
132698,1.34,
132712,1.34,
132726,0.34,
132731,-0.66,
132732,0.34,
132734,0.34,
132736,-1.66,
132747,0.34,
132780,0.34,
132784,1.34,
132788,-1.66,
132810,0.34,
132832,1.34,
132846,-2.66,
132852,0.34,
132865,0.34,
132866,-0.66,
132877,0.34,
132882,-0.66,
132883,-0.66,
132887,0.34,
132888,0.34,
132889,0.34,
132896,0.34,
132907,1.34,
132925,0.34,
132932,-0.66,
132936,0.84,
132937,-0.16,
132947,-0.66,
132950,-0.66,
132962,0.34,
132969,-0.16,
132973,0.84,
132977,-1.66,
132986,0.84,
132992,-0.66,
133006,1.34,
133022,-0.66,
133033,0.34,
133042,-0.66,
133048,0.34,
133076,0.34,
133082,0.34,
133110,-0.66,
133133,0.34,
133143,0.84,
133145,0.84,
133152,1.34,
133155,1.34,
133158,0.34,
133164,-0.66,
133165,0.84,
133184,-0.16,
133187,0.34,
133196,-0.16,
133214,0.34,
133228,-0.66,
133240,0.34,
133247,-1.66,
133252,-0.16,
133256,-1.66,
133259,-1.66,
133264,0.34,
133266,1.34,
133275,0.34,
133280,0.34,
133284,0.84,
133290,-0.66,
133298,-2.66,
133321,0.34,
133324,-1.66,
133329,-0.16,
133330,0.34,
133351,1.34,
133353,0.34,
133354,-3.16,
133355,-0.16,
133357,0.84,
133359,0.34,
133362,0.34,
133365,0.34,
133371,-0.66,
133372,0.34,
133376,0.84,
133403,0.34,
133404,1.34,
133410,1.34,
133431,0.34,
133447,0.84,
133459,-0.66,
133466,1.34,
133472,0.34,
133475,-0.16,
133480,-0.66,
133490,-0.66,
133496,-0.66,
133513,-0.66,
133518,0.34,
133531,-2.66,
133541,-1.66,
133564,1.34,
133565,-2.66,
133571,0.34,
133572,0.34,
133582,-0.66,
133606,-0.16,
133617,0.34,
133624,0.84,
133625,-0.16,
133629,-1.16,
133631,-0.66,
133644,-0.66,
133652,0.34,
133663,-0.66,
133667,-2.66,
133694,-2.66,
133696,1.34,
133697,-0.66,
133698,0.34,
133703,-0.16,
133705,-0.66,
133707,1.34,
133722,1.34,
133736,0.34,
133740,1.34,
133762,0.84,
133764,1.34,
133773,1.34,
133777,0.34,
133786,0.34,
133809,-0.16,
133811,-0.66,
133821,-0.66,
133825,0.34,
133834,-1.16,
133843,1.34,
133845,0.34,
133854,0.34,
133864,-0.66,
133871,-1.66,
133873,-0.66,
133890,-0.16,
133894,-1.66,
133909,1.34,
133914,-1.66,
133925,0.34,
133942,0.34,
133950,0.34,
133956,0.34,
133967,1.34,
133972,-1.66,
133999,-1.66,
134000,0.34,
134001,0.34,
134002,-0.66,
134019,-2.66,
134025,1.34,
134027,-0.16,
134028,0.84,
134029,-0.66,
134042,-0.66,
134044,0.84,
134070,1.34,
134081,0.34,
134083,1.34,
134093,-2.66,
134095,0.34,
134116,-2.66,
134123,1.34,
134136,0.84,
134138,1.34,
134141,-0.66,
134159,1.34,
134175,0.34,
134181,0.34,
134209,-0.16,
134210,0.34,
134215,0.34,
134221,1.34,
134228,1.34,
134238,-1.66,
134257,-0.66,
134264,-1.16,
134267,0.34,
134282,1.34,
134309,-2.66,
134313,-1.66,
134317,0.34,
134323,-0.66,
134324,0.34,
134326,-2.66,
134328,-0.16,
134330,-0.66,
134346,-0.66,
134352,-0.16,
134354,-0.66,
134356,-0.66,
134357,-0.66,
134366,-1.66,
134382,-0.66,
134383,-0.66,
134401,-0.16,
134405,0.34,
134407,1.34,
134409,1.34,
134411,0.34,
134419,0.84,
134426,-0.66,
134434,0.34,
134435,0.34,
134436,0.34,
134457,0.34,
134466,0.34,
134485,-1.66,
134489,-0.66,
134494,0.34,
134495,0.34,
134497,1.34,
134502,0.34,
134508,0.84,
134518,-0.66,
134521,0.34,
134523,-0.66,
134538,1.34,
134539,0.34,
134554,0.34,
134566,1.34,
134567,1.34,
134574,-2.66,
134576,-0.16,
134581,1.34,
134585,1.34,
134587,-0.66,
134588,0.34,
134589,-0.66,
134607,-0.66,
134614,-0.66,
134627,-0.66,
134637,-1.66,
134638,0.34,
134641,-0.66,
134643,-0.66,
134644,0.34,
134653,-0.16,
134675,0.34,
134676,-0.16,
134684,-2.66,
134688,-1.66,
134689,1.34,
134690,0.34,
134694,0.34,
134707,-0.16,
134714,-0.66,
134716,0.34,
134720,-0.66,
134728,-0.16,
134729,-0.66,
134734,-0.66,
134740,-0.66,
134756,-3.16,
134773,-0.66,
134779,-0.66,
134781,0.34,
134785,1.34,
134793,0.34,
134807,1.34,
134814,-0.66,
134830,-1.66,
134833,1.34,
134840,0.84,
134842,0.34,
134848,1.34,
134850,-0.16,
134854,0.34,
134857,-2.66,
134859,0.84,
134866,-0.66,
134867,-0.66,
134873,1.34,
134882,1.34,
134886,0.34,
134898,0.34,
134906,-0.66,
134911,-1.66,
134919,-1.16,
134936,0.34,
134952,0.34,
134972,0.34,
134977,-0.66,
134985,1.34,
134986,0.34,
135008,0.34,
135009,0.34,
135015,-0.66,
135033,0.34,
135041,0.34,
135042,-1.66,
135050,1.34,
135071,-0.66,
135072,0.34,
135075,0.34,
135082,0.34,
135084,1.34,
135090,-0.16,
135097,1.34,
135102,-1.16,
135112,-0.66,
135123,0.84,
135146,-3.16,
135152,0.84,
135155,0.34,
135166,1.34,
135174,0.34,
135186,0.34,
135192,-0.66,
135198,0.34,
135227,0.34,
135232,0.34,
135244,1.34,
135248,-0.66,
135266,0.34,
135289,1.34,
135295,0.34,
135298,-0.66,
135302,-0.16,
135309,1.34,
135337,-2.66,
135340,1.34,
135364,-0.66,
135370,0.34,
135375,-0.66,
135397,0.84,
135399,1.34,
135403,0.34,
135405,1.34,
135419,0.34,
135425,-0.16,
135438,-0.66,
135441,-0.66,
135446,1.34,
135458,-0.66,
135461,1.34,
135464,0.34,
135483,-2.66,
135503,0.34,
135505,0.84,
135509,-0.66,
135518,0.34,
135522,-0.16,
135526,-0.66,
135530,0.84,
135535,0.34,
135539,0.84,
135541,0.34,
135542,0.34,
135546,1.34,
135550,-1.16,
135563,0.34,
135570,-0.16,
135580,-0.66,
135591,-0.66,
135592,-0.16,
135595,-1.16,
135597,-0.16,
135599,0.34,
135610,-0.66,
135611,0.34,
135621,-0.66,
135622,-1.66,
135632,1.34,
135635,-0.66,
135640,1.34,
135654,-0.66,
135676,-0.66,
135677,0.34,
135687,0.84,
135695,0.34,
135696,-2.66,
135701,-0.66,
135753,1.34,
135757,0.34,
135765,0.34,
135781,1.34,
135788,0.34,
135790,0.34,
135793,-0.66,
135807,1.34,
135814,-0.16,
135815,-0.16,
135826,-0.16,
135827,1.34,
135831,-0.66,
135840,0.34,
135851,0.34,
135864,-0.66,
135871,1.34,
135894,1.34,
135908,-0.66,
135912,1.34,
135927,-0.66,
135943,0.34,
135951,0.34,
135952,0.34,
135969,1.34,
135976,0.84,
135984,-1.16,
135993,0.34,
136001,0.84,
136005,1.34,
136012,0.34,
136041,0.34,
136046,0.34,
136047,0.34,
136087,0.34,
136094,0.34,
136095,0.34,
136116,0.34,
136121,1.34,
136124,0.34,
136130,-0.66,
136132,-0.66,
136134,-0.66,
136141,0.34,
136151,-1.66,
136160,0.34,
136165,0.34,
136183,0.84,
136186,-0.66,
136194,0.34,
136202,0.34,
136205,0.34,
136228,0.34,
136229,-0.66,
136234,-0.66,
136246,1.34,
136259,0.34,
136264,0.34,
136265,-0.66,
136266,0.34,
136268,0.34,
136274,0.34,
136301,-0.16,
136304,0.34,
136320,-0.66,
136328,0.34,
136340,1.34,
136357,-0.66,
136362,1.34,
136370,0.34,
136383,1.34,
136389,-0.66,
136393,-1.16,
136405,-0.66,
136412,-0.66,
136423,-0.66,
136426,0.34,
136431,0.34,
136438,0.34,
136466,0.34,
136498,0.84,
136516,-0.66,
136526,0.34,
136531,0.34,
136548,-2.16,
136563,0.34,
136578,-1.66,
136582,1.34,
136593,0.34,
136595,-0.66,
136599,0.34,
136600,-0.66,
136628,1.34,
136642,-0.16,
136647,1.34,
136662,1.34,
136670,-1.66,
136671,-0.66,
136679,-1.16,
136680,-1.66,
136683,-1.66,
136701,-0.66,
136708,1.34,
136709,-0.66,
136712,0.34,
136734,-0.66,
136746,-0.66,
136752,1.34,
136761,0.34,
136770,0.34,
136773,0.34,
136780,-2.66,
136794,0.34,
136796,0.34,
136806,0.34,
136807,0.84,
136819,-0.16,
136826,-0.66,
136844,1.34,
136849,-0.16,
136852,1.34,
136854,-0.66,
136855,-0.66,
136860,1.34,
136861,0.34,
136862,1.34,
136875,0.34,
136879,-0.16,
136886,-0.66,
136888,0.34,
136889,1.34,
136894,1.34,
136897,-0.16,
136921,1.34,
136922,-0.66,
136931,0.34,
136932,1.34,
136940,0.84,
136941,0.34,
136956,-0.66,
136958,1.34,
136960,-1.66,
136977,-0.66,
136980,-0.66,
136984,1.34,
136989,0.34,
137018,1.34,
137029,1.34,
137032,0.34,
137048,0.84,
137057,-0.66,
137064,0.34,
137072,-0.66,
137080,0.34,
137090,1.34,
137097,1.34,
137112,1.34,
137121,0.34,
137130,0.84,
137131,0.84,
137139,-0.66,
137143,0.34,
137162,0.34,
137182,0.34,
137186,0.34,
137191,-0.16,
137202,-0.16,
137207,0.34,
137226,0.34,
137232,-0.16,
137237,0.34,
137243,-0.66,
137249,-0.16,
137251,0.34,
137255,0.34,
137277,0.34,
137279,0.34,
137280,0.34,
137286,1.34,
137302,0.34,
137310,0.84,
137313,-3.16,
137348,1.34,
137354,-0.66,
137360,0.84,
137366,-0.66,
137369,1.34,
137375,-0.16,
137377,0.34,
137387,0.34,
137391,-0.66,
137393,0.34,
137404,0.34,
137410,0.34,
137429,-1.16,
137467,0.84,
137476,0.34,
137482,-0.66,
137486,0.34,
137495,-2.66,
137508,0.34,
137525,0.34,
137527,0.34,
137530,1.34,
137550,1.34,
137552,-0.16,
137563,1.34,
137571,-0.16,
137579,-1.66,
137581,-1.16,
137598,-0.16,
137603,-0.66,
137650,-0.16,
137682,0.34,
137686,0.34,
137699,-0.66,
137704,-0.66,
137708,-0.66,
137709,-0.16,
137713,-0.66,
137715,0.34,
137716,0.34,
137731,0.34,
137741,0.34,
137746,-1.66,
137759,0.84,
137774,1.34,
137782,-2.16,
137791,0.84,
137793,1.34,
137802,-0.66,
137807,0.84,
137809,-0.66,
137835,-0.66,
137839,0.34,
137849,0.34,
137850,0.34,
137852,-0.66,
137854,0.34,
137856,1.34,
137871,-0.66,
137881,0.34,
137883,1.34,
137885,0.34,
137890,1.34,
137894,0.34,
137905,-1.66,
137911,-0.66,
137925,0.34,
137928,-1.66,
137940,0.34,
137946,0.34,
137949,0.34,
137951,-0.16,
137954,-2.66,
137976,1.34,
137993,0.34,
137995,-1.66,
137997,1.34,
138019,0.34,
138040,0.34,
138042,-0.16,
138047,-0.66,
138065,0.34,
138092,-0.16,
138098,0.34,
138107,1.34,
138110,-0.16,
138114,0.34,
138115,0.34,
138134,1.34,
138146,0.34,
138150,-0.66,
138162,0.34,
138164,0.34,
138185,1.34,
138192,-0.66,
138208,-0.16,
138211,0.84,
138215,-2.66,
138235,0.84,
138256,0.34,
138267,0.34,
138279,1.34,
138281,0.34,
138301,-0.66,
138317,-1.66,
138325,0.84,
138342,0.34,
138353,-0.16,
138364,0.34,
138387,0.84,
138404,-1.16,
138415,-0.66,
138419,0.84,
138431,-0.66,
138432,-0.66,
138437,0.84,
138444,1.34,
138452,1.34,
138454,-0.66,
138477,-2.66,
138483,0.34,
138490,0.34,
138493,1.34,
