userId,235,118758
5,3.0,1.5
20,3.5,1.5
21,3.0,1.5
23,3.0,1.5
27,3.0,1.5
29,3.0,1.5
32,3.0,1.5
46,5.0,1.5
54,3.0,1.5
58,3.5,1.5
69,2.0,1.5
88,4.0,1.5
91,3.5,1.5
100,4.0,1.5
101,3.0,1.5
104,4.0,1.5
108,5.0,1.5
112,4.0,1.5
133,3.0,1.5
134,3.0,1.5
147,3.0,1.5
152,3.5,1.5
154,4.0,1.5
158,5.0,1.5
202,3.0,1.5
204,4.5,1.5
215,4.0,1.5
224,4.0,1.5
228,3.0,1.5
249,3.0,1.5
263,5.0,1.5
264,2.0,1.5
278,3.5,1.5
283,4.0,1.5
295,3.0,1.5
310,3.0,1.5
330,4.0,1.5
348,4.5,1.5
358,3.0,1.5
381,3.0,1.5
387,4.0,1.5
394,5.0,1.5
406,2.0,1.5
413,4.5,1.5
414,4.0,1.5
425,4.5,1.5
427,4.0,1.5
435,3.0,1.5
445,2.0,1.5
448,5.0,1.5
457,4.0,1.5
461,3.0,1.5
463,3.0,1.5
466,3.0,1.5
473,5.0,1.5
490,5.0,1.5
492,4.0,1.5
496,4.0,1.5
525,4.0,1.5
532,4.5,1.5
537,3.5,1.5
552,1.0,1.5
566,3.0,1.5
569,3.0,1.5
579,3.0,1.5
587,5.0,1.5
603,3.0,1.5
614,3.0,1.5
620,3.0,1.5
647,3.5,1.5
648,4.0,1.5
650,4.5,1.5
652,5.0,1.5
662,3.5,1.5
672,4.0,1.5
699,3.0,1.5
702,4.0,1.5
705,3.0,1.5
710,4.0,1.5
721,3.0,1.5
722,5.0,1.5
725,5.0,1.5
741,4.5,1.5
749,5.0,1.5
775,5.0,1.5
777,4.0,1.5
782,2.0,1.5
796,4.0,1.5
799,2.0,1.5
802,4.0,1.5
846,3.0,1.5
848,3.0,1.5
853,3.0,1.5
857,2.0,1.5
868,4.5,1.5
903,4.0,1.5
907,4.5,1.5
910,3.0,1.5
911,3.0,1.5
918,4.0,1.5
920,3.0,1.5
936,4.0,1.5
950,3.0,1.5
955,3.0,1.5
971,3.5,1.5
978,5.0,1.5
982,3.5,1.5
984,1.0,1.5
986,4.0,1.5
993,5.0,1.5
1007,3.0,1.5
1011,5.0,1.5
1012,4.0,1.5
1030,3.0,1.5
1041,3.0,1.5
1045,4.0,1.5
1052,3.0,1.5
1058,3.0,1.5
1072,3.0,1.5
1082,4.0,1.5
1087,3.0,1.5
1093,2.0,1.5
1095,1.0,1.5
1102,5.0,1.5
1105,4.0,1.5
1116,1.0,1.5
1126,3.0,1.5
1133,4.0,1.5
1144,3.0,1.5
1147,3.5,1.5
1154,4.0,1.5
1165,4.0,1.5
1174,3.0,1.5
1186,3.0,1.5
1191,4.0,1.5
1200,4.0,1.5
1208,4.0,1.5
1209,3.5,1.5
1212,4.0,1.5
1215,3.0,1.5
1222,4.0,1.5
1228,4.0,1.5
1258,4.0,1.5
1259,5.0,1.5
1264,3.0,1.5
1276,4.0,1.5
1280,3.0,1.5
1296,5.0,1.5
1301,3.0,1.5
1313,5.0,1.5
1326,4.0,1.5
1338,3.5,1.5
1350,2.0,1.5
1357,3.0,1.5
1359,4.0,1.5
1362,4.0,1.5
1376,5.0,1.5
1391,1.0,1.5
1392,4.0,1.5
1400,4.0,1.5
1403,1.0,1.5
1406,0.5,1.5
1411,4.0,1.5
1412,5.0,1.5
1422,4.0,1.5
1423,5.0,1.5
1436,3.0,1.5
1439,4.5,1.5
1450,3.0,1.5
1453,4.0,1.5
1470,4.0,1.5
1500,4.0,1.5
1507,3.0,1.5
1513,4.0,1.5
1514,4.0,1.5
1515,4.5,1.5
1523,3.0,1.5
1525,3.5,1.5
1530,2.0,1.5
1555,3.0,1.5
1567,5.0,1.5
1568,3.5,1.5
1592,5.0,1.5
1595,3.0,1.5
1616,2.5,1.5
1617,3.0,1.5
1627,4.0,1.5
1628,2.0,1.5
1635,3.0,1.5
1638,4.0,1.5
1640,2.5,1.5
1643,1.0,1.5
1644,4.5,1.5
1645,4.0,1.5
1667,4.0,1.5
1672,3.0,1.5
1676,4.0,1.5
1698,3.0,1.5
1702,3.0,1.5
1709,4.0,1.5
1715,5.0,1.5
1718,4.0,1.5
1729,4.0,1.5
1753,3.0,1.5
1763,4.0,1.5
1764,2.0,1.5
1769,3.5,1.5
1771,3.0,1.5
1772,3.0,1.5
1792,3.0,1.5
1807,3.0,1.5
1808,3.0,1.5
1813,4.0,1.5
1815,3.0,1.5
1825,4.0,1.5
1845,3.0,1.5
1849,3.5,1.5
1851,4.0,1.5
1855,3.0,1.5
1864,3.0,1.5
1869,5.0,1.5
1876,2.0,1.5
1889,4.0,1.5
1902,3.5,1.5
1908,4.0,1.5
1928,5.0,1.5
1931,3.0,1.5
1937,4.0,1.5
1942,4.0,1.5
1951,3.5,1.5
1963,3.5,1.5
1970,4.0,1.5
1972,4.0,1.5
1983,5.0,1.5
1985,3.0,1.5
2001,3.5,1.5
2006,3.0,1.5
2008,2.0,1.5
2013,4.5,1.5
2034,4.5,1.5
2051,2.5,1.5
2066,3.0,1.5
2071,3.5,1.5
2080,3.0,1.5
2083,4.0,1.5
2084,1.0,1.5
2088,3.0,1.5
2094,5.0,1.5
2099,4.0,1.5
2116,5.0,1.5
2126,4.0,1.5
2127,4.0,1.5
2130,3.0,1.5
2139,3.5,1.5
2171,4.0,1.5
2191,3.0,1.5
2198,4.0,1.5
2209,3.0,1.5
2229,3.0,1.5
2232,3.5,1.5
2233,5.0,1.5
2234,4.5,1.5
2241,4.0,1.5
2256,2.0,1.5
2257,3.0,1.5
2261,3.0,1.5
2269,5.0,1.5
2270,2.0,1.5
2271,3.0,1.5
2278,4.0,1.5
2279,3.5,1.5
2296,3.0,1.5
2311,3.0,1.5
2313,5.0,1.5
2323,3.0,1.5
2324,1.0,1.5
2330,4.5,1.5
2344,5.0,1.5
2349,5.0,1.5
2352,2.0,1.5
2362,0.5,1.5
2378,4.0,1.5
2397,3.0,1.5
2412,4.0,1.5
2424,5.0,1.5
2430,4.0,1.5
2436,4.0,1.5
2462,2.0,1.5
2467,4.0,1.5
2468,3.0,1.5
2476,4.0,1.5
2514,5.0,1.5
2527,2.0,1.5
2540,4.0,1.5
2543,4.0,1.5
2554,5.0,1.5
2558,2.5,1.5
2562,3.0,1.5
2568,1.0,1.5
2576,2.0,1.5
2577,3.0,1.5
2580,4.0,1.5
2590,5.0,1.5
2595,4.0,1.5
2602,3.0,1.5
2614,3.0,1.5
2616,3.0,1.5
2631,3.0,1.5
2633,5.0,1.5
2638,5.0,1.5
2640,4.0,1.5
2643,2.0,1.5
2647,3.0,1.5
2649,2.0,1.5
2653,4.0,1.5
2661,4.5,1.5
2669,4.0,1.5
2671,4.0,1.5
2675,3.0,1.5
2678,4.0,1.5
2691,4.5,1.5
2707,1.0,1.5
2711,4.0,1.5
2720,3.0,1.5
2732,3.0,1.5
2734,3.0,1.5
2740,4.0,1.5
2743,1.0,1.5
2757,4.0,1.5
2762,4.0,1.5
2772,3.0,1.5
2773,4.0,1.5
2777,4.0,1.5
2780,4.0,1.5
2784,4.0,1.5
2793,4.0,1.5
2816,4.5,1.5
2841,3.0,1.5
2842,4.0,1.5
2848,5.0,1.5
2883,4.0,1.5
2885,4.0,1.5
2900,5.0,1.5
2902,5.0,1.5
2903,4.0,1.5
2910,5.0,1.5
2914,3.5,1.5
2915,3.0,1.5
2919,4.0,1.5
2926,4.0,1.5
2937,5.0,1.5
2942,4.0,1.5
2945,3.5,1.5
2958,3.0,1.5
2974,5.0,1.5
2979,3.0,1.5
2982,4.0,1.5
2988,3.5,1.5
3011,4.0,1.5
3013,3.0,1.5
3018,4.0,1.5
3020,3.0,1.5
3028,4.5,1.5
3031,3.0,1.5
3033,4.0,1.5
3051,4.0,1.5
3053,4.0,1.5
3068,5.0,1.5
3072,4.0,1.5
3074,4.0,1.5
3080,4.0,1.5
3086,2.0,1.5
3090,3.0,1.5
3094,3.5,1.5
3097,5.0,1.5
3101,4.0,1.5
3109,3.0,1.5
3138,4.0,1.5
3148,4.0,1.5
3184,4.5,1.5
3192,5.0,1.5
3197,3.0,1.5
3199,4.0,1.5
3202,5.0,1.5
3207,2.0,1.5
3208,5.0,1.5
3236,1.0,1.5
3239,5.0,1.5
3249,3.0,1.5
3254,0.5,1.5
3257,5.0,1.5
3264,3.0,1.5
3268,4.5,1.5
3269,5.0,1.5
3273,4.0,1.5
3274,4.0,1.5
3275,5.0,1.5
3284,4.5,1.5
3295,4.5,1.5
3311,3.0,1.5
3316,3.0,1.5
3318,5.0,1.5
3327,4.5,1.5
3338,2.0,1.5
3340,5.0,1.5
3352,4.0,1.5
3360,4.0,1.5
3369,4.0,1.5
3371,3.0,1.5
3393,3.5,1.5
3398,4.0,1.5
3399,3.0,1.5
3406,3.0,1.5
3417,4.5,1.5
3427,3.0,1.5
3433,5.0,1.5
3435,4.0,1.5
3439,3.0,1.5
3450,4.0,1.5
3473,3.5,1.5
3490,3.5,1.5
3499,3.0,1.5
3502,5.0,1.5
3504,5.0,1.5
3515,5.0,1.5
3534,5.0,1.5
3538,4.0,1.5
3543,3.5,1.5
3545,3.0,1.5
3565,4.0,1.5
3569,4.0,1.5
3572,4.0,1.5
3576,3.5,1.5
3585,3.0,1.5
3589,3.0,1.5
3604,5.0,1.5
3609,3.0,1.5
3621,2.0,1.5
3622,1.0,1.5
3625,4.0,1.5
3628,5.0,1.5
3629,4.0,1.5
3639,4.5,1.5
3641,3.5,1.5
3648,4.0,1.5
3651,3.0,1.5
3654,4.0,1.5
3660,2.5,1.5
3664,4.0,1.5
3670,3.0,1.5
3673,3.0,1.5
3676,3.5,1.5
3681,4.0,1.5
3688,3.5,1.5
3697,3.5,1.5
3700,5.0,1.5
3704,5.0,1.5
3726,3.0,1.5
3728,3.0,1.5
3729,1.0,1.5
3743,2.0,1.5
3768,5.0,1.5
3793,4.0,1.5
3797,2.0,1.5
3803,3.0,1.5
3816,5.0,1.5
3827,4.0,1.5
3851,3.0,1.5
3858,2.5,1.5
3862,3.0,1.5
3870,4.0,1.5
3874,3.0,1.5
3890,5.0,1.5
3894,4.5,1.5
3899,2.0,1.5
3907,3.5,1.5
3928,4.0,1.5
3930,4.0,1.5
3934,3.0,1.5
3955,4.0,1.5
3965,3.5,1.5
3984,3.0,1.5
3990,2.0,1.5
3998,5.0,1.5
3999,4.5,1.5
4008,4.0,1.5
4020,1.0,1.5
4084,5.0,1.5
4087,3.0,1.5
4101,3.0,1.5
4105,4.0,1.5
4110,4.0,1.5
4116,5.0,1.5
4125,2.0,1.5
4129,3.5,1.5
4133,2.0,1.5
4135,4.0,1.5
4137,4.0,1.5
4138,4.0,1.5
4140,1.0,1.5
4150,5.0,1.5
4155,5.0,1.5
4158,4.0,1.5
4178,1.0,1.5
4191,4.0,1.5
4193,5.0,1.5
4197,4.0,1.5
4215,5.0,1.5
4222,4.5,1.5
4229,2.0,1.5
4237,5.0,1.5
4254,4.0,1.5
4275,3.0,1.5
4276,4.0,1.5
4285,4.0,1.5
4287,4.0,1.5
4290,2.0,1.5
4295,4.0,1.5
4302,3.5,1.5
4324,4.0,1.5
4331,4.0,1.5
4347,3.0,1.5
4358,4.0,1.5
4366,5.0,1.5
4367,2.0,1.5
4369,4.0,1.5
4370,2.0,1.5
4392,4.0,1.5
4402,5.0,1.5
4417,3.5,1.5
4420,2.0,1.5
4421,4.0,1.5
4423,4.0,1.5
4436,3.0,1.5
4454,4.5,1.5
4459,1.0,1.5
4466,5.0,1.5
4469,4.0,1.5
4497,3.0,1.5
4507,4.0,1.5
4526,3.0,1.5
4529,4.5,1.5
4531,4.0,1.5
4548,4.0,1.5
4551,4.0,1.5
4556,4.0,1.5
4560,3.0,1.5
4562,4.0,1.5
4563,4.0,1.5
4569,3.0,1.5
4581,5.0,1.5
4590,4.0,1.5
4594,5.0,1.5
4598,3.5,1.5
4601,2.0,1.5
4603,3.0,1.5
4615,3.5,1.5
4618,5.0,1.5
4619,4.0,1.5
4624,3.0,1.5
4629,3.5,1.5
4635,3.0,1.5
4636,5.0,1.5
4642,3.0,1.5
4644,3.0,1.5
4649,3.0,1.5
4661,4.0,1.5
4664,3.0,1.5
4671,3.0,1.5
4677,4.0,1.5
4686,4.5,1.5
4695,3.0,1.5
4696,4.0,1.5
4699,2.0,1.5
4701,3.0,1.5
4702,3.0,1.5
4721,5.0,1.5
4722,3.0,1.5
4728,4.0,1.5
4736,3.0,1.5
4758,3.0,1.5
4759,5.0,1.5
4763,5.0,1.5
4765,4.0,1.5
4776,4.0,1.5
4784,4.5,1.5
4797,4.0,1.5
4810,3.0,1.5
4828,4.0,1.5
4832,3.0,1.5
4864,4.0,1.5
4865,3.0,1.5
4870,5.0,1.5
4883,4.0,1.5
4884,4.0,1.5
4888,4.0,1.5
4892,3.0,1.5
4902,2.0,1.5
4907,3.0,1.5
4914,4.0,1.5
4916,4.0,1.5
4918,4.0,1.5
4934,5.0,1.5
4941,5.0,1.5
4948,3.0,1.5
4955,3.0,1.5
4962,4.0,1.5
4967,3.0,1.5
4974,3.5,1.5
4975,4.0,1.5
4986,3.0,1.5
4992,4.0,1.5
5000,5.0,1.5
5007,4.0,1.5
5008,4.0,1.5
5014,4.0,1.5
5017,4.0,1.5
5021,2.0,1.5
5030,4.0,1.5
5034,4.0,1.5
5046,4.0,1.5
5048,3.0,1.5
5063,1.5,1.5
5065,2.0,1.5
5082,2.0,1.5
5084,2.0,1.5
5092,4.0,1.5
5094,3.0,1.5
5102,3.5,1.5
5107,4.0,1.5
5110,3.0,1.5
5138,4.0,1.5
5156,4.0,1.5
5186,3.0,1.5
5195,4.0,1.5
5209,3.0,1.5
5210,4.0,1.5
5223,4.0,1.5
5264,3.5,1.5
5265,3.0,1.5
5269,4.0,1.5
5276,2.0,1.5
5293,3.0,1.5
5296,4.0,1.5
5334,4.0,1.5
5337,3.5,1.5
5350,1.5,1.5
5352,3.0,1.5
5365,4.0,1.5
5366,5.0,1.5
5382,4.0,1.5
5384,3.0,1.5
5393,3.5,1.5
5398,4.0,1.5
5399,3.0,1.5
5406,4.0,1.5
5410,4.5,1.5
5412,2.0,1.5
5414,3.0,1.5
5418,4.0,1.5
5425,3.0,1.5
5441,4.0,1.5
5465,3.5,1.5
5475,3.0,1.5
5483,2.0,1.5
5495,3.5,1.5
5510,4.0,1.5
5513,4.0,1.5
5518,4.0,1.5
5524,4.0,1.5
5543,5.0,1.5
5544,5.0,1.5
5556,4.0,1.5
5558,3.0,1.5
5561,4.0,1.5
5576,4.0,1.5
5592,3.0,1.5
5596,5.0,1.5
5604,4.0,1.5
5613,4.0,1.5
5615,4.0,1.5
5621,5.0,1.5
5623,2.0,1.5
5630,3.0,1.5
5636,5.0,1.5
5638,5.0,1.5
5640,2.0,1.5
5642,3.5,1.5
5658,4.0,1.5
5662,5.0,1.5
5664,4.5,1.5
5691,2.5,1.5
5698,3.0,1.5
5699,3.0,1.5
5723,4.0,1.5
5726,4.0,1.5
5729,5.0,1.5
5730,5.0,1.5
5737,4.0,1.5
5745,3.0,1.5
5771,3.0,1.5
5789,4.0,1.5
5798,2.0,1.5
5814,4.0,1.5
5825,4.5,1.5
5826,3.0,1.5
5827,5.0,1.5
5838,5.0,1.5
5843,4.0,1.5
5851,5.0,1.5
5875,4.0,1.5
5877,4.0,1.5
5878,4.5,1.5
5881,3.0,1.5
5896,4.0,1.5
5906,5.0,1.5
5921,3.0,1.5
5922,4.0,1.5
5927,3.0,1.5
5950,3.0,1.5
5958,1.0,1.5
5967,3.0,1.5
5970,3.5,1.5
5972,4.0,1.5
5984,5.0,1.5
5993,5.0,1.5
6000,1.0,1.5
6008,3.0,1.5
6012,3.0,1.5
6015,3.0,1.5
6017,4.0,1.5
6020,3.0,1.5
6026,5.0,1.5
6027,4.0,1.5
6031,5.0,1.5
6038,4.0,1.5
6040,3.0,1.5
6047,2.0,1.5
6050,3.0,1.5
6060,5.0,1.5
6083,1.0,1.5
6099,4.5,1.5
6114,4.0,1.5
6116,4.0,1.5
6129,3.0,1.5
6137,2.5,1.5
6142,4.0,1.5
6145,5.0,1.5
6165,3.0,1.5
6166,4.0,1.5
6167,4.0,1.5
6168,4.0,1.5
6169,3.0,1.5
6175,3.0,1.5
6177,4.0,1.5
6190,3.5,1.5
6198,4.0,1.5
6200,3.0,1.5
6201,3.0,1.5
6206,2.5,1.5
6228,4.0,1.5
6232,4.0,1.5
6241,3.0,1.5
6247,4.0,1.5
6260,4.0,1.5
6289,5.0,1.5
6314,4.0,1.5
6319,3.0,1.5
6337,4.0,1.5
6348,2.0,1.5
6349,4.0,1.5
6351,3.0,1.5
6356,3.0,1.5
6366,2.0,1.5
6369,2.5,1.5
6371,0.5,1.5
6373,2.0,1.5
6389,3.0,1.5
6409,3.0,1.5
6418,3.0,1.5
6424,5.0,1.5
6448,2.0,1.5
6467,2.0,1.5
6468,4.0,1.5
6475,4.0,1.5
6480,4.0,1.5
6486,4.0,1.5
6497,3.0,1.5
6501,4.0,1.5
6506,5.0,1.5
6514,3.5,1.5
6559,3.0,1.5
6561,3.5,1.5
6569,4.0,1.5
6574,4.0,1.5
6575,4.5,1.5
6586,5.0,1.5
6593,4.0,1.5
6602,4.0,1.5
6607,4.0,1.5
6611,5.0,1.5
6621,3.0,1.5
6625,4.0,1.5
6628,3.0,1.5
6630,4.0,1.5
6636,5.0,1.5
6638,4.0,1.5
6639,5.0,1.5
6670,5.0,1.5
6676,4.0,1.5
6719,4.5,1.5
6720,3.5,1.5
6722,5.0,1.5
6734,5.0,1.5
6739,3.0,1.5
6740,2.0,1.5
6764,5.0,1.5
6766,4.0,1.5
6775,4.0,1.5
6792,4.0,1.5
6800,5.0,1.5
6803,3.0,1.5
6804,3.0,1.5
6814,4.0,1.5
6815,5.0,1.5
6816,4.0,1.5
6825,4.0,1.5
6836,2.0,1.5
6843,3.5,1.5
6847,4.0,1.5
6854,4.0,1.5
6873,5.0,1.5
6880,4.0,1.5
6890,3.0,1.5
6912,5.0,1.5
6917,4.0,1.5
6921,4.5,1.5
6940,4.0,1.5
6959,4.0,1.5
6964,4.0,1.5
6978,3.0,1.5
6988,3.5,1.5
7025,5.0,1.5
7043,5.0,1.5
7044,3.0,1.5
7048,4.0,1.5
7051,4.5,1.5
7055,4.0,1.5
7056,4.0,1.5
7061,4.0,1.5
7067,3.0,1.5
7077,4.0,1.5
7084,4.0,1.5
7102,1.0,1.5
7107,5.0,1.5
7115,3.0,1.5
7122,2.0,1.5
7131,4.0,1.5
7133,4.0,1.5
7161,5.0,1.5
7186,3.5,1.5
7187,3.0,1.5
7194,4.5,1.5
7201,4.5,1.5
7229,4.0,1.5
7243,3.5,1.5
7256,5.0,1.5
7261,4.0,1.5
7266,2.0,1.5
7286,4.0,1.5
7300,3.0,1.5
7301,3.0,1.5
7307,3.0,1.5
7321,5.0,1.5
7334,4.0,1.5
7335,5.0,1.5
7355,1.0,1.5
7362,3.0,1.5
7370,3.5,1.5
7377,4.0,1.5
7383,5.0,1.5
7403,4.0,1.5
7419,4.0,1.5
7439,5.0,1.5
7444,5.0,1.5
7459,5.0,1.5
7469,5.0,1.5
7482,1.0,1.5
7487,4.0,1.5
7488,4.0,1.5
7509,3.0,1.5
7531,4.0,1.5
7542,3.0,1.5
7546,5.0,1.5
7552,3.0,1.5
7557,4.5,1.5
7577,4.0,1.5
7581,3.0,1.5
7588,4.0,1.5
7590,5.0,1.5
7595,5.0,1.5
7608,3.0,1.5
7609,3.0,1.5
7614,2.0,1.5
7618,2.0,1.5
7623,5.0,1.5
7629,4.0,1.5
7635,4.0,1.5
7648,2.5,1.5
7651,3.0,1.5
7653,3.0,1.5
7664,2.0,1.5
7668,5.0,1.5
7670,3.0,1.5
7691,3.0,1.5
7693,4.5,1.5
7697,4.0,1.5
7699,4.5,1.5
7713,3.0,1.5
7717,5.0,1.5
7723,3.0,1.5
7724,3.0,1.5
7727,4.0,1.5
7735,2.0,1.5
7739,4.0,1.5
7766,4.0,1.5
7775,4.0,1.5
7778,4.0,1.5
7784,4.5,1.5
7786,4.5,1.5
7795,5.0,1.5
7807,1.0,1.5
7815,3.0,1.5
7823,3.0,1.5
7824,5.0,1.5
7836,4.0,1.5
7858,3.0,1.5
7877,1.0,1.5
7880,3.0,1.5
7899,3.5,1.5
7908,4.0,1.5
7916,4.0,1.5
7920,3.0,1.5
7945,2.0,1.5
7955,5.0,1.5
7956,3.0,1.5
7985,5.0,1.5
7987,5.0,1.5
7991,3.0,1.5
7996,5.0,1.5
7997,3.5,1.5
7998,5.0,1.5
8004,2.5,1.5
8016,5.0,1.5
8060,2.0,1.5
8066,3.0,1.5
8072,5.0,1.5
8076,1.0,1.5
8081,3.0,1.5
8082,5.0,1.5
8095,5.0,1.5
8099,5.0,1.5
8104,5.0,1.5
8118,3.5,1.5
8119,3.0,1.5
8138,3.0,1.5
8152,3.5,1.5
8162,3.0,1.5
8167,5.0,1.5
8169,3.0,1.5
8172,5.0,1.5
8182,5.0,1.5
8184,5.0,1.5
8187,3.0,1.5
8189,3.0,1.5
8198,3.0,1.5
8204,2.0,1.5
8207,3.0,1.5
8218,4.0,1.5
8230,3.0,1.5
8231,3.0,1.5
8233,1.0,1.5
8239,3.0,1.5
8249,3.0,1.5
8263,3.0,1.5
8272,3.0,1.5
8278,2.0,1.5
8281,4.0,1.5
8293,2.0,1.5
8300,3.0,1.5
8312,3.0,1.5
8322,4.0,1.5
8324,3.0,1.5
8325,2.0,1.5
8343,3.0,1.5
8352,5.0,1.5
8360,4.0,1.5
8362,5.0,1.5
8382,4.0,1.5
8394,4.0,1.5
8405,5.0,1.5
8406,4.0,1.5
8418,3.0,1.5
8423,3.0,1.5
8432,4.0,1.5
8454,5.0,1.5
8459,4.0,1.5
8470,3.0,1.5
8479,4.0,1.5
8482,5.0,1.5
8492,4.0,1.5
8495,4.0,1.5
8498,4.0,1.5
8503,4.0,1.5
8505,4.0,1.5
8530,3.0,1.5
8538,4.5,1.5
8562,2.0,1.5
8568,4.5,1.5
8575,4.5,1.5
8589,4.0,1.5
8596,4.0,1.5
8598,4.0,1.5
8600,1.0,1.5
8607,3.5,1.5
8613,5.0,1.5
8620,3.0,1.5
8623,4.0,1.5
8639,5.0,1.5
8644,5.0,1.5
8647,4.0,1.5
8651,0.5,1.5
8652,5.0,1.5
8654,2.0,1.5
8669,4.0,1.5
8713,5.0,1.5
8720,4.0,1.5
8741,3.0,1.5
8772,3.0,1.5
8784,5.0,1.5
8786,4.0,1.5
8787,3.0,1.5
8797,4.0,1.5
8802,3.0,1.5
8805,4.0,1.5
8807,3.0,1.5
8809,3.0,1.5
8825,5.0,1.5
8864,4.0,1.5
8868,2.0,1.5
8872,3.0,1.5
8876,3.0,1.5
8882,3.0,1.5
8883,1.0,1.5
8891,5.0,1.5
8895,4.5,1.5
8896,4.0,1.5
8900,3.0,1.5
8903,5.0,1.5
8909,4.0,1.5
8916,3.0,1.5
8923,3.0,1.5
8932,5.0,1.5
8935,4.0,1.5
8943,2.0,1.5
8962,4.0,1.5
8963,3.0,1.5
8966,4.0,1.5
8967,4.0,1.5
8973,4.0,1.5
8977,4.0,1.5
8991,3.0,1.5
8996,4.0,1.5
9002,1.0,1.5
9026,3.0,1.5
9032,3.5,1.5
9034,4.0,1.5
9035,4.0,1.5
9037,3.0,1.5
9039,4.0,1.5
9041,5.0,1.5
9050,2.0,1.5
9086,4.0,1.5
9087,3.0,1.5
9096,5.0,1.5
9101,3.5,1.5
9121,4.0,1.5
9129,4.5,1.5
9133,3.0,1.5
9140,2.0,1.5
9145,4.5,1.5
9154,3.0,1.5
9157,3.0,1.5
9160,2.5,1.5
9173,4.0,1.5
9174,5.0,1.5
9175,3.0,1.5
9195,3.0,1.5
9205,2.0,1.5
9230,3.5,1.5
9231,5.0,1.5
9235,4.0,1.5
9244,5.0,1.5
9245,4.0,1.5
9246,4.5,1.5
9267,3.0,1.5
9278,4.0,1.5
9284,4.0,1.5
9285,4.0,1.5
9291,5.0,1.5
9300,3.5,1.5
9314,4.0,1.5
9321,3.0,1.5
9322,4.5,1.5
9325,5.0,1.5
9347,2.0,1.5
9359,4.0,1.5
9362,4.0,1.5
9363,4.0,1.5
9367,4.0,1.5
9369,5.0,1.5
9381,4.0,1.5
9383,3.0,1.5
9389,2.5,1.5
9391,4.5,1.5
9394,4.5,1.5
9396,4.0,1.5
9412,3.0,1.5
9422,2.0,1.5
9428,0.5,1.5
9443,4.5,1.5
9452,3.0,1.5
9463,2.5,1.5
9465,4.0,1.5
9478,3.0,1.5
9485,4.0,1.5
9490,5.0,1.5
9495,4.5,1.5
9503,4.0,1.5
9511,4.0,1.5
9512,3.0,1.5
9519,3.5,1.5
9523,5.0,1.5
9545,4.0,1.5
9551,4.0,1.5
9562,4.5,1.5
9574,4.0,1.5
9577,3.5,1.5
9579,3.0,1.5
9605,5.0,1.5
9609,3.0,1.5
9619,3.0,1.5
9646,3.0,1.5
9649,3.0,1.5
9651,4.0,1.5
9653,3.0,1.5
9663,3.0,1.5
9670,1.0,1.5
9681,4.0,1.5
9689,5.0,1.5
9693,5.0,1.5
9712,4.0,1.5
9732,3.0,1.5
9734,3.0,1.5
9744,3.5,1.5
9759,3.0,1.5
9762,4.0,1.5
9768,3.0,1.5
9770,4.5,1.5
9783,5.0,1.5
9790,5.0,1.5
9797,3.5,1.5
9799,4.0,1.5
9801,4.0,1.5
9815,4.0,1.5
9841,4.0,1.5
9843,3.0,1.5
9880,2.0,1.5
9888,2.0,1.5
9917,2.0,1.5
9929,2.5,1.5
9934,4.0,1.5
9952,4.0,1.5
9957,3.5,1.5
9959,3.0,1.5
9964,5.0,1.5
9988,5.0,1.5
9995,3.0,1.5
10005,5.0,1.5
10024,5.0,1.5
10026,4.0,1.5
10027,4.0,1.5
10055,4.5,1.5
10059,3.5,1.5
10062,5.0,1.5
10078,5.0,1.5
10092,3.0,1.5
10105,4.5,1.5
10106,3.0,1.5
10129,4.0,1.5
10158,4.0,1.5
10172,3.0,1.5
10175,4.0,1.5
10177,4.0,1.5
10178,4.0,1.5
10179,2.0,1.5
10190,3.0,1.5
10198,4.0,1.5
10205,4.0,1.5
10213,3.0,1.5
10224,5.0,1.5
10228,3.0,1.5
10248,4.5,1.5
10257,3.0,1.5
10261,4.0,1.5
10263,4.0,1.5
10271,4.0,1.5
10276,3.0,1.5
10280,4.0,1.5
10284,5.0,1.5
10291,5.0,1.5
10293,2.0,1.5
10295,5.0,1.5
10296,5.0,1.5
10298,3.5,1.5
10301,4.0,1.5
10303,5.0,1.5
10317,3.0,1.5
10321,2.0,1.5
10337,5.0,1.5
10339,2.5,1.5
10347,5.0,1.5
10357,3.0,1.5
10365,3.0,1.5
10368,4.0,1.5
10374,5.0,1.5
10383,3.0,1.5
10389,5.0,1.5
10398,3.0,1.5
10399,2.0,1.5
10418,3.0,1.5
10419,1.0,1.5
10430,3.0,1.5
10431,3.0,1.5
10434,4.0,1.5
10437,3.5,1.5
10446,5.0,1.5
10456,4.5,1.5
10458,3.0,1.5
10461,3.0,1.5
10487,4.0,1.5
10497,4.0,1.5
10502,3.5,1.5
10514,4.0,1.5
10522,5.0,1.5
10523,4.0,1.5
10534,4.0,1.5
10540,5.0,1.5
10549,5.0,1.5
10553,4.0,1.5
10557,1.0,1.5
10560,4.0,1.5
10581,3.0,1.5
10585,3.0,1.5
10588,4.0,1.5
10601,3.0,1.5
10606,4.5,1.5
10616,3.0,1.5
10622,3.0,1.5
10627,4.5,1.5
10629,2.0,1.5
10641,2.0,1.5
10651,4.0,1.5
10673,5.0,1.5
10678,4.5,1.5
10682,4.0,1.5
10686,4.0,1.5
10694,2.0,1.5
10711,4.0,1.5
10721,3.0,1.5
10732,3.0,1.5
10733,5.0,1.5
10760,2.0,1.5
10761,5.0,1.5
10772,4.0,1.5
10774,4.0,1.5
10803,3.0,1.5
10808,4.0,1.5
10817,2.5,1.5
10818,4.0,1.5
10831,4.0,1.5
10844,3.0,1.5
10850,3.0,1.5
10855,4.0,1.5
10857,4.0,1.5
10882,3.0,1.5
10898,4.0,1.5
10906,2.0,1.5
10916,3.0,1.5
10922,4.0,1.5
10934,2.5,1.5
10937,3.5,1.5
10940,1.0,1.5
10943,5.0,1.5
10953,5.0,1.5
10958,3.0,1.5
10969,5.0,1.5
10977,4.0,1.5
10978,3.0,1.5
10990,4.0,1.5
11005,4.5,1.5
11019,3.0,1.5
11035,4.0,1.5
11036,3.0,1.5
11038,3.5,1.5
11068,3.0,1.5
11073,4.0,1.5
11074,2.5,1.5
11081,3.0,1.5
11097,3.5,1.5
11118,4.0,1.5
11121,3.0,1.5
11153,4.0,1.5
11154,4.0,1.5
11155,1.0,1.5
11166,4.0,1.5
11184,3.0,1.5
11187,2.5,1.5
11189,3.5,1.5
11197,4.0,1.5
11203,4.0,1.5
11217,5.0,1.5
11220,3.0,1.5
11227,5.0,1.5
11230,4.5,1.5
11246,3.0,1.5
11248,2.0,1.5
11254,3.0,1.5
11257,4.5,1.5
11259,4.0,1.5
11265,3.5,1.5
11274,4.0,1.5
11278,3.5,1.5
11292,4.0,1.5
11293,2.5,1.5
11304,3.0,1.5
11311,4.0,1.5
11318,4.0,1.5
11329,5.0,1.5
11330,3.5,1.5
11357,3.5,1.5
11367,4.0,1.5
11378,4.0,1.5
11381,4.0,1.5
11393,2.0,1.5
11401,3.5,1.5
11402,5.0,1.5
11417,3.0,1.5
11424,3.5,1.5
11425,4.0,1.5
11426,3.0,1.5
11434,3.0,1.5
11436,3.0,1.5
11443,3.5,1.5
11461,4.0,1.5
11474,2.0,1.5
11493,4.5,1.5
11501,4.0,1.5
11515,4.0,1.5
11517,4.5,1.5
11524,4.0,1.5
11525,4.0,1.5
11548,3.0,1.5
11549,4.0,1.5
11557,3.0,1.5
11560,4.0,1.5
11579,2.0,1.5
11591,3.0,1.5
11615,3.5,1.5
11618,4.0,1.5
11622,3.0,1.5
11624,4.0,1.5
11635,3.0,1.5
11636,5.0,1.5
11639,4.0,1.5
11641,3.0,1.5
11653,3.0,1.5
11672,4.0,1.5
11675,2.0,1.5
11682,5.0,1.5
11684,3.0,1.5
11692,3.0,1.5
11702,4.5,1.5
11706,3.5,1.5
11711,2.0,1.5
11713,5.0,1.5
11717,3.0,1.5
11719,4.5,1.5
11728,1.0,1.5
11734,4.5,1.5
11741,4.0,1.5
11747,4.0,1.5
11761,4.0,1.5
11766,4.0,1.5
11767,3.0,1.5
11794,5.0,1.5
11800,5.0,1.5
11808,4.0,1.5
11813,3.5,1.5
11814,3.0,1.5
11817,4.0,1.5
11821,5.0,1.5
11825,4.0,1.5
11831,5.0,1.5
11843,3.0,1.5
11861,3.0,1.5
11865,4.0,1.5
11869,5.0,1.5
11886,1.0,1.5
11888,3.0,1.5
11889,4.0,1.5
11900,3.5,1.5
11902,2.0,1.5
11910,4.0,1.5
11914,4.0,1.5
11924,4.5,1.5
11943,5.0,1.5
11950,4.0,1.5
11953,4.0,1.5
11984,4.0,1.5
12002,3.0,1.5
12008,3.0,1.5
12015,5.0,1.5
12026,3.5,1.5
12036,3.0,1.5
12037,4.0,1.5
12046,3.0,1.5
12055,3.0,1.5
12057,4.0,1.5
12063,5.0,1.5
12066,4.0,1.5
12069,4.0,1.5
12085,4.0,1.5
12091,4.0,1.5
12092,4.0,1.5
12098,4.0,1.5
12100,3.0,1.5
12110,4.0,1.5
12118,4.0,1.5
12122,2.0,1.5
12126,4.0,1.5
12128,4.0,1.5
12130,4.0,1.5
12131,2.0,1.5
12134,3.5,1.5
12147,3.0,1.5
12149,3.5,1.5
12152,2.0,1.5
12158,2.0,1.5
12161,3.0,1.5
12165,2.0,1.5
12169,4.0,1.5
12170,3.0,1.5
12175,3.0,1.5
12192,5.0,1.5
12200,4.0,1.5
12202,4.0,1.5
12207,3.5,1.5
12217,1.0,1.5
12239,3.5,1.5
12246,3.0,1.5
12247,4.0,1.5
12258,4.0,1.5
12271,4.5,1.5
12275,3.0,1.5
12277,4.0,1.5
12285,2.0,1.5
12288,4.0,1.5
12291,4.0,1.5
12315,5.0,1.5
12322,3.0,1.5
12340,3.0,1.5
12344,1.0,1.5
12350,4.0,1.5
12387,3.0,1.5
12389,4.0,1.5
12390,5.0,1.5
12393,4.0,1.5
12402,4.5,1.5
12406,1.0,1.5
12415,3.0,1.5
12417,4.0,1.5
12419,3.0,1.5
12428,5.0,1.5
12435,1.0,1.5
12436,4.0,1.5
12437,4.0,1.5
12452,4.0,1.5
12468,4.0,1.5
12473,5.0,1.5
12480,4.0,1.5
12485,2.0,1.5
12518,3.0,1.5
12531,3.5,1.5
12535,4.0,1.5
12548,4.0,1.5
12553,4.0,1.5
12569,4.0,1.5
12571,4.0,1.5
12576,3.0,1.5
12590,4.0,1.5
12606,4.0,1.5
12611,5.0,1.5
12615,5.0,1.5
12619,5.0,1.5
12649,4.5,1.5
12653,4.0,1.5
12662,3.0,1.5
12665,4.0,1.5
12668,4.0,1.5
12670,4.5,1.5
12677,2.0,1.5
12679,5.0,1.5
12702,5.0,1.5
12707,3.0,1.5
12717,3.0,1.5
12722,4.0,1.5
12725,4.0,1.5
12726,4.0,1.5
12736,1.0,1.5
12740,5.0,1.5
12753,4.0,1.5
12754,3.0,1.5
12767,4.0,1.5
12768,4.5,1.5
12774,5.0,1.5
12778,4.0,1.5
12783,4.0,1.5
12793,3.5,1.5
12801,5.0,1.5
12802,4.0,1.5
12811,1.0,1.5
12848,5.0,1.5
12850,5.0,1.5
12859,4.0,1.5
12860,3.5,1.5
12866,3.0,1.5
12881,3.0,1.5
12892,5.0,1.5
12893,3.0,1.5
12901,4.5,1.5
12907,5.0,1.5
12918,5.0,1.5
12935,5.0,1.5
12965,3.0,1.5
12973,4.0,1.5
12975,3.0,1.5
12992,3.5,1.5
12994,2.5,1.5
13005,4.0,1.5
13019,3.0,1.5
13026,3.0,1.5
13049,4.5,1.5
13064,3.5,1.5
13068,4.0,1.5
13069,5.0,1.5
13075,5.0,1.5
13085,3.0,1.5
13087,5.0,1.5
13088,4.0,1.5
13090,3.0,1.5
13102,2.0,1.5
13141,2.0,1.5
13147,4.5,1.5
13170,5.0,1.5
13172,3.0,1.5
13174,3.5,1.5
13195,4.0,1.5
13196,4.0,1.5
13205,3.0,1.5
13214,3.0,1.5
13222,4.0,1.5
13231,3.0,1.5
13232,4.0,1.5
13247,3.0,1.5
13259,3.0,1.5
13261,5.0,1.5
13264,3.0,1.5
13281,3.0,1.5
13285,3.0,1.5
13286,5.0,1.5
13289,4.0,1.5
13290,5.0,1.5
13301,4.0,1.5
13302,5.0,1.5
13322,4.0,1.5
13328,3.0,1.5
13333,3.0,1.5
13338,3.0,1.5
13339,3.0,1.5
13341,1.0,1.5
13343,3.5,1.5
13345,4.0,1.5
13348,1.0,1.5
13357,5.0,1.5
13360,4.0,1.5
13361,4.0,1.5
13363,3.0,1.5
13367,4.0,1.5
13368,4.5,1.5
13373,3.0,1.5
13379,4.5,1.5
13385,5.0,1.5
13397,3.5,1.5
13398,3.0,1.5
13416,2.0,1.5
13444,3.0,1.5
13454,4.0,1.5
13460,4.5,1.5
13465,5.0,1.5
13485,5.0,1.5
13491,5.0,1.5
13495,3.0,1.5
13528,5.0,1.5
13535,3.0,1.5
13538,2.0,1.5
13543,4.5,1.5
13549,3.0,1.5
13554,4.0,1.5
13576,4.0,1.5
13591,5.0,1.5
13604,3.0,1.5
13606,3.5,1.5
13607,4.0,1.5
13608,4.0,1.5
13615,4.0,1.5
13634,4.0,1.5
13644,3.0,1.5
13649,5.0,1.5
13666,4.0,1.5
13680,4.0,1.5
13684,3.0,1.5
13687,4.0,1.5
13689,3.0,1.5
13707,4.0,1.5
13718,3.0,1.5
13720,5.0,1.5
13723,3.0,1.5
13732,5.0,1.5
13737,4.0,1.5
13753,5.0,1.5
13760,5.0,1.5
13762,5.0,1.5
13763,3.0,1.5
13779,4.0,1.5
13781,3.0,1.5
13784,4.0,1.5
13786,4.0,1.5
13787,3.0,1.5
13788,1.0,1.5
13799,4.0,1.5
13803,3.0,1.5
13822,4.5,1.5
13828,4.0,1.5
13848,3.0,1.5
13849,4.5,1.5
13858,3.0,1.5
13864,3.0,1.5
13868,5.0,1.5
13889,4.0,1.5
13891,4.0,1.5
13899,4.0,1.5
13915,1.0,1.5
13916,3.0,1.5
13922,4.5,1.5
13929,5.0,1.5
13931,2.5,1.5
13938,3.0,1.5
13939,3.0,1.5
13942,4.0,1.5
13955,4.0,1.5
13957,4.0,1.5
13970,3.0,1.5
13984,4.0,1.5
13989,3.5,1.5
13991,3.0,1.5
13997,4.0,1.5
13998,3.0,1.5
14001,3.0,1.5
14018,5.0,1.5
14022,4.0,1.5
14028,4.0,1.5
14032,4.0,1.5
14034,4.0,1.5
14036,1.0,1.5
14042,4.0,1.5
14046,5.0,1.5
14052,4.5,1.5
14056,5.0,1.5
14058,3.5,1.5
14059,4.0,1.5
14060,4.0,1.5
14076,3.0,1.5
14089,1.0,1.5
14099,2.0,1.5
14112,5.0,1.5
14117,5.0,1.5
14132,3.5,1.5
14141,3.5,1.5
14148,3.0,1.5
14151,3.0,1.5
14154,4.0,1.5
14155,4.0,1.5
14159,4.0,1.5
14164,4.0,1.5
14172,3.0,1.5
14175,5.0,1.5
14196,1.5,1.5
14203,3.0,1.5
14208,3.0,1.5
14231,4.0,1.5
14249,1.0,1.5
14253,5.0,1.5
14257,4.0,1.5
14261,5.0,1.5
14274,3.0,1.5
14280,3.0,1.5
14296,3.0,1.5
14303,5.0,1.5
14313,5.0,1.5
14331,2.5,1.5
14341,5.0,1.5
14348,2.0,1.5
14354,3.5,1.5
14355,3.0,1.5
14359,3.5,1.5
14389,3.0,1.5
14392,3.0,1.5
14398,5.0,1.5
14407,4.0,1.5
14412,5.0,1.5
14421,3.0,1.5
14432,4.0,1.5
14434,4.0,1.5
14435,3.0,1.5
14446,4.0,1.5
14449,3.0,1.5
14451,4.0,1.5
14456,4.0,1.5
14461,5.0,1.5
14476,4.0,1.5
14485,4.0,1.5
14489,4.0,1.5
14491,5.0,1.5
14512,4.5,1.5
14516,3.5,1.5
14518,4.5,1.5
14519,2.5,1.5
14528,3.0,1.5
14534,5.0,1.5
14551,4.0,1.5
14558,3.0,1.5
14559,4.5,1.5
14562,3.0,1.5
14572,4.0,1.5
14593,3.0,1.5
14622,2.5,1.5
14628,4.0,1.5
14655,4.0,1.5
14656,3.0,1.5
14665,3.0,1.5
14678,2.0,1.5
14705,3.5,1.5
14721,4.0,1.5
14724,4.0,1.5
14742,3.5,1.5
14745,4.0,1.5
14746,3.0,1.5
14751,3.0,1.5
14771,4.0,1.5
14780,5.0,1.5
14784,4.0,1.5
14789,3.0,1.5
14798,4.0,1.5
14799,2.0,1.5
14804,3.0,1.5
14814,4.0,1.5
14830,3.0,1.5
14831,3.0,1.5
14834,3.0,1.5
14845,4.0,1.5
14850,5.0,1.5
14855,4.0,1.5
14863,4.0,1.5
14869,4.0,1.5
14878,3.5,1.5
14880,3.0,1.5
14881,3.0,1.5
14893,4.5,1.5
14896,4.0,1.5
14902,2.5,1.5
14930,3.0,1.5
14935,4.5,1.5
14943,3.5,1.5
14949,3.0,1.5
14950,3.0,1.5
14953,5.0,1.5
14958,3.5,1.5
14977,4.0,1.5
14986,5.0,1.5
15002,4.0,1.5
15010,1.0,1.5
15024,3.0,1.5
15025,3.0,1.5
15030,4.5,1.5
15033,4.5,1.5
15042,3.0,1.5
15047,3.5,1.5
15049,1.0,1.5
15051,5.0,1.5
15058,4.0,1.5
15065,3.0,1.5
15066,3.0,1.5
15075,3.0,1.5
15083,3.0,1.5
15092,4.0,1.5
15094,3.5,1.5
15095,4.0,1.5
15108,4.0,1.5
15116,4.0,1.5
15136,3.5,1.5
15157,3.0,1.5
15161,3.0,1.5
15177,1.0,1.5
15189,4.0,1.5
15194,3.5,1.5
15203,3.0,1.5
15205,3.0,1.5
15208,4.5,1.5
15218,3.0,1.5
15221,1.0,1.5
15222,4.0,1.5
15229,4.5,1.5
15235,3.0,1.5
15238,4.0,1.5
15245,3.0,1.5
15249,2.0,1.5
15266,2.0,1.5
15284,3.0,1.5
15290,3.0,1.5
15299,3.0,1.5
15303,3.0,1.5
15313,3.0,1.5
15320,3.0,1.5
15322,2.0,1.5
15330,3.0,1.5
15344,3.0,1.5
15357,4.0,1.5
15364,3.0,1.5
15366,3.0,1.5
15374,5.0,1.5
15377,3.0,1.5
15398,3.0,1.5
15408,5.0,1.5
15447,3.0,1.5
15452,0.5,1.5
15455,1.0,1.5
15457,4.5,1.5
15465,3.0,1.5
15467,1.0,1.5
15477,4.0,1.5
15478,3.5,1.5
15481,2.0,1.5
15486,2.5,1.5
15490,4.0,1.5
15494,2.0,1.5
15495,3.0,1.5
15496,4.0,1.5
15497,3.0,1.5
15503,4.0,1.5
15504,4.0,1.5
15506,4.0,1.5
15513,3.5,1.5
15517,3.0,1.5
15519,5.0,1.5
15522,5.0,1.5
15523,3.0,1.5
15529,3.5,1.5
15537,3.0,1.5
15543,4.0,1.5
15550,3.5,1.5
15551,3.5,1.5
15575,4.0,1.5
15585,3.5,1.5
15586,5.0,1.5
15589,3.0,1.5
15606,4.0,1.5
15616,2.5,1.5
15617,3.5,1.5
15619,4.0,1.5
15627,3.0,1.5
15643,4.0,1.5
15648,4.0,1.5
15649,3.0,1.5
15654,4.0,1.5
15656,4.0,1.5
15665,4.0,1.5
15686,3.0,1.5
15694,5.0,1.5
15701,3.0,1.5
15706,4.0,1.5
15720,3.5,1.5
15733,1.0,1.5
15741,1.0,1.5
15750,3.0,1.5
15751,4.0,1.5
15755,4.0,1.5
15762,4.0,1.5
15768,5.0,1.5
15780,5.0,1.5
15781,5.0,1.5
15789,2.0,1.5
15802,5.0,1.5
15803,4.0,1.5
15805,3.0,1.5
15812,4.0,1.5
15814,4.0,1.5
15822,4.0,1.5
15831,3.0,1.5
15838,4.0,1.5
15842,4.0,1.5
15855,5.0,1.5
15865,3.0,1.5
15873,4.0,1.5
15882,4.0,1.5
15893,5.0,1.5
15905,2.5,1.5
15911,2.0,1.5
15919,4.0,1.5
15922,4.0,1.5
15927,5.0,1.5
15936,4.0,1.5
15939,3.0,1.5
15967,4.0,1.5
15974,5.0,1.5
15976,4.0,1.5
15985,3.0,1.5
15997,4.0,1.5
16031,4.0,1.5
16034,5.0,1.5
16041,2.0,1.5
16044,5.0,1.5
16045,4.0,1.5
16046,4.0,1.5
16048,3.0,1.5
16062,3.0,1.5
16075,4.0,1.5
16081,5.0,1.5
16092,4.5,1.5
16097,4.0,1.5
16100,5.0,1.5
16102,5.0,1.5
16104,3.0,1.5
16105,3.5,1.5
16107,4.0,1.5
16127,4.0,1.5
16132,2.0,1.5
16135,4.0,1.5
16140,5.0,1.5
16174,4.5,1.5
16175,3.5,1.5
16189,3.0,1.5
16198,4.0,1.5
16206,3.0,1.5
16234,2.0,1.5
16237,3.0,1.5
16238,5.0,1.5
16243,2.0,1.5
16253,5.0,1.5
16271,3.0,1.5
16280,4.0,1.5
16295,2.0,1.5
16297,4.0,1.5
16305,3.0,1.5
16312,3.0,1.5
16318,1.0,1.5
16343,3.0,1.5
16345,3.0,1.5
16358,4.0,1.5
16364,4.0,1.5
16378,2.0,1.5
16388,3.0,1.5
16391,5.0,1.5
16398,3.0,1.5
16400,4.0,1.5
16412,4.0,1.5
16425,4.5,1.5
16430,3.0,1.5
16433,2.0,1.5
16440,2.5,1.5
16443,5.0,1.5
16447,4.0,1.5
16451,4.0,1.5
16455,3.0,1.5
16463,5.0,1.5
16475,4.0,1.5
16480,3.0,1.5
16505,4.0,1.5
16516,3.5,1.5
16527,4.0,1.5
16532,4.0,1.5
16543,4.0,1.5
16546,4.0,1.5
16547,3.0,1.5
16550,4.0,1.5
16551,2.5,1.5
16562,4.0,1.5
16576,2.0,1.5
16581,4.0,1.5
16606,4.0,1.5
16607,4.0,1.5
16608,3.0,1.5
16610,3.0,1.5
16624,3.0,1.5
16626,4.0,1.5
16634,4.0,1.5
16645,4.0,1.5
16676,5.0,1.5
16688,3.0,1.5
16689,5.0,1.5
16699,4.0,1.5
16708,2.0,1.5
16738,5.0,1.5
16750,2.0,1.5
16753,3.0,1.5
16774,4.0,1.5
16780,3.5,1.5
16785,4.0,1.5
16795,3.0,1.5
16808,4.0,1.5
16822,4.0,1.5
16831,0.5,1.5
16840,4.0,1.5
16865,4.0,1.5
16867,5.0,1.5
16893,4.0,1.5
16924,4.0,1.5
16925,5.0,1.5
16930,2.0,1.5
16936,3.5,1.5
16938,3.0,1.5
16946,4.0,1.5
16955,4.0,1.5
16960,5.0,1.5
16977,4.0,1.5
17003,3.0,1.5
17005,3.0,1.5
17009,3.0,1.5
17015,5.0,1.5
17022,4.5,1.5
17040,4.0,1.5
17044,3.0,1.5
17050,4.0,1.5
17068,3.0,1.5
17075,4.0,1.5
17086,4.0,1.5
17090,3.0,1.5
17094,4.0,1.5
17105,5.0,1.5
17107,5.0,1.5
17108,2.0,1.5
17118,4.0,1.5
17133,4.0,1.5
17138,2.5,1.5
17157,1.0,1.5
17161,3.5,1.5
17163,4.5,1.5
17164,5.0,1.5
17190,5.0,1.5
17198,4.0,1.5
17207,4.5,1.5
17214,4.0,1.5
17230,5.0,1.5
17235,3.5,1.5
17250,4.5,1.5
17270,4.0,1.5
17293,3.0,1.5
17307,2.0,1.5
17311,4.5,1.5
17319,4.0,1.5
17333,3.5,1.5
17377,4.0,1.5
17380,3.5,1.5
17382,4.0,1.5
17399,4.0,1.5
17409,4.0,1.5
17417,3.0,1.5
17421,3.0,1.5
17426,3.0,1.5
17438,3.0,1.5
17440,4.0,1.5
17446,0.5,1.5
17448,4.0,1.5
17450,4.0,1.5
17455,3.0,1.5
17457,3.0,1.5
17458,3.0,1.5
17459,5.0,1.5
17462,4.0,1.5
17470,3.0,1.5
17483,4.0,1.5
17486,4.0,1.5
17488,3.5,1.5
17492,4.0,1.5
17503,4.0,1.5
17514,3.0,1.5
17515,3.0,1.5
17523,4.0,1.5
17538,4.0,1.5
17540,5.0,1.5
17566,1.0,1.5
17569,4.0,1.5
17571,4.0,1.5
17586,3.0,1.5
17589,5.0,1.5
17595,4.0,1.5
17600,4.0,1.5
17614,5.0,1.5
17631,2.5,1.5
17633,3.0,1.5
17640,2.5,1.5
17670,3.0,1.5
17683,3.5,1.5
17699,2.0,1.5
17703,3.0,1.5
17709,4.0,1.5
17711,4.0,1.5
17712,1.0,1.5
17719,4.5,1.5
17736,4.0,1.5
17741,5.0,1.5
17747,5.0,1.5
17762,5.0,1.5
17764,4.0,1.5
17769,3.5,1.5
17770,4.0,1.5
17781,4.0,1.5
17800,4.0,1.5
17807,3.0,1.5
17827,3.0,1.5
17830,4.0,1.5
17834,4.0,1.5
17845,2.0,1.5
17851,3.5,1.5
17857,3.5,1.5
17859,4.0,1.5
17862,2.0,1.5
17866,3.0,1.5
17873,4.0,1.5
17884,4.0,1.5
17892,3.0,1.5
17905,2.0,1.5
17917,3.0,1.5
17918,4.5,1.5
17930,4.5,1.5
17940,4.0,1.5
17941,4.0,1.5
17958,3.0,1.5
17970,5.0,1.5
17977,3.0,1.5
17996,3.0,1.5
17998,3.0,1.5
18004,1.0,1.5
18007,4.5,1.5
18009,5.0,1.5
18018,3.0,1.5
18027,4.5,1.5
18031,3.0,1.5
18044,3.0,1.5
18057,4.0,1.5
18081,2.0,1.5
18082,3.0,1.5
18089,4.0,1.5
18105,4.0,1.5
18112,3.0,1.5
18117,4.0,1.5
18120,3.0,1.5
18132,3.0,1.5
18138,4.5,1.5
18140,3.0,1.5
18145,4.5,1.5
18161,4.0,1.5
18167,4.0,1.5
18185,4.0,1.5
18189,5.0,1.5
18191,3.0,1.5
18193,2.0,1.5
18198,0.5,1.5
18214,3.0,1.5
18216,4.5,1.5
18238,4.0,1.5
18240,5.0,1.5
18247,3.0,1.5
18250,2.5,1.5
18251,4.0,1.5
18255,5.0,1.5
18259,4.0,1.5
18263,5.0,1.5
18265,4.0,1.5
18270,5.0,1.5
18272,5.0,1.5
18274,5.0,1.5
18275,3.0,1.5
18278,5.0,1.5
18280,4.5,1.5
18299,4.0,1.5
18327,3.0,1.5
18334,3.5,1.5
18338,4.0,1.5
18353,4.0,1.5
18354,3.0,1.5
18365,4.0,1.5
18367,3.0,1.5
18368,5.0,1.5
18376,4.0,1.5
18390,4.0,1.5
18391,4.0,1.5
18400,4.0,1.5
18407,3.0,1.5
18409,2.0,1.5
18415,5.0,1.5
18416,3.0,1.5
18442,5.0,1.5
18448,4.0,1.5
18449,4.0,1.5
18458,5.0,1.5
18461,3.0,1.5
18467,3.0,1.5
18471,4.5,1.5
18473,5.0,1.5
18479,3.0,1.5
18480,3.0,1.5
18485,3.0,1.5
18496,3.0,1.5
18513,4.0,1.5
18515,3.5,1.5
18518,3.0,1.5
18540,5.0,1.5
18554,4.5,1.5
18555,4.0,1.5
18569,4.0,1.5
18574,2.5,1.5
18576,3.0,1.5
18580,4.0,1.5
18588,2.0,1.5
18589,4.0,1.5
18597,3.0,1.5
18604,4.5,1.5
18605,3.0,1.5
18606,5.0,1.5
18611,4.5,1.5
18628,4.0,1.5
18670,5.0,1.5
18673,3.0,1.5
18684,5.0,1.5
18686,3.0,1.5
18692,4.0,1.5
18700,3.0,1.5
18704,3.0,1.5
18706,2.5,1.5
18709,4.0,1.5
18711,4.5,1.5
18712,4.5,1.5
18716,3.0,1.5
18744,4.0,1.5
18745,4.0,1.5
18755,5.0,1.5
18764,5.0,1.5
18765,1.5,1.5
18791,3.5,1.5
18795,4.0,1.5
18797,3.0,1.5
18801,5.0,1.5
18815,3.5,1.5
18831,3.0,1.5
18833,3.0,1.5
18842,0.5,1.5
18849,3.0,1.5
18860,3.0,1.5
18875,4.0,1.5
18877,3.5,1.5
18892,5.0,1.5
18897,4.5,1.5
18901,1.0,1.5
18903,4.0,1.5
18915,2.0,1.5
18925,3.0,1.5
18929,3.5,1.5
18932,4.0,1.5
18958,3.5,1.5
18971,4.0,1.5
18972,2.0,1.5
18975,4.0,1.5
18977,3.5,1.5
18980,2.0,1.5
18987,4.0,1.5
18992,4.0,1.5
19007,3.0,1.5
19017,3.0,1.5
19031,4.0,1.5
19032,5.0,1.5
19057,3.0,1.5
19066,3.0,1.5
19067,1.0,1.5
19077,3.0,1.5
19085,4.0,1.5
19104,3.5,1.5
19107,4.0,1.5
19108,4.0,1.5
19134,4.0,1.5
19137,4.0,1.5
19139,2.5,1.5
19147,1.0,1.5
19148,4.5,1.5
19155,4.0,1.5
19176,5.0,1.5
19184,4.0,1.5
19186,5.0,1.5
19203,4.0,1.5
19212,2.0,1.5
19223,5.0,1.5
19228,5.0,1.5
19231,4.0,1.5
19248,4.5,1.5
19258,4.0,1.5
19261,5.0,1.5
19279,3.5,1.5
19290,4.5,1.5
19305,3.0,1.5
19310,3.0,1.5
19322,5.0,1.5
19326,4.0,1.5
19333,3.0,1.5
19337,3.5,1.5
19345,4.0,1.5
19346,4.0,1.5
19377,4.0,1.5
19383,4.0,1.5
19385,4.0,1.5
19387,3.5,1.5
19399,3.0,1.5
19404,4.0,1.5
19406,4.0,1.5
19409,4.0,1.5
19414,3.5,1.5
19429,3.0,1.5
19431,4.0,1.5
19434,4.0,1.5
19439,5.0,1.5
19446,4.0,1.5
19451,4.0,1.5
19457,3.0,1.5
19463,5.0,1.5
19477,4.5,1.5
19482,3.0,1.5
19496,4.0,1.5
19501,5.0,1.5
19515,3.5,1.5
19518,4.0,1.5
19522,4.0,1.5
19528,4.0,1.5
19530,3.0,1.5
19531,3.0,1.5
19540,4.0,1.5
19546,5.0,1.5
19550,4.0,1.5
19556,5.0,1.5
19560,4.0,1.5
19579,4.0,1.5
19590,3.0,1.5
19602,2.5,1.5
19617,3.0,1.5
19632,3.0,1.5
19657,3.0,1.5
19667,3.0,1.5
19687,5.0,1.5
19724,4.0,1.5
19732,5.0,1.5
19740,4.0,1.5
19741,4.0,1.5
19748,3.0,1.5
19761,3.0,1.5
19762,4.0,1.5
19763,5.0,1.5
19776,3.0,1.5
19794,3.0,1.5
19797,5.0,1.5
19834,3.0,1.5
19837,4.0,1.5
19855,5.0,1.5
19861,4.0,1.5
19865,3.5,1.5
19873,5.0,1.5
19875,4.0,1.5
19881,4.0,1.5
19897,4.0,1.5
19910,3.0,1.5
19929,4.0,1.5
19938,4.0,1.5
19941,4.0,1.5
19950,4.0,1.5
19953,3.0,1.5
19954,3.0,1.5
19961,5.0,1.5
19963,2.0,1.5
19965,1.0,1.5
19981,3.5,1.5
19995,3.0,1.5
20004,3.0,1.5
20011,4.0,1.5
20022,4.0,1.5
20028,1.5,1.5
20031,4.0,1.5
20034,4.0,1.5
20040,1.0,1.5
20042,4.5,1.5
20057,4.0,1.5
20079,4.0,1.5
20090,2.0,1.5
20093,3.0,1.5
20116,1.0,1.5
20119,3.5,1.5
20132,5.0,1.5
20133,4.0,1.5
20165,3.5,1.5
20173,5.0,1.5
20179,2.0,1.5
20180,5.0,1.5
20198,4.0,1.5
20202,3.5,1.5
20215,3.0,1.5
20225,2.0,1.5
20228,5.0,1.5
20235,3.0,1.5
20247,3.0,1.5
20252,4.5,1.5
20257,3.0,1.5
20262,4.0,1.5
20267,3.0,1.5
20268,4.5,1.5
20273,3.0,1.5
20285,5.0,1.5
20296,3.0,1.5
20342,4.0,1.5
20344,4.0,1.5
20357,3.0,1.5
20372,2.5,1.5
20441,2.0,1.5
20457,5.0,1.5
20465,4.0,1.5
20475,4.0,1.5
20506,4.0,1.5
20528,3.0,1.5
20529,5.0,1.5
20530,3.5,1.5
20538,3.0,1.5
20543,4.0,1.5
20549,3.0,1.5
20569,1.0,1.5
20574,5.0,1.5
20575,4.0,1.5
20579,4.0,1.5
20583,4.5,1.5
20593,4.0,1.5
20616,3.0,1.5
20621,5.0,1.5
20622,4.0,1.5
20627,3.0,1.5
20634,2.0,1.5
20635,4.0,1.5
20636,3.0,1.5
20637,2.5,1.5
20638,4.0,1.5
20650,4.0,1.5
20667,3.0,1.5
20672,3.0,1.5
20682,3.0,1.5
20685,4.5,1.5
20686,4.0,1.5
20689,3.0,1.5
20690,4.0,1.5
20695,3.0,1.5
20701,4.0,1.5
20713,3.0,1.5
20723,1.0,1.5
20737,4.0,1.5
20770,3.5,1.5
20785,4.0,1.5
20788,3.0,1.5
20789,3.0,1.5
20795,4.0,1.5
20811,4.0,1.5
20813,3.0,1.5
20816,3.0,1.5
20817,4.0,1.5
20820,4.0,1.5
20836,4.0,1.5
20844,1.0,1.5
20850,4.5,1.5
20874,5.0,1.5
20875,3.0,1.5
20877,3.0,1.5
20883,3.0,1.5
20905,4.0,1.5
20907,2.0,1.5
20921,1.0,1.5
20942,5.0,1.5
20948,3.5,1.5
20955,3.0,1.5
20972,3.0,1.5
20975,4.0,1.5
20981,4.0,1.5
20984,3.0,1.5
20987,2.0,1.5
21000,4.5,1.5
21001,4.0,1.5
21012,4.0,1.5
21013,4.0,1.5
21016,4.0,1.5
21017,5.0,1.5
21018,5.0,1.5
21022,3.0,1.5
21037,2.0,1.5
21044,3.0,1.5
21055,4.0,1.5
21061,4.0,1.5
21067,3.0,1.5
21071,3.0,1.5
21078,2.0,1.5
21106,2.0,1.5
21122,3.0,1.5
21132,4.0,1.5
21142,5.0,1.5
21145,5.0,1.5
21157,5.0,1.5
21163,5.0,1.5
21173,3.0,1.5
21179,2.5,1.5
21181,4.0,1.5
21182,5.0,1.5
21186,2.0,1.5
21218,3.0,1.5
21242,3.0,1.5
21245,4.0,1.5
21247,1.0,1.5
21249,4.0,1.5
21264,4.5,1.5
21280,2.5,1.5
21287,4.0,1.5
21312,1.0,1.5
21326,3.0,1.5
21331,3.0,1.5
21337,4.5,1.5
21340,2.5,1.5
21347,4.0,1.5
21353,4.5,1.5
21356,5.0,1.5
21362,3.0,1.5
21363,4.0,1.5
21383,3.0,1.5
21391,3.0,1.5
21398,4.0,1.5
21403,5.0,1.5
21404,5.0,1.5
21409,5.0,1.5
21411,5.0,1.5
21421,2.0,1.5
21422,5.0,1.5
21426,4.5,1.5
21430,4.5,1.5
21431,5.0,1.5
21433,3.0,1.5
21484,4.5,1.5
21503,3.0,1.5
21506,4.5,1.5
21516,3.0,1.5
21523,4.0,1.5
21531,4.0,1.5
21533,3.0,1.5
21537,4.0,1.5
21543,3.5,1.5
21563,5.0,1.5
21581,5.0,1.5
21593,4.0,1.5
21603,5.0,1.5
21606,5.0,1.5
21609,5.0,1.5
21634,4.0,1.5
21655,4.0,1.5
21664,3.0,1.5
21668,3.5,1.5
21670,2.0,1.5
21690,4.0,1.5
21709,5.0,1.5
21711,5.0,1.5
21714,3.5,1.5
21715,4.5,1.5
21717,4.0,1.5
21718,3.5,1.5
21719,1.0,1.5
21748,3.0,1.5
21767,3.0,1.5
21777,5.0,1.5
21781,4.0,1.5
21789,2.0,1.5
21806,2.0,1.5
21810,5.0,1.5
21840,4.0,1.5
21845,3.5,1.5
21850,5.0,1.5
21861,5.0,1.5
21866,3.0,1.5
21884,4.0,1.5
21885,4.0,1.5
21886,4.0,1.5
21890,5.0,1.5
21895,4.5,1.5
21902,2.0,1.5
21922,4.5,1.5
21933,3.0,1.5
21938,5.0,1.5
21942,3.0,1.5
21953,3.0,1.5
21960,3.0,1.5
21968,4.5,1.5
21969,3.0,1.5
21973,4.0,1.5
21995,3.0,1.5
22001,4.0,1.5
22010,2.0,1.5
22011,3.0,1.5
22016,5.0,1.5
22020,3.5,1.5
22030,3.0,1.5
22058,3.0,1.5
22060,2.0,1.5
22063,4.0,1.5
22070,3.0,1.5
22090,5.0,1.5
22094,4.0,1.5
22099,5.0,1.5
22100,3.0,1.5
22110,2.0,1.5
22112,2.0,1.5
22115,3.5,1.5
22122,4.0,1.5
22131,4.0,1.5
22133,4.0,1.5
22141,4.5,1.5
22157,3.0,1.5
22160,3.0,1.5
22163,4.0,1.5
22179,3.0,1.5
22184,3.0,1.5
22189,3.5,1.5
22205,1.5,1.5
22209,3.0,1.5
22231,5.0,1.5
22234,3.0,1.5
22235,3.5,1.5
22252,4.0,1.5
22259,4.0,1.5
22264,3.5,1.5
22266,3.0,1.5
22279,4.0,1.5
22283,3.0,1.5
22285,5.0,1.5
22290,3.5,1.5
22298,5.0,1.5
22303,2.0,1.5
22307,4.0,1.5
22311,4.0,1.5
22313,3.0,1.5
22321,4.0,1.5
22330,5.0,1.5
22352,2.0,1.5
22357,4.0,1.5
22371,3.0,1.5
22372,4.0,1.5
22378,4.0,1.5
22395,4.0,1.5
22401,3.0,1.5
22402,3.0,1.5
22408,5.0,1.5
22411,4.0,1.5
22414,3.0,1.5
22415,4.0,1.5
22417,4.0,1.5
22427,4.0,1.5
22442,4.0,1.5
22443,3.0,1.5
22445,3.0,1.5
22447,4.0,1.5
22456,4.0,1.5
22470,4.0,1.5
22481,3.5,1.5
22488,4.5,1.5
22489,4.0,1.5
22503,4.0,1.5
22507,0.5,1.5
22524,3.0,1.5
22528,4.0,1.5
22539,1.0,1.5
22550,3.0,1.5
22569,5.0,1.5
22573,2.5,1.5
22574,1.5,1.5
22576,5.0,1.5
22581,4.0,1.5
22584,5.0,1.5
22598,4.0,1.5
22601,4.5,1.5
22614,3.0,1.5
22656,3.0,1.5
22657,2.0,1.5
22659,4.0,1.5
22664,4.0,1.5
22665,3.0,1.5
22683,5.0,1.5
22684,3.0,1.5
22723,4.0,1.5
22744,5.0,1.5
22746,5.0,1.5
22754,4.0,1.5
22755,5.0,1.5
22758,5.0,1.5
22761,4.0,1.5
22762,3.5,1.5
22764,4.0,1.5
22782,3.0,1.5
22784,4.0,1.5
22787,3.0,1.5
22806,3.0,1.5
22812,5.0,1.5
22818,5.0,1.5
22855,4.0,1.5
22857,5.0,1.5
22860,3.0,1.5
22861,2.0,1.5
22863,3.0,1.5
22867,4.0,1.5
22882,2.0,1.5
22884,5.0,1.5
22898,5.0,1.5
22901,4.0,1.5
22914,3.0,1.5
22926,1.5,1.5
22929,2.5,1.5
22930,5.0,1.5
22934,3.0,1.5
22949,4.0,1.5
22983,0.5,1.5
22991,1.5,1.5
22994,5.0,1.5
23012,1.0,1.5
23030,3.0,1.5
23033,4.0,1.5
23037,2.0,1.5
23039,5.0,1.5
23045,3.0,1.5
23054,4.0,1.5
23055,5.0,1.5
23061,3.0,1.5
23074,0.5,1.5
23078,4.0,1.5
23082,3.0,1.5
23088,2.5,1.5
23091,5.0,1.5
23118,3.0,1.5
23127,3.0,1.5
23130,4.0,1.5
23135,3.5,1.5
23141,4.0,1.5
23149,3.5,1.5
23165,4.0,1.5
23173,5.0,1.5
23176,4.0,1.5
23177,4.0,1.5
23180,4.0,1.5
23186,3.0,1.5
23192,4.0,1.5
23198,4.0,1.5
23202,3.0,1.5
23205,4.0,1.5
23234,3.0,1.5
23235,4.5,1.5
23250,3.0,1.5
23251,4.0,1.5
23260,4.0,1.5
23268,4.0,1.5
23274,3.5,1.5
23299,5.0,1.5
23303,4.0,1.5
23308,5.0,1.5
23317,4.0,1.5
23330,4.0,1.5
23333,4.0,1.5
23363,5.0,1.5
23375,5.0,1.5
23376,3.0,1.5
23390,3.0,1.5
23394,4.0,1.5
23400,3.5,1.5
23421,5.0,1.5
23426,5.0,1.5
23429,3.0,1.5
23436,4.5,1.5
23437,5.0,1.5
23438,2.0,1.5
23452,2.5,1.5
23454,5.0,1.5
23459,4.0,1.5
23467,5.0,1.5
23472,4.0,1.5
23495,4.5,1.5
23509,4.5,1.5
23520,3.0,1.5
23523,3.0,1.5
23526,3.0,1.5
23528,4.0,1.5
23539,4.0,1.5
23549,4.0,1.5
23575,3.5,1.5
23596,3.0,1.5
23607,4.0,1.5
23614,4.0,1.5
23618,3.0,1.5
23625,4.0,1.5
23627,4.0,1.5
23628,4.0,1.5
23631,4.0,1.5
23634,5.0,1.5
23639,4.5,1.5
23659,5.0,1.5
23688,3.0,1.5
23689,5.0,1.5
23691,4.0,1.5
23699,3.0,1.5
23704,3.5,1.5
23708,5.0,1.5
23714,3.0,1.5
23719,3.0,1.5
23725,4.0,1.5
23730,5.0,1.5
23733,5.0,1.5
23735,1.0,1.5
23736,2.0,1.5
23741,3.0,1.5
23750,3.0,1.5
23751,3.0,1.5
23753,4.0,1.5
23768,2.0,1.5
23778,3.0,1.5
23787,5.0,1.5
23790,4.5,1.5
23804,3.0,1.5
23807,4.0,1.5
23815,4.0,1.5
23824,1.0,1.5
23828,4.0,1.5
23833,4.0,1.5
23841,4.5,1.5
23843,4.0,1.5
23845,4.5,1.5
23868,3.0,1.5
23873,5.0,1.5
23877,4.0,1.5
23890,4.0,1.5
23892,4.0,1.5
23905,4.0,1.5
23911,4.0,1.5
23913,3.0,1.5
23933,4.0,1.5
23957,5.0,1.5
23983,1.0,1.5
24004,3.0,1.5
24024,3.0,1.5
24027,2.0,1.5
24042,4.5,1.5
24048,5.0,1.5
24071,5.0,1.5
24075,4.0,1.5
24077,1.0,1.5
24107,2.0,1.5
24108,4.0,1.5
24115,5.0,1.5
24116,2.0,1.5
24117,3.0,1.5
24122,4.0,1.5
24127,3.5,1.5
24129,4.0,1.5
24143,4.5,1.5
24151,3.0,1.5
24167,3.0,1.5
24171,4.0,1.5
24172,4.0,1.5
24174,3.0,1.5
24180,3.0,1.5
24187,3.0,1.5
24196,3.0,1.5
24201,3.0,1.5
24213,3.0,1.5
24214,5.0,1.5
24219,4.0,1.5
24220,3.0,1.5
24245,4.0,1.5
24253,4.0,1.5
24256,4.0,1.5
24260,4.5,1.5
24269,3.0,1.5
24270,4.0,1.5
24273,4.0,1.5
24278,4.0,1.5
24279,3.0,1.5
24283,4.0,1.5
24291,4.0,1.5
24292,4.0,1.5
24295,3.5,1.5
24302,1.0,1.5
24310,4.5,1.5
24322,2.0,1.5
24360,4.0,1.5
24373,4.0,1.5
24374,4.0,1.5
24381,3.0,1.5
24388,4.0,1.5
24423,4.0,1.5
24425,3.0,1.5
24428,2.0,1.5
24429,4.0,1.5
24431,4.0,1.5
24452,3.0,1.5
24475,5.0,1.5
24479,3.0,1.5
24504,3.0,1.5
24505,5.0,1.5
24512,3.0,1.5
24533,4.0,1.5
24537,5.0,1.5
24543,3.0,1.5
24565,4.0,1.5
24569,3.5,1.5
24572,3.0,1.5
24585,4.0,1.5
24604,4.0,1.5
24643,3.5,1.5
24652,4.0,1.5
24661,3.0,1.5
24671,3.0,1.5
24678,4.0,1.5
24682,4.0,1.5
24683,4.0,1.5
24688,4.0,1.5
24691,4.0,1.5
24695,3.0,1.5
24696,3.0,1.5
24709,5.0,1.5
24718,4.0,1.5
24719,4.0,1.5
24740,5.0,1.5
24743,4.0,1.5
24749,4.0,1.5
24757,3.0,1.5
24761,3.0,1.5
24778,5.0,1.5
24784,3.0,1.5
24787,4.0,1.5
24792,4.5,1.5
24796,4.0,1.5
24800,3.0,1.5
24813,3.0,1.5
24816,3.0,1.5
24818,3.0,1.5
24819,2.0,1.5
24840,4.0,1.5
24859,5.0,1.5
24888,4.0,1.5
24889,3.0,1.5
24893,3.0,1.5
24903,4.5,1.5
24905,4.0,1.5
24909,4.0,1.5
24915,4.0,1.5
24916,3.0,1.5
24926,1.0,1.5
24931,4.0,1.5
24934,4.0,1.5
24945,3.5,1.5
24946,4.0,1.5
24967,1.0,1.5
24990,4.0,1.5
24995,3.0,1.5
25002,2.5,1.5
25008,4.0,1.5
25050,4.0,1.5
25064,5.0,1.5
25071,4.0,1.5
25080,3.0,1.5
25084,3.0,1.5
25093,4.5,1.5
25101,5.0,1.5
25106,4.5,1.5
25121,3.0,1.5
25126,4.0,1.5
25128,3.0,1.5
25129,4.5,1.5
25131,4.0,1.5
25137,5.0,1.5
25144,3.0,1.5
25156,3.0,1.5
25163,4.5,1.5
25174,3.0,1.5
25178,3.0,1.5
25188,5.0,1.5
25190,5.0,1.5
25192,2.0,1.5
25199,3.0,1.5
25208,1.0,1.5
25215,4.0,1.5
25221,3.0,1.5
25228,4.0,1.5
25237,2.5,1.5
25241,3.5,1.5
25245,3.0,1.5
25260,4.5,1.5
25270,5.0,1.5
25280,4.0,1.5
25287,2.5,1.5
25290,3.5,1.5
25296,4.0,1.5
25298,5.0,1.5
25302,3.5,1.5
25304,2.5,1.5
25306,4.0,1.5
25310,5.0,1.5
25327,4.0,1.5
25336,3.0,1.5
25339,2.5,1.5
25344,4.0,1.5
25345,1.5,1.5
25348,4.0,1.5
25357,3.5,1.5
25383,3.0,1.5
25426,4.0,1.5
25438,4.0,1.5
25441,5.0,1.5
25448,3.0,1.5
25450,4.0,1.5
25456,4.0,1.5
25465,3.0,1.5
25467,4.0,1.5
25470,5.0,1.5
25477,4.0,1.5
25478,4.5,1.5
25479,3.0,1.5
25485,3.0,1.5
25507,4.0,1.5
25508,4.0,1.5
25509,3.0,1.5
25510,3.0,1.5
25511,5.0,1.5
25515,4.0,1.5
25524,4.5,1.5
25556,4.0,1.5
25566,4.0,1.5
25587,3.0,1.5
25588,3.0,1.5
25592,1.0,1.5
25601,4.0,1.5
25607,4.0,1.5
25610,3.0,1.5
25627,5.0,1.5
25630,3.0,1.5
25650,3.0,1.5
25656,3.0,1.5
25671,3.0,1.5
25676,3.0,1.5
25680,3.0,1.5
25684,3.5,1.5
25692,4.0,1.5
25695,4.0,1.5
25716,1.0,1.5
25723,3.0,1.5
25729,4.0,1.5
25732,4.0,1.5
25755,4.0,1.5
25771,4.0,1.5
25786,5.0,1.5
25795,3.0,1.5
25826,4.5,1.5
25827,5.0,1.5
25830,4.0,1.5
25846,2.0,1.5
25869,4.0,1.5
25879,3.0,1.5
25893,4.0,1.5
25898,4.0,1.5
25901,4.0,1.5
25911,1.5,1.5
25913,3.0,1.5
25918,4.0,1.5
25920,4.0,1.5
25924,4.0,1.5
25935,5.0,1.5
25946,3.0,1.5
25949,4.0,1.5
25959,3.0,1.5
25964,4.5,1.5
25972,4.0,1.5
25977,3.0,1.5
25978,4.0,1.5
26004,3.0,1.5
26005,4.0,1.5
26006,3.0,1.5
26012,2.5,1.5
26016,5.0,1.5
26021,5.0,1.5
26028,3.5,1.5
26035,4.0,1.5
26036,3.0,1.5
26040,4.0,1.5
26047,3.0,1.5
26051,4.5,1.5
26067,4.5,1.5
26068,4.0,1.5
26086,5.0,1.5
26089,4.0,1.5
26098,4.0,1.5
26107,5.0,1.5
26111,3.0,1.5
26112,2.0,1.5
26123,3.5,1.5
26127,3.5,1.5
26131,3.0,1.5
26147,5.0,1.5
26148,4.5,1.5
26151,3.0,1.5
26153,3.0,1.5
26179,4.0,1.5
26180,3.0,1.5
26185,4.0,1.5
26193,3.5,1.5
26197,3.0,1.5
26198,4.0,1.5
26199,3.0,1.5
26201,5.0,1.5
26202,4.5,1.5
26205,5.0,1.5
26206,4.0,1.5
26213,5.0,1.5
26214,4.5,1.5
26222,4.0,1.5
26227,2.0,1.5
26236,4.0,1.5
26274,3.5,1.5
26277,4.0,1.5
26279,4.0,1.5
26280,3.5,1.5
26288,4.0,1.5
26296,5.0,1.5
26299,4.0,1.5
26316,4.5,1.5
26321,3.0,1.5
26322,3.0,1.5
26335,4.5,1.5
26337,4.0,1.5
26338,5.0,1.5
26345,3.0,1.5
26354,4.0,1.5
26374,5.0,1.5
26382,4.0,1.5
26386,4.0,1.5
26392,4.0,1.5
26396,5.0,1.5
26403,4.0,1.5
26413,3.5,1.5
26426,5.0,1.5
26444,5.0,1.5
26452,2.0,1.5
26453,4.0,1.5
26480,2.0,1.5
26488,4.0,1.5
26490,5.0,1.5
26503,3.0,1.5
26511,4.0,1.5
26522,4.0,1.5
26528,3.0,1.5
26540,4.0,1.5
26544,3.0,1.5
26554,4.5,1.5
26566,4.0,1.5
26572,1.0,1.5
26582,3.5,1.5
26591,4.0,1.5
26596,3.0,1.5
26612,3.0,1.5
26615,1.0,1.5
26622,3.0,1.5
26623,4.5,1.5
26638,4.0,1.5
26640,4.0,1.5
26670,5.0,1.5
26672,4.5,1.5
26673,3.0,1.5
26681,3.0,1.5
26685,3.0,1.5
26691,4.0,1.5
26708,3.0,1.5
26761,4.0,1.5
26770,4.5,1.5
26772,2.0,1.5
26774,4.0,1.5
26780,3.0,1.5
26786,3.0,1.5
26787,4.0,1.5
26809,4.0,1.5
26815,2.0,1.5
26819,4.0,1.5
26821,2.0,1.5
26848,4.0,1.5
26856,5.0,1.5
26860,3.0,1.5
26865,4.0,1.5
26867,3.5,1.5
26874,3.5,1.5
26885,3.0,1.5
26887,4.0,1.5
26915,4.0,1.5
26926,5.0,1.5
26931,4.0,1.5
26944,3.0,1.5
26969,3.0,1.5
26986,4.0,1.5
26998,4.0,1.5
27007,4.0,1.5
27014,5.0,1.5
27032,3.0,1.5
27034,5.0,1.5
27035,3.0,1.5
27053,3.0,1.5
27054,4.0,1.5
27057,4.5,1.5
27073,3.0,1.5
27076,4.0,1.5
27097,2.0,1.5
27104,5.0,1.5
27117,4.0,1.5
27119,5.0,1.5
27157,4.0,1.5
27179,4.0,1.5
27182,3.0,1.5
27189,4.0,1.5
27190,5.0,1.5
27195,2.0,1.5
27205,3.0,1.5
27209,4.0,1.5
27213,4.0,1.5
27222,5.0,1.5
27230,3.0,1.5
27231,5.0,1.5
27235,2.5,1.5
27239,2.0,1.5
27248,3.0,1.5
27255,4.0,1.5
27257,2.0,1.5
27278,4.0,1.5
27279,3.0,1.5
27296,4.0,1.5
27316,3.0,1.5
27320,3.5,1.5
27321,3.0,1.5
27343,4.0,1.5
27349,4.0,1.5
27353,3.5,1.5
27366,4.0,1.5
27370,5.0,1.5
27371,4.0,1.5
27379,4.0,1.5
27383,4.0,1.5
27390,5.0,1.5
27406,4.0,1.5
27409,3.0,1.5
27418,4.0,1.5
27426,4.5,1.5
27431,5.0,1.5
27437,3.0,1.5
27441,3.0,1.5
27444,1.0,1.5
27448,4.0,1.5
27451,3.0,1.5
27460,4.5,1.5
27463,4.5,1.5
27468,4.5,1.5
27469,4.5,1.5
27473,4.0,1.5
27479,4.0,1.5
27482,2.0,1.5
27485,4.0,1.5
27500,2.0,1.5
27503,3.0,1.5
27506,4.0,1.5
27526,5.0,1.5
27529,4.5,1.5
27530,4.0,1.5
27531,3.5,1.5
27532,3.0,1.5
27553,4.0,1.5
27558,4.0,1.5
27570,3.0,1.5
27574,3.0,1.5
27586,5.0,1.5
27589,4.5,1.5
27606,3.0,1.5
27613,5.0,1.5
27617,4.0,1.5
27630,2.5,1.5
27638,3.5,1.5
27647,3.0,1.5
27651,5.0,1.5
27657,3.0,1.5
27665,3.0,1.5
27673,4.0,1.5
27679,3.5,1.5
27689,3.0,1.5
27691,3.0,1.5
27695,4.0,1.5
27697,3.0,1.5
27703,3.0,1.5
27729,4.5,1.5
27733,4.0,1.5
27744,3.5,1.5
27749,5.0,1.5
27759,4.0,1.5
27762,4.5,1.5
27783,3.0,1.5
27810,1.0,1.5
27819,4.0,1.5
27836,3.0,1.5
27846,1.0,1.5
27853,2.0,1.5
27854,3.5,1.5
27861,3.0,1.5
27867,3.0,1.5
27873,4.0,1.5
27884,4.0,1.5
27894,5.0,1.5
27897,5.0,1.5
27898,4.5,1.5
27899,3.0,1.5
27902,3.0,1.5
27905,3.0,1.5
27913,4.0,1.5
27921,1.0,1.5
27927,1.0,1.5
27937,4.0,1.5
27939,4.0,1.5
27942,4.5,1.5
27961,3.0,1.5
27962,4.0,1.5
27963,1.0,1.5
27990,3.0,1.5
28012,4.0,1.5
28023,3.0,1.5
28027,4.5,1.5
28043,3.5,1.5
28051,4.0,1.5
28055,5.0,1.5
28058,4.0,1.5
28065,3.0,1.5
28070,3.0,1.5
28092,3.0,1.5
28099,4.0,1.5
28104,3.0,1.5
28116,3.0,1.5
28123,5.0,1.5
28145,4.5,1.5
28163,4.0,1.5
28176,5.0,1.5
28194,2.0,1.5
28195,3.5,1.5
28203,4.0,1.5
28205,4.0,1.5
28215,3.5,1.5
28224,3.0,1.5
28234,3.0,1.5
28235,3.0,1.5
28239,4.0,1.5
28248,4.0,1.5
28283,4.5,1.5
28287,3.0,1.5
28292,4.0,1.5
28298,4.0,1.5
28312,5.0,1.5
28316,4.5,1.5
28326,5.0,1.5
28328,5.0,1.5
28333,4.0,1.5
28335,3.5,1.5
28340,4.0,1.5
28349,4.0,1.5
28359,3.0,1.5
28363,4.0,1.5
28370,5.0,1.5
28379,4.0,1.5
28383,4.5,1.5
28386,3.0,1.5
28398,5.0,1.5
28406,4.0,1.5
28427,4.5,1.5
28440,4.0,1.5
28443,4.0,1.5
28447,3.5,1.5
28449,5.0,1.5
28466,5.0,1.5
28513,3.5,1.5
28529,5.0,1.5
28538,3.5,1.5
28541,3.0,1.5
28556,3.0,1.5
28560,4.0,1.5
28564,4.0,1.5
28569,4.0,1.5
28598,3.0,1.5
28609,3.5,1.5
28611,4.0,1.5
28613,3.0,1.5
28616,5.0,1.5
28617,4.0,1.5
28618,3.0,1.5
28625,3.5,1.5
28629,4.0,1.5
28631,2.0,1.5
28634,4.0,1.5
28637,2.0,1.5
28645,5.0,1.5
28653,4.5,1.5
28657,4.0,1.5
28663,3.5,1.5
28673,5.0,1.5
28688,5.0,1.5
28696,3.5,1.5
28702,3.0,1.5
28709,1.0,1.5
28724,4.0,1.5
28744,2.5,1.5
28748,4.0,1.5
28749,0.5,1.5
28751,5.0,1.5
28758,4.0,1.5
28780,3.5,1.5
28782,4.0,1.5
28789,3.5,1.5
28792,3.0,1.5
28797,5.0,1.5
28799,3.0,1.5
28830,4.0,1.5
28831,5.0,1.5
28852,4.0,1.5
28856,4.0,1.5
28858,4.0,1.5
28866,5.0,1.5
28878,3.0,1.5
28896,5.0,1.5
28906,3.0,1.5
28910,5.0,1.5
28916,4.0,1.5
28920,3.0,1.5
28925,5.0,1.5
28933,4.5,1.5
28943,5.0,1.5
28947,3.0,1.5
28953,3.5,1.5
28954,3.0,1.5
28955,3.0,1.5
28956,4.0,1.5
28959,3.0,1.5
28960,2.5,1.5
28963,3.5,1.5
28966,5.0,1.5
28971,4.0,1.5
28982,4.0,1.5
28996,3.0,1.5
29015,5.0,1.5
29022,3.0,1.5
29035,4.0,1.5
29037,5.0,1.5
29040,4.0,1.5
29044,4.0,1.5
29056,5.0,1.5
29068,3.0,1.5
29069,4.0,1.5
29085,4.0,1.5
29087,4.0,1.5
29094,3.0,1.5
29107,4.0,1.5
29112,4.0,1.5
29117,3.5,1.5
29128,5.0,1.5
29146,5.0,1.5
29147,4.0,1.5
29155,4.5,1.5
29166,1.0,1.5
29176,5.0,1.5
29216,4.5,1.5
29217,4.0,1.5
29218,4.0,1.5
29250,5.0,1.5
29259,1.0,1.5
29261,4.0,1.5
29270,4.0,1.5
29290,4.0,1.5
29310,5.0,1.5
29317,4.5,1.5
29323,3.0,1.5
29334,1.5,1.5
29343,3.5,1.5
29363,2.0,1.5
29373,3.0,1.5
29398,4.0,1.5
29412,3.0,1.5
29414,4.0,1.5
29417,4.0,1.5
29418,4.0,1.5
29420,3.5,1.5
29443,2.0,1.5
29449,4.0,1.5
29458,3.0,1.5
29472,4.0,1.5
29476,3.5,1.5
29478,3.5,1.5
29485,5.0,1.5
29486,3.0,1.5
29490,5.0,1.5
29492,3.0,1.5
29499,5.0,1.5
29515,4.0,1.5
29516,2.0,1.5
29521,4.0,1.5
29531,5.0,1.5
29532,4.0,1.5
29541,3.0,1.5
29543,3.0,1.5
29546,1.0,1.5
29549,3.0,1.5
29555,3.0,1.5
29556,1.0,1.5
29575,3.0,1.5
29586,3.0,1.5
29598,3.0,1.5
29603,3.0,1.5
29616,4.5,1.5
29630,1.0,1.5
29632,4.0,1.5
29634,3.0,1.5
29637,4.0,1.5
29641,5.0,1.5
29657,5.0,1.5
29665,4.0,1.5
29669,3.0,1.5
29673,4.0,1.5
29681,4.0,1.5
29687,5.0,1.5
29695,4.0,1.5
29696,2.0,1.5
29710,5.0,1.5
29721,4.0,1.5
29726,2.0,1.5
29730,4.0,1.5
29738,4.0,1.5
29745,3.0,1.5
29764,4.0,1.5
29776,4.5,1.5
29797,2.0,1.5
29806,3.0,1.5
29809,2.0,1.5
29810,3.0,1.5
29819,4.0,1.5
29841,3.5,1.5
29850,2.0,1.5
29851,3.0,1.5
29853,5.0,1.5
29861,2.5,1.5
29862,3.5,1.5
29876,3.0,1.5
29890,3.5,1.5
29895,4.0,1.5
29925,3.5,1.5
29929,3.5,1.5
29931,4.0,1.5
29934,3.0,1.5
29940,4.0,1.5
29968,4.0,1.5
29973,4.0,1.5
29974,4.0,1.5
30000,5.0,1.5
30003,4.0,1.5
30011,4.0,1.5
30017,3.0,1.5
30018,2.0,1.5
30031,3.0,1.5
30046,3.0,1.5
30054,5.0,1.5
30062,4.0,1.5
30071,3.0,1.5
30082,4.0,1.5
30095,4.0,1.5
30113,3.0,1.5
30119,5.0,1.5
30137,2.0,1.5
30140,2.5,1.5
30144,4.0,1.5
30146,4.0,1.5
30149,3.5,1.5
30153,4.5,1.5
30154,4.0,1.5
30162,4.0,1.5
30166,3.5,1.5
30183,3.0,1.5
30184,5.0,1.5
30208,4.0,1.5
30220,2.0,1.5
30223,5.0,1.5
30227,4.0,1.5
30249,5.0,1.5
30257,3.0,1.5
30259,3.0,1.5
30283,3.5,1.5
30310,3.0,1.5
30311,4.0,1.5
30314,5.0,1.5
30317,5.0,1.5
30324,4.0,1.5
30329,4.0,1.5
30333,5.0,1.5
30334,5.0,1.5
30336,3.5,1.5
30344,4.0,1.5
30351,3.0,1.5
30364,4.0,1.5
30379,5.0,1.5
30380,4.0,1.5
30387,1.0,1.5
30392,3.0,1.5
30395,4.0,1.5
30397,4.0,1.5
30402,4.0,1.5
30405,5.0,1.5
30411,4.0,1.5
30415,3.0,1.5
30430,4.0,1.5
30469,3.0,1.5
30472,4.0,1.5
30480,5.0,1.5
30481,4.0,1.5
30485,5.0,1.5
30497,2.0,1.5
30507,3.0,1.5
30508,3.5,1.5
30509,5.0,1.5
30510,5.0,1.5
30515,3.0,1.5
30519,1.5,1.5
30522,4.0,1.5
30525,5.0,1.5
30534,3.0,1.5
30535,2.0,1.5
30537,4.5,1.5
30567,4.0,1.5
30568,5.0,1.5
30590,5.0,1.5
30601,3.0,1.5
30603,4.0,1.5
30606,3.0,1.5
30614,2.5,1.5
30624,4.0,1.5
30625,3.5,1.5
30628,4.0,1.5
30653,5.0,1.5
30663,3.0,1.5
30664,4.0,1.5
30666,4.0,1.5
30690,5.0,1.5
30691,3.5,1.5
30696,3.0,1.5
30698,4.0,1.5
30701,4.0,1.5
30707,2.0,1.5
30727,5.0,1.5
30736,3.0,1.5
30745,4.0,1.5
30746,4.0,1.5
30754,0.5,1.5
30755,4.0,1.5
30762,4.0,1.5
30780,3.0,1.5
30798,3.0,1.5
30799,4.5,1.5
30801,5.0,1.5
30808,3.0,1.5
30815,3.0,1.5
30825,5.0,1.5
30854,3.0,1.5
30857,2.0,1.5
30859,3.0,1.5
30862,4.0,1.5
30870,4.0,1.5
30875,3.0,1.5
30891,2.0,1.5
30898,4.0,1.5
30905,3.5,1.5
30914,3.0,1.5
30921,4.0,1.5
30923,5.0,1.5
30925,5.0,1.5
30942,3.0,1.5
30958,5.0,1.5
30959,3.0,1.5
30960,4.0,1.5
30971,0.5,1.5
30972,4.0,1.5
30976,4.0,1.5
30980,3.5,1.5
30984,3.0,1.5
31009,2.0,1.5
31022,4.5,1.5
31035,3.0,1.5
31036,4.0,1.5
31092,4.0,1.5
31098,2.0,1.5
31122,4.0,1.5
31137,3.0,1.5
31158,4.0,1.5
31159,4.0,1.5
31162,4.0,1.5
31197,5.0,1.5
31201,4.0,1.5
31207,4.0,1.5
31217,3.5,1.5
31244,4.0,1.5
31248,3.0,1.5
31252,4.0,1.5
31257,5.0,1.5
31266,5.0,1.5
31273,4.0,1.5
31278,3.0,1.5
31284,5.0,1.5
31288,3.0,1.5
31303,3.0,1.5
31315,4.0,1.5
31323,3.5,1.5
31328,4.0,1.5
31330,5.0,1.5
31335,5.0,1.5
31339,3.0,1.5
31352,3.0,1.5
31370,3.0,1.5
31375,3.0,1.5
31378,3.0,1.5
31386,3.5,1.5
31397,3.0,1.5
31404,4.0,1.5
31406,4.0,1.5
31424,5.0,1.5
31435,4.0,1.5
31438,3.0,1.5
31441,5.0,1.5
31449,3.5,1.5
31469,3.0,1.5
31478,3.0,1.5
31479,5.0,1.5
31489,5.0,1.5
31490,4.5,1.5
31497,1.0,1.5
31503,5.0,1.5
31535,4.0,1.5
31550,4.0,1.5
31553,4.0,1.5
31566,3.0,1.5
31571,3.0,1.5
31574,4.0,1.5
31579,5.0,1.5
31580,1.5,1.5
31602,4.0,1.5
31616,3.0,1.5
31623,4.0,1.5
31647,4.5,1.5
31653,5.0,1.5
31656,4.0,1.5
31659,5.0,1.5
31660,2.5,1.5
31664,5.0,1.5
31668,3.0,1.5
31671,4.0,1.5
31678,4.0,1.5
31681,5.0,1.5
31692,3.0,1.5
31703,3.0,1.5
31715,3.0,1.5
31717,4.0,1.5
31726,3.0,1.5
31728,3.0,1.5
31730,3.0,1.5
31736,3.0,1.5
31737,5.0,1.5
31749,3.0,1.5
31751,4.0,1.5
31753,4.0,1.5
31764,1.0,1.5
31768,2.0,1.5
31775,4.0,1.5
31793,2.0,1.5
31802,4.0,1.5
31804,4.0,1.5
31811,4.0,1.5
31822,4.0,1.5
31838,5.0,1.5
31843,5.0,1.5
31846,4.0,1.5
31850,4.0,1.5
31859,4.0,1.5
31867,4.0,1.5
31877,4.0,1.5
31888,5.0,1.5
31891,4.0,1.5
31898,4.0,1.5
31901,1.0,1.5
31910,5.0,1.5
31912,3.0,1.5
31913,4.0,1.5
31932,4.0,1.5
31940,3.0,1.5
31941,4.0,1.5
31964,4.5,1.5
31965,5.0,1.5
31971,3.0,1.5
31976,4.0,1.5
31988,4.5,1.5
31994,4.0,1.5
32004,4.0,1.5
32018,5.0,1.5
32033,4.0,1.5
32062,5.0,1.5
32069,4.0,1.5
32082,5.0,1.5
32089,2.5,1.5
32091,4.5,1.5
32094,3.0,1.5
32111,3.0,1.5
32113,2.0,1.5
32160,1.0,1.5
32161,3.5,1.5
32162,3.5,1.5
32167,4.0,1.5
32169,3.0,1.5
32171,5.0,1.5
32182,4.0,1.5
32185,4.5,1.5
32189,4.0,1.5
32192,4.0,1.5
32195,3.0,1.5
32210,3.0,1.5
32211,5.0,1.5
32212,4.0,1.5
32224,4.0,1.5
32228,3.0,1.5
32233,2.0,1.5
32243,3.0,1.5
32249,4.0,1.5
32255,4.5,1.5
32287,4.0,1.5
32299,3.0,1.5
32306,4.0,1.5
32321,3.5,1.5
32329,5.0,1.5
32339,2.0,1.5
32341,4.0,1.5
32342,3.0,1.5
32344,3.5,1.5
32346,3.0,1.5
32364,4.0,1.5
32365,3.5,1.5
32390,4.0,1.5
32419,3.0,1.5
32433,3.0,1.5
32454,3.0,1.5
32500,4.0,1.5
32508,4.0,1.5
32509,5.0,1.5
32514,4.0,1.5
32517,3.0,1.5
32525,5.0,1.5
32553,4.0,1.5
32582,5.0,1.5
32590,3.0,1.5
32603,3.0,1.5
32615,4.0,1.5
32622,5.0,1.5
32638,3.0,1.5
32640,3.0,1.5
32654,4.0,1.5
32662,2.5,1.5
32665,2.0,1.5
32674,3.0,1.5
32675,3.0,1.5
32696,4.0,1.5
32717,4.0,1.5
32719,4.0,1.5
32726,3.0,1.5
32730,4.0,1.5
32744,5.0,1.5
32768,5.0,1.5
32770,4.0,1.5
32776,5.0,1.5
32779,4.0,1.5
32795,3.0,1.5
32797,4.5,1.5
32806,3.5,1.5
32824,4.0,1.5
32835,5.0,1.5
32837,4.0,1.5
32840,3.0,1.5
32844,5.0,1.5
32855,3.0,1.5
32861,3.0,1.5
32864,5.0,1.5
32868,5.0,1.5
32892,3.0,1.5
32894,3.0,1.5
32896,4.5,1.5
32905,4.0,1.5
32919,4.0,1.5
32920,4.0,1.5
32923,4.0,1.5
32925,5.0,1.5
32934,2.0,1.5
32935,3.5,1.5
32937,4.0,1.5
32965,4.0,1.5
32974,3.0,1.5
32980,5.0,1.5
32983,5.0,1.5
32988,2.0,1.5
33000,4.0,1.5
33010,5.0,1.5
33014,3.5,1.5
33038,3.0,1.5
33039,4.0,1.5
33040,5.0,1.5
33052,4.0,1.5
33063,5.0,1.5
33074,4.0,1.5
33076,4.0,1.5
33082,2.0,1.5
33113,2.0,1.5
33127,4.0,1.5
33128,4.0,1.5
33134,2.0,1.5
33170,4.0,1.5
33183,1.0,1.5
33189,5.0,1.5
33191,3.0,1.5
33221,3.0,1.5
33225,5.0,1.5
33235,2.0,1.5
33251,0.5,1.5
33253,5.0,1.5
33260,4.0,1.5
33272,4.0,1.5
33281,3.5,1.5
33288,2.5,1.5
33293,4.0,1.5
33309,3.0,1.5
33319,3.0,1.5
33322,4.0,1.5
33342,3.0,1.5
33344,4.0,1.5
33346,3.0,1.5
33348,4.0,1.5
33349,5.0,1.5
33351,3.0,1.5
33353,5.0,1.5
33357,3.0,1.5
33363,4.5,1.5
33364,3.0,1.5
33365,4.0,1.5
33371,5.0,1.5
33375,2.0,1.5
33377,2.0,1.5
33378,2.5,1.5
33384,4.0,1.5
33387,3.0,1.5
33394,3.0,1.5
33402,5.0,1.5
33404,4.5,1.5
33414,5.0,1.5
33429,5.0,1.5
33443,4.0,1.5
33446,5.0,1.5
33455,2.0,1.5
33478,4.5,1.5
33483,3.5,1.5
33489,3.5,1.5
33495,4.0,1.5
33502,3.0,1.5
33507,4.0,1.5
33510,5.0,1.5
33561,3.5,1.5
33572,3.0,1.5
33579,3.0,1.5
33581,3.0,1.5
33584,2.0,1.5
33585,2.0,1.5
33587,4.0,1.5
33603,4.0,1.5
33608,4.0,1.5
33609,1.0,1.5
33623,5.0,1.5
33634,0.5,1.5
33636,5.0,1.5
33646,4.5,1.5
33648,1.0,1.5
33679,4.0,1.5
33680,5.0,1.5
33700,5.0,1.5
33724,4.5,1.5
33734,4.0,1.5
33736,3.0,1.5
33738,5.0,1.5
33755,4.0,1.5
33761,2.0,1.5
33767,5.0,1.5
33768,4.0,1.5
33771,4.5,1.5
33777,3.0,1.5
33792,4.0,1.5
33800,5.0,1.5
33818,5.0,1.5
33830,3.0,1.5
33833,4.0,1.5
33837,3.0,1.5
33839,5.0,1.5
33854,3.5,1.5
33857,4.0,1.5
33861,4.0,1.5
33862,3.0,1.5
33863,4.0,1.5
33876,3.0,1.5
33879,3.5,1.5
33892,3.0,1.5
33901,5.0,1.5
33911,4.0,1.5
33928,4.0,1.5
33933,3.0,1.5
33936,3.5,1.5
33939,3.0,1.5
33955,5.0,1.5
33970,4.0,1.5
33974,4.0,1.5
33976,5.0,1.5
33981,3.5,1.5
33985,3.0,1.5
33999,4.0,1.5
34007,4.0,1.5
34024,3.0,1.5
34025,5.0,1.5
34027,3.0,1.5
34040,4.0,1.5
34041,3.0,1.5
34052,5.0,1.5
34058,5.0,1.5
34069,4.0,1.5
34080,4.0,1.5
34100,1.0,1.5
34103,3.0,1.5
34127,3.5,1.5
34129,4.0,1.5
34140,4.5,1.5
34143,2.0,1.5
34146,4.0,1.5
34151,2.5,1.5
34153,3.5,1.5
34161,4.0,1.5
34173,5.0,1.5
34179,3.0,1.5
34180,3.0,1.5
34185,5.0,1.5
34187,5.0,1.5
34201,4.0,1.5
34214,5.0,1.5
34218,4.0,1.5
34220,3.0,1.5
34240,4.0,1.5
34266,4.0,1.5
34268,4.0,1.5
34295,5.0,1.5
34307,3.0,1.5
34332,5.0,1.5
34333,4.0,1.5
34344,4.0,1.5
34350,3.5,1.5
34357,4.0,1.5
34362,4.0,1.5
34368,3.0,1.5
34382,4.0,1.5
34385,4.0,1.5
34395,3.5,1.5
34398,4.5,1.5
34403,4.0,1.5
34409,4.0,1.5
34418,4.0,1.5
34419,4.0,1.5
34426,2.0,1.5
34429,3.0,1.5
34436,4.0,1.5
34437,4.0,1.5
34440,5.0,1.5
34456,1.0,1.5
34460,2.0,1.5
34464,4.0,1.5
34468,3.0,1.5
34470,1.5,1.5
34473,4.0,1.5
34485,4.5,1.5
34489,4.0,1.5
34494,2.5,1.5
34504,4.0,1.5
34511,3.0,1.5
34515,4.0,1.5
34529,3.0,1.5
34544,4.0,1.5
34564,3.0,1.5
34575,5.0,1.5
34576,3.5,1.5
34577,3.0,1.5
34586,4.0,1.5
34587,4.0,1.5
34609,4.5,1.5
34612,3.0,1.5
34616,3.0,1.5
34620,5.0,1.5
34632,4.5,1.5
34637,3.0,1.5
34650,4.0,1.5
34651,5.0,1.5
34663,5.0,1.5
34674,4.0,1.5
34678,3.5,1.5
34685,3.0,1.5
34686,3.0,1.5
34702,5.0,1.5
34704,4.0,1.5
34717,2.5,1.5
34729,3.5,1.5
34738,4.0,1.5
34743,4.5,1.5
34758,4.0,1.5
34767,0.5,1.5
34778,4.5,1.5
34785,2.0,1.5
34809,3.0,1.5
34817,3.0,1.5
34829,4.0,1.5
34830,3.0,1.5
34831,3.5,1.5
34842,3.0,1.5
34844,3.0,1.5
34848,5.0,1.5
34853,3.5,1.5
34899,4.0,1.5
34909,5.0,1.5
34916,3.0,1.5
34918,3.0,1.5
34954,4.5,1.5
34961,3.0,1.5
34971,4.5,1.5
34972,3.0,1.5
34995,4.0,1.5
34999,4.0,1.5
35004,3.0,1.5
35011,4.0,1.5
35012,4.0,1.5
35022,3.0,1.5
35023,4.0,1.5
35037,3.0,1.5
35038,1.0,1.5
35059,4.0,1.5
35062,4.0,1.5
35063,4.0,1.5
35064,4.0,1.5
35076,5.0,1.5
35094,3.0,1.5
35098,2.0,1.5
35111,4.0,1.5
35112,4.0,1.5
35115,3.0,1.5
35128,5.0,1.5
35133,1.0,1.5
35137,4.5,1.5
35158,4.5,1.5
35165,3.0,1.5
35166,3.0,1.5
35172,4.0,1.5
35179,4.0,1.5
35189,5.0,1.5
35190,3.0,1.5
35205,5.0,1.5
35226,4.0,1.5
35227,2.0,1.5
35236,2.5,1.5
35240,4.0,1.5
35251,4.0,1.5
35254,4.0,1.5
35257,2.0,1.5
35259,4.0,1.5
35265,3.0,1.5
35272,4.5,1.5
35282,5.0,1.5
35283,4.0,1.5
35285,4.0,1.5
35292,4.0,1.5
35307,5.0,1.5
35310,4.0,1.5
35312,4.0,1.5
35316,3.5,1.5
35320,5.0,1.5
35343,3.0,1.5
35352,4.0,1.5
35364,3.5,1.5
35392,4.0,1.5
35410,5.0,1.5
35424,3.0,1.5
35425,5.0,1.5
35431,4.0,1.5
35434,3.0,1.5
35440,5.0,1.5
35449,5.0,1.5
35452,4.0,1.5
35460,3.0,1.5
35465,1.0,1.5
35469,0.5,1.5
35494,4.0,1.5
35498,4.0,1.5
35510,2.5,1.5
35511,3.0,1.5
35519,3.5,1.5
35533,4.0,1.5
35573,4.0,1.5
35576,5.0,1.5
35577,1.0,1.5
35579,2.5,1.5
35608,4.0,1.5
35615,4.0,1.5
35625,4.0,1.5
35626,3.0,1.5
35667,4.0,1.5
35702,3.0,1.5
35705,3.0,1.5
35710,5.0,1.5
35724,4.0,1.5
35727,3.0,1.5
35735,4.0,1.5
35745,5.0,1.5
35748,3.0,1.5
35755,4.0,1.5
35761,4.0,1.5
35762,4.5,1.5
35770,3.0,1.5
35780,4.0,1.5
35813,3.0,1.5
35817,4.0,1.5
35821,4.0,1.5
35824,5.0,1.5
35833,5.0,1.5
35834,4.0,1.5
35848,5.0,1.5
35849,3.0,1.5
35876,3.0,1.5
35877,5.0,1.5
35921,1.0,1.5
35927,4.0,1.5
35930,3.0,1.5
35936,4.0,1.5
35937,5.0,1.5
35939,3.0,1.5
35945,4.0,1.5
35950,5.0,1.5
35965,3.0,1.5
35971,2.0,1.5
35973,4.5,1.5
35974,3.0,1.5
35979,5.0,1.5
35997,0.5,1.5
36000,3.0,1.5
36003,4.0,1.5
36016,3.0,1.5
36017,4.0,1.5
36019,3.0,1.5
36023,4.0,1.5
36043,4.0,1.5
36049,4.0,1.5
36065,4.0,1.5
36071,3.5,1.5
36093,2.0,1.5
36099,2.5,1.5
36116,4.0,1.5
36124,4.0,1.5
36153,4.0,1.5
36166,4.5,1.5
36188,3.0,1.5
36200,4.0,1.5
36217,4.0,1.5
36225,4.0,1.5
36226,3.0,1.5
36233,4.0,1.5
36235,1.0,1.5
36237,4.0,1.5
36255,4.5,1.5
36257,4.0,1.5
36258,4.5,1.5
36259,5.0,1.5
36263,5.0,1.5
36266,3.5,1.5
36268,4.0,1.5
36279,5.0,1.5
36290,3.0,1.5
36291,4.0,1.5
36294,5.0,1.5
36295,4.0,1.5
36305,4.0,1.5
36308,3.5,1.5
36312,4.5,1.5
36354,4.0,1.5
36391,4.0,1.5
36392,4.0,1.5
36393,4.0,1.5
36408,5.0,1.5
36432,4.0,1.5
36437,4.0,1.5
36440,5.0,1.5
36449,2.0,1.5
36451,4.0,1.5
36460,5.0,1.5
36464,4.0,1.5
36479,5.0,1.5
36488,4.0,1.5
36491,5.0,1.5
36499,3.0,1.5
36507,4.0,1.5
36513,2.0,1.5
36524,3.0,1.5
36526,4.0,1.5
36544,4.5,1.5
36546,5.0,1.5
36550,4.0,1.5
36565,3.0,1.5
36587,4.0,1.5
36606,2.5,1.5
36612,4.0,1.5
36641,4.5,1.5
36644,3.0,1.5
36660,3.0,1.5
36678,4.0,1.5
36681,4.0,1.5
36687,4.0,1.5
36708,3.0,1.5
36715,5.0,1.5
36723,3.0,1.5
36734,3.0,1.5
36743,5.0,1.5
36745,3.0,1.5
36763,4.5,1.5
36776,3.0,1.5
36804,5.0,1.5
36819,3.0,1.5
36820,4.0,1.5
36821,5.0,1.5
36856,4.0,1.5
36862,3.0,1.5
36865,4.0,1.5
36871,4.0,1.5
36880,4.0,1.5
36884,4.5,1.5
36891,4.0,1.5
36913,4.0,1.5
36923,3.0,1.5
36926,3.5,1.5
36943,3.0,1.5
36957,4.0,1.5
36966,4.0,1.5
36983,5.0,1.5
36985,5.0,1.5
36987,3.0,1.5
36997,4.0,1.5
36999,4.0,1.5
37010,3.0,1.5
37013,2.0,1.5
37016,4.5,1.5
37018,3.0,1.5
37022,5.0,1.5
37025,5.0,1.5
37042,4.5,1.5
37045,4.0,1.5
37048,4.0,1.5
37049,5.0,1.5
37069,4.0,1.5
37072,4.0,1.5
37083,4.0,1.5
37117,4.5,1.5
37136,4.5,1.5
37152,4.0,1.5
37162,5.0,1.5
37177,3.0,1.5
37180,4.0,1.5
37191,3.0,1.5
37207,3.0,1.5
37210,4.0,1.5
37217,2.0,1.5
37222,2.0,1.5
37229,3.0,1.5
37237,5.0,1.5
37250,4.5,1.5
37252,3.0,1.5
37253,0.5,1.5
37255,3.0,1.5
37264,4.0,1.5
37265,5.0,1.5
37274,4.0,1.5
37295,5.0,1.5
37301,3.0,1.5
37302,4.0,1.5
37311,5.0,1.5
37317,4.0,1.5
37319,2.0,1.5
37327,3.0,1.5
37329,4.0,1.5
37331,5.0,1.5
37333,3.5,1.5
37351,5.0,1.5
37360,4.5,1.5
37361,4.0,1.5
37391,4.0,1.5
37404,5.0,1.5
37410,5.0,1.5
37418,2.0,1.5
37422,4.0,1.5
37423,4.0,1.5
37427,4.0,1.5
37429,5.0,1.5
37447,5.0,1.5
37454,3.0,1.5
37474,3.0,1.5
37479,4.0,1.5
37509,4.0,1.5
37518,4.0,1.5
37519,5.0,1.5
37526,3.5,1.5
37530,4.0,1.5
37532,4.0,1.5
37544,2.0,1.5
37555,5.0,1.5
37557,3.0,1.5
37560,3.0,1.5
37574,2.0,1.5
37577,3.5,1.5
37579,5.0,1.5
37580,4.0,1.5
37592,3.0,1.5
37595,3.0,1.5
37596,3.0,1.5
37611,4.0,1.5
37616,4.0,1.5
37618,3.0,1.5
37622,4.5,1.5
37623,4.0,1.5
37624,4.0,1.5
37629,4.0,1.5
37644,3.0,1.5
37673,5.0,1.5
37676,4.0,1.5
37680,4.0,1.5
37688,3.0,1.5
37690,2.5,1.5
37698,4.0,1.5
37700,4.0,1.5
37707,3.0,1.5
37754,4.5,1.5
37764,4.0,1.5
37769,5.0,1.5
37804,4.0,1.5
37812,3.0,1.5
37814,4.0,1.5
37819,3.0,1.5
37820,3.0,1.5
37823,4.0,1.5
37825,3.0,1.5
37827,4.0,1.5
37829,5.0,1.5
37837,5.0,1.5
37842,3.5,1.5
37845,3.5,1.5
37848,3.0,1.5
37857,3.5,1.5
37864,5.0,1.5
37868,4.0,1.5
37869,4.0,1.5
37879,3.0,1.5
37890,3.5,1.5
37891,4.0,1.5
37906,3.0,1.5
37907,4.0,1.5
37914,5.0,1.5
37919,3.0,1.5
37928,4.0,1.5
37945,3.0,1.5
37948,4.0,1.5
37962,5.0,1.5
37969,4.0,1.5
37990,3.0,1.5
37991,4.0,1.5
38036,2.0,1.5
38046,5.0,1.5
38051,4.0,1.5
38093,1.5,1.5
38113,4.0,1.5
38134,5.0,1.5
38139,2.5,1.5
38148,3.0,1.5
38152,3.0,1.5
38156,4.5,1.5
38160,3.5,1.5
38169,3.0,1.5
38170,3.5,1.5
38172,2.0,1.5
38179,5.0,1.5
38196,3.0,1.5
38202,4.0,1.5
38214,2.0,1.5
38221,4.0,1.5
38229,3.0,1.5
38231,4.0,1.5
38232,5.0,1.5
38239,4.0,1.5
38243,5.0,1.5
38244,3.0,1.5
38251,3.0,1.5
38265,1.0,1.5
38281,4.0,1.5
38294,4.5,1.5
38302,4.5,1.5
38314,2.0,1.5
38335,4.5,1.5
38346,5.0,1.5
38348,1.0,1.5
38349,5.0,1.5
38355,4.0,1.5
38357,3.5,1.5
38360,3.0,1.5
38367,4.0,1.5
38373,5.0,1.5
38381,4.5,1.5
38386,3.5,1.5
38393,4.0,1.5
38406,4.0,1.5
38409,3.0,1.5
38413,5.0,1.5
38425,1.0,1.5
38429,3.0,1.5
38435,4.0,1.5
38451,5.0,1.5
38459,4.5,1.5
38468,3.0,1.5
38485,4.0,1.5
38486,5.0,1.5
38492,2.5,1.5
38495,4.0,1.5
38505,3.0,1.5
38512,4.0,1.5
38523,4.0,1.5
38538,4.0,1.5
38539,3.0,1.5
38542,3.0,1.5
38552,3.5,1.5
38562,4.0,1.5
38602,5.0,1.5
38605,4.0,1.5
38610,4.0,1.5
38612,4.0,1.5
38619,3.0,1.5
38621,3.0,1.5
38639,1.0,1.5
38644,2.0,1.5
38647,3.0,1.5
38655,4.5,1.5
38656,5.0,1.5
38669,4.5,1.5
38710,4.0,1.5
38714,3.5,1.5
38719,4.5,1.5
38724,5.0,1.5
38733,2.0,1.5
38741,3.5,1.5
38742,3.0,1.5
38756,4.0,1.5
38758,4.0,1.5
38765,5.0,1.5
38792,1.0,1.5
38795,3.0,1.5
38798,4.5,1.5
38805,4.0,1.5
38808,3.0,1.5
38818,5.0,1.5
38819,4.0,1.5
38820,3.5,1.5
38829,2.0,1.5
38835,4.0,1.5
38836,3.5,1.5
38847,3.0,1.5
38848,3.0,1.5
38854,4.5,1.5
38870,3.0,1.5
38880,5.0,1.5
38890,4.0,1.5
38895,3.0,1.5
38899,4.0,1.5
38906,3.0,1.5
38913,5.0,1.5
38916,3.0,1.5
38917,2.5,1.5
38932,5.0,1.5
38935,3.5,1.5
38947,4.0,1.5
38956,5.0,1.5
38958,3.5,1.5
38961,3.0,1.5
38964,4.0,1.5
38965,5.0,1.5
38982,5.0,1.5
38988,4.0,1.5
38990,5.0,1.5
38991,2.5,1.5
38994,3.5,1.5
39002,3.0,1.5
39006,5.0,1.5
39030,4.0,1.5
39037,3.0,1.5
39047,4.0,1.5
39048,4.0,1.5
39051,5.0,1.5
39060,5.0,1.5
39069,5.0,1.5
39089,3.0,1.5
39090,0.5,1.5
39107,4.0,1.5
39110,4.0,1.5
39128,1.0,1.5
39144,3.0,1.5
39154,4.0,1.5
39165,4.0,1.5
39178,3.0,1.5
39180,3.0,1.5
39181,5.0,1.5
39186,3.5,1.5
39191,4.0,1.5
39195,4.0,1.5
39198,5.0,1.5
39214,5.0,1.5
39243,4.0,1.5
39249,5.0,1.5
39256,5.0,1.5
39271,5.0,1.5
39273,1.0,1.5
39288,3.0,1.5
39291,3.0,1.5
39346,2.5,1.5
39357,3.0,1.5
39374,4.0,1.5
39380,4.0,1.5
39382,2.5,1.5
39383,1.0,1.5
39384,3.0,1.5
39392,4.0,1.5
39395,2.0,1.5
39397,4.0,1.5
39402,3.0,1.5
39411,4.0,1.5
39421,1.0,1.5
39424,3.0,1.5
39430,3.0,1.5
39431,3.0,1.5
39435,4.0,1.5
39443,2.0,1.5
39451,2.5,1.5
39454,4.0,1.5
39499,3.0,1.5
39501,3.0,1.5
39510,4.0,1.5
39514,4.0,1.5
39527,3.0,1.5
39536,5.0,1.5
39553,3.0,1.5
39573,4.0,1.5
39579,4.0,1.5
39582,4.5,1.5
39583,5.0,1.5
39586,3.0,1.5
39593,3.0,1.5
39612,4.0,1.5
39619,4.0,1.5
39639,3.0,1.5
39640,3.0,1.5
39647,4.5,1.5
39651,3.0,1.5
39671,4.0,1.5
39685,4.0,1.5
39690,3.0,1.5
39692,4.0,1.5
39704,4.0,1.5
39721,2.0,1.5
39735,2.0,1.5
39744,4.0,1.5
39749,3.0,1.5
39750,4.0,1.5
39772,2.0,1.5
39774,3.0,1.5
39778,4.0,1.5
39779,4.0,1.5
39782,4.0,1.5
39794,4.0,1.5
39809,4.0,1.5
39814,3.0,1.5
39830,3.0,1.5
39836,3.5,1.5
39837,4.0,1.5
39855,3.0,1.5
39880,5.0,1.5
39904,5.0,1.5
39920,3.0,1.5
39928,4.0,1.5
39937,2.5,1.5
39959,2.5,1.5
39965,5.0,1.5
39968,4.5,1.5
39974,5.0,1.5
39983,5.0,1.5
39988,3.0,1.5
39995,4.0,1.5
40004,5.0,1.5
40008,3.5,1.5
40010,3.0,1.5
40012,4.5,1.5
40013,4.0,1.5
40021,4.0,1.5
40030,3.0,1.5
40045,3.0,1.5
40050,4.0,1.5
40055,4.0,1.5
40058,2.0,1.5
40061,4.0,1.5
40064,4.0,1.5
40070,4.0,1.5
40082,3.0,1.5
40086,4.0,1.5
40093,3.5,1.5
40117,4.0,1.5
40122,4.5,1.5
40123,4.0,1.5
40126,4.0,1.5
40135,4.0,1.5
40143,5.0,1.5
40144,4.0,1.5
40156,2.0,1.5
40167,3.0,1.5
40184,5.0,1.5
40194,3.5,1.5
40196,4.0,1.5
40206,3.0,1.5
40214,4.0,1.5
40218,4.0,1.5
40237,3.5,1.5
40245,5.0,1.5
40261,3.0,1.5
40284,4.0,1.5
40285,2.0,1.5
40293,5.0,1.5
40308,4.0,1.5
40359,3.0,1.5
40373,5.0,1.5
40378,3.0,1.5
40393,4.5,1.5
40429,4.0,1.5
40448,4.0,1.5
40456,4.0,1.5
40467,5.0,1.5
40469,4.0,1.5
40483,2.0,1.5
40484,4.0,1.5
40521,3.5,1.5
40522,4.0,1.5
40527,4.5,1.5
40536,3.0,1.5
40544,3.5,1.5
40549,4.0,1.5
40571,5.0,1.5
40614,3.0,1.5
40616,3.0,1.5
40617,5.0,1.5
40618,4.0,1.5
40625,4.0,1.5
40647,3.0,1.5
40666,2.0,1.5
40669,3.0,1.5
40674,3.0,1.5
40687,3.5,1.5
40711,2.0,1.5
40727,4.0,1.5
40741,5.0,1.5
40744,3.0,1.5
40749,3.0,1.5
40775,5.0,1.5
40792,5.0,1.5
40814,3.0,1.5
40821,1.0,1.5
40827,3.0,1.5
40835,5.0,1.5
40874,3.5,1.5
40879,4.5,1.5
40881,3.0,1.5
40895,5.0,1.5
40896,5.0,1.5
40913,4.0,1.5
40923,3.0,1.5
40927,4.0,1.5
40929,5.0,1.5
40938,4.0,1.5
40960,4.0,1.5
40963,3.0,1.5
40966,3.0,1.5
40967,3.0,1.5
40968,3.5,1.5
40992,3.5,1.5
40999,3.0,1.5
41005,3.0,1.5
41009,3.0,1.5
41014,5.0,1.5
41020,1.5,1.5
41035,3.0,1.5
41037,3.0,1.5
41062,3.5,1.5
41079,4.0,1.5
41085,3.5,1.5
41096,4.0,1.5
41098,1.0,1.5
41110,4.0,1.5
41111,4.0,1.5
41123,4.0,1.5
41124,1.0,1.5
41132,3.0,1.5
41140,3.0,1.5
41163,4.5,1.5
41176,3.0,1.5
41178,5.0,1.5
41194,4.5,1.5
41197,1.0,1.5
41200,4.0,1.5
41201,4.0,1.5
41206,4.0,1.5
41247,4.0,1.5
41253,4.5,1.5
41262,3.0,1.5
41265,4.0,1.5
41267,3.0,1.5
41276,4.0,1.5
41283,4.5,1.5
41284,1.0,1.5
41288,0.5,1.5
41301,3.0,1.5
41325,5.0,1.5
41328,5.0,1.5
41345,1.0,1.5
41346,5.0,1.5
41355,4.0,1.5
41363,4.0,1.5
41372,4.5,1.5
41374,4.0,1.5
41384,3.0,1.5
41389,4.0,1.5
41391,4.0,1.5
41393,2.0,1.5
41404,1.0,1.5
41418,5.0,1.5
41436,3.0,1.5
41444,4.0,1.5
41449,3.0,1.5
41454,4.0,1.5
41457,3.0,1.5
41459,2.0,1.5
41466,3.5,1.5
41468,5.0,1.5
41473,4.0,1.5
41477,5.0,1.5
41478,5.0,1.5
41482,4.0,1.5
41484,4.0,1.5
41486,4.0,1.5
41487,4.0,1.5
41496,4.5,1.5
41517,4.0,1.5
41527,5.0,1.5
41532,3.5,1.5
41582,3.0,1.5
41597,4.0,1.5
41605,4.0,1.5
41607,4.0,1.5
41612,5.0,1.5
41613,5.0,1.5
41628,3.0,1.5
41633,4.0,1.5
41638,4.0,1.5
41668,3.0,1.5
41671,4.0,1.5
41706,4.0,1.5
41714,4.0,1.5
41721,2.5,1.5
41722,2.0,1.5
41727,3.0,1.5
41746,4.0,1.5
41747,3.0,1.5
41749,3.5,1.5
41758,5.0,1.5
41766,1.0,1.5
41770,3.0,1.5
41778,5.0,1.5
41818,4.0,1.5
41821,4.0,1.5
41829,4.0,1.5
41838,3.0,1.5
41840,5.0,1.5
41848,5.0,1.5
41861,3.0,1.5
41864,4.0,1.5
41865,4.0,1.5
41870,1.5,1.5
41871,5.0,1.5
41872,1.0,1.5
41880,5.0,1.5
41882,3.0,1.5
41883,4.0,1.5
41891,4.0,1.5
41897,3.0,1.5
41909,4.5,1.5
41925,5.0,1.5
41929,3.5,1.5
41932,4.0,1.5
41943,3.5,1.5
41948,4.5,1.5
41968,5.0,1.5
41969,3.0,1.5
41982,3.0,1.5
41987,1.0,1.5
41995,3.0,1.5
41996,2.0,1.5
42005,2.0,1.5
42014,5.0,1.5
42016,2.5,1.5
42019,2.0,1.5
42031,3.0,1.5
42032,2.0,1.5
42038,5.0,1.5
42054,4.0,1.5
42069,4.0,1.5
42072,5.0,1.5
42079,4.0,1.5
42083,5.0,1.5
42091,4.0,1.5
42096,5.0,1.5
42099,4.0,1.5
42103,4.0,1.5
42108,4.0,1.5
42119,4.0,1.5
42124,2.5,1.5
42131,5.0,1.5
42165,5.0,1.5
42177,4.0,1.5
42184,4.0,1.5
42186,3.0,1.5
42199,5.0,1.5
42204,4.5,1.5
42207,5.0,1.5
42225,3.0,1.5
42228,4.0,1.5
42245,3.5,1.5
42246,3.0,1.5
42257,5.0,1.5
42258,5.0,1.5
42259,5.0,1.5
42266,3.0,1.5
42276,5.0,1.5
42284,4.0,1.5
42290,5.0,1.5
42300,1.0,1.5
42314,5.0,1.5
42315,4.0,1.5
42331,5.0,1.5
42333,4.0,1.5
42352,3.0,1.5
42353,4.5,1.5
42357,4.0,1.5
42358,5.0,1.5
42362,2.5,1.5
42365,4.0,1.5
42366,3.0,1.5
42368,4.0,1.5
42369,3.0,1.5
42384,4.0,1.5
42386,3.0,1.5
42387,3.0,1.5
42391,5.0,1.5
42405,4.0,1.5
42407,4.0,1.5
42420,4.0,1.5
42421,3.0,1.5
42424,4.0,1.5
42433,3.5,1.5
42440,4.0,1.5
42449,2.0,1.5
42454,4.5,1.5
42456,3.5,1.5
42471,4.0,1.5
42473,3.0,1.5
42481,4.0,1.5
42491,3.5,1.5
42506,4.5,1.5
42509,2.0,1.5
42524,3.0,1.5
42536,4.0,1.5
42553,5.0,1.5
42560,4.5,1.5
42569,4.0,1.5
42573,5.0,1.5
42578,2.5,1.5
42581,5.0,1.5
42604,4.0,1.5
42615,4.5,1.5
42619,4.0,1.5
42625,3.0,1.5
42626,4.0,1.5
42630,3.0,1.5
42636,5.0,1.5
42640,4.0,1.5
42642,3.0,1.5
42645,3.0,1.5
42690,4.5,1.5
42692,4.0,1.5
42696,5.0,1.5
42699,3.0,1.5
42722,2.5,1.5
42726,3.5,1.5
42738,3.0,1.5
42740,4.5,1.5
42742,4.0,1.5
42745,4.5,1.5
42747,3.5,1.5
42748,5.0,1.5
42750,4.5,1.5
42751,4.0,1.5
42753,3.5,1.5
42781,5.0,1.5
42782,4.0,1.5
42786,4.0,1.5
42794,5.0,1.5
42806,5.0,1.5
42811,4.0,1.5
42829,3.5,1.5
42832,5.0,1.5
42836,4.0,1.5
42842,3.0,1.5
42853,5.0,1.5
42857,3.0,1.5
42859,5.0,1.5
42861,4.0,1.5
42881,4.0,1.5
42897,4.5,1.5
42898,5.0,1.5
42913,4.0,1.5
42919,4.0,1.5
42920,4.0,1.5
42921,5.0,1.5
42927,4.0,1.5
42929,4.0,1.5
42933,3.5,1.5
42935,2.0,1.5
42943,3.0,1.5
42950,3.0,1.5
42955,3.0,1.5
42956,5.0,1.5
42957,3.5,1.5
42958,3.0,1.5
42965,4.0,1.5
42970,2.0,1.5
42989,3.0,1.5
42992,4.0,1.5
43005,4.5,1.5
43029,2.0,1.5
43030,5.0,1.5
43057,1.0,1.5
43062,5.0,1.5
43065,3.0,1.5
43087,4.0,1.5
43093,5.0,1.5
43097,4.0,1.5
43105,1.0,1.5
43131,3.0,1.5
43138,3.0,1.5
43156,4.0,1.5
43166,3.0,1.5
43173,2.0,1.5
43180,4.0,1.5
43188,5.0,1.5
43189,4.0,1.5
43193,2.0,1.5
43194,3.0,1.5
43216,5.0,1.5
43221,4.5,1.5
43227,3.0,1.5
43229,4.5,1.5
43236,5.0,1.5
43237,5.0,1.5
43255,3.0,1.5
43262,5.0,1.5
43267,4.0,1.5
43283,4.0,1.5
43294,1.0,1.5
43296,4.0,1.5
43317,3.0,1.5
43328,3.0,1.5
43336,4.0,1.5
43345,4.0,1.5
43351,2.0,1.5
43356,5.0,1.5
43358,3.5,1.5
43363,4.0,1.5
43378,5.0,1.5
43379,3.0,1.5
43384,4.5,1.5
43385,4.0,1.5
43396,5.0,1.5
43401,5.0,1.5
43402,4.0,1.5
43419,5.0,1.5
43423,4.0,1.5
43427,5.0,1.5
43430,3.0,1.5
43459,5.0,1.5
43478,4.5,1.5
43491,4.0,1.5
43492,4.0,1.5
43500,5.0,1.5
43517,2.0,1.5
43521,4.0,1.5
43539,3.5,1.5
43540,5.0,1.5
43545,4.0,1.5
43578,2.0,1.5
43579,4.0,1.5
43585,4.0,1.5
43590,3.5,1.5
43596,3.0,1.5
43602,4.5,1.5
43610,4.0,1.5
43618,3.5,1.5
43621,4.0,1.5
43622,3.0,1.5
43645,4.0,1.5
43657,4.0,1.5
43666,4.0,1.5
43668,4.0,1.5
43671,5.0,1.5
43679,1.0,1.5
43683,3.5,1.5
43688,3.0,1.5
43700,3.0,1.5
43707,3.0,1.5
43716,4.0,1.5
43718,4.0,1.5
43722,1.0,1.5
43728,3.0,1.5
43732,3.0,1.5
43741,3.0,1.5
43747,4.5,1.5
43748,3.0,1.5
43756,2.0,1.5
43758,4.0,1.5
43763,4.0,1.5
43764,4.0,1.5
43765,3.0,1.5
43767,4.5,1.5
43772,3.0,1.5
43781,3.0,1.5
43784,3.0,1.5
43810,3.5,1.5
43814,5.0,1.5
43818,5.0,1.5
43819,5.0,1.5
43820,4.0,1.5
43849,2.0,1.5
43859,4.0,1.5
43864,4.0,1.5
43868,3.0,1.5
43869,4.0,1.5
43905,4.0,1.5
43907,4.0,1.5
43912,3.0,1.5
43914,4.5,1.5
43920,4.0,1.5
43925,4.0,1.5
43928,4.0,1.5
43936,1.0,1.5
43945,4.0,1.5
43953,4.0,1.5
43961,3.0,1.5
43974,4.0,1.5
43989,4.0,1.5
43996,3.0,1.5
43997,4.5,1.5
44018,4.0,1.5
44022,3.0,1.5
44038,4.0,1.5
44072,3.0,1.5
44074,5.0,1.5
44076,4.0,1.5
44077,4.0,1.5
44079,4.0,1.5
44087,1.0,1.5
44111,3.5,1.5
44127,3.0,1.5
44139,5.0,1.5
44142,5.0,1.5
44145,3.0,1.5
44186,5.0,1.5
44222,5.0,1.5
44229,4.0,1.5
44239,5.0,1.5
44254,3.0,1.5
44256,4.0,1.5
44270,3.0,1.5
44283,5.0,1.5
44296,4.5,1.5
44299,3.5,1.5
44302,1.0,1.5
44317,4.5,1.5
44322,1.5,1.5
44338,4.0,1.5
44365,3.5,1.5
44374,3.0,1.5
44384,4.0,1.5
44385,3.0,1.5
44386,4.0,1.5
44407,5.0,1.5
44434,3.0,1.5
44439,4.0,1.5
44443,3.0,1.5
44458,4.5,1.5
44476,3.0,1.5
44481,3.5,1.5
44484,3.0,1.5
44492,5.0,1.5
44497,4.5,1.5
44501,3.5,1.5
44507,4.0,1.5
44511,3.0,1.5
44512,4.0,1.5
44519,3.0,1.5
44524,4.0,1.5
44530,4.0,1.5
44531,4.0,1.5
44537,4.0,1.5
44538,3.0,1.5
44545,5.0,1.5
44546,3.0,1.5
44565,2.0,1.5
44566,3.0,1.5
44567,4.0,1.5
44568,5.0,1.5
44574,3.0,1.5
44576,2.0,1.5
44577,5.0,1.5
44630,4.0,1.5
44638,1.0,1.5
44645,5.0,1.5
44650,4.0,1.5
44651,5.0,1.5
44652,5.0,1.5
44659,4.0,1.5
44663,4.5,1.5
44666,3.0,1.5
44678,4.0,1.5
44681,3.0,1.5
44717,3.0,1.5
44741,4.0,1.5
44762,3.0,1.5
44773,3.0,1.5
44788,4.0,1.5
44796,4.0,1.5
44802,5.0,1.5
44809,4.0,1.5
44820,3.0,1.5
44839,4.0,1.5
44842,3.0,1.5
44846,3.5,1.5
44851,4.0,1.5
44854,5.0,1.5
44855,5.0,1.5
44863,4.0,1.5
44873,5.0,1.5
44882,4.0,1.5
44885,3.0,1.5
44886,4.0,1.5
44890,2.0,1.5
44925,4.0,1.5
44926,4.0,1.5
44953,3.0,1.5
44966,3.0,1.5
44967,2.0,1.5
44972,3.5,1.5
44986,3.0,1.5
44995,4.0,1.5
44996,3.0,1.5
45003,4.0,1.5
45007,4.0,1.5
45008,4.0,1.5
45015,3.5,1.5
45024,4.0,1.5
45037,5.0,1.5
45043,3.0,1.5
45047,4.0,1.5
45060,4.0,1.5
45073,0.5,1.5
45096,3.0,1.5
45112,2.5,1.5
45114,5.0,1.5
45119,3.5,1.5
45125,4.0,1.5
45128,4.0,1.5
45133,4.0,1.5
45138,4.0,1.5
45166,4.0,1.5
45169,3.0,1.5
45175,5.0,1.5
45186,1.0,1.5
45194,5.0,1.5
45197,3.0,1.5
45206,4.0,1.5
45223,5.0,1.5
45231,3.0,1.5
45237,1.5,1.5
45255,3.0,1.5
45260,4.0,1.5
45270,4.5,1.5
45301,4.5,1.5
45306,4.5,1.5
45308,3.0,1.5
45309,3.0,1.5
45310,4.0,1.5
45319,4.0,1.5
45333,5.0,1.5
45334,5.0,1.5
45343,1.0,1.5
45352,3.0,1.5
45357,0.5,1.5
45359,4.0,1.5
45364,3.0,1.5
45370,2.5,1.5
45372,4.0,1.5
45386,4.0,1.5
45406,4.0,1.5
45407,4.0,1.5
45408,4.0,1.5
45420,3.0,1.5
45423,4.0,1.5
45425,4.0,1.5
45433,2.0,1.5
45435,4.0,1.5
45436,4.0,1.5
45481,3.0,1.5
45499,2.5,1.5
45512,4.0,1.5
45513,4.0,1.5
45518,4.5,1.5
45533,5.0,1.5
45567,5.0,1.5
45589,5.0,1.5
45594,2.5,1.5
45598,3.0,1.5
45600,3.0,1.5
45618,4.0,1.5
45630,4.0,1.5
45631,5.0,1.5
45643,3.5,1.5
45644,4.0,1.5
45679,3.0,1.5
45680,5.0,1.5
45685,3.5,1.5
45695,4.0,1.5
45699,5.0,1.5
45709,3.5,1.5
45710,4.0,1.5
45718,3.0,1.5
45721,3.0,1.5
45735,3.0,1.5
45740,3.0,1.5
45747,4.0,1.5
45749,4.0,1.5
45750,2.0,1.5
45767,3.0,1.5
45768,4.0,1.5
45782,4.0,1.5
45806,4.0,1.5
45815,1.0,1.5
45826,4.0,1.5
45834,4.0,1.5
45837,5.0,1.5
45852,4.0,1.5
45857,5.0,1.5
45865,5.0,1.5
45866,4.0,1.5
45883,4.0,1.5
45887,5.0,1.5
45891,4.0,1.5
45898,3.0,1.5
45908,4.0,1.5
45911,3.0,1.5
45912,2.0,1.5
45928,3.0,1.5
45935,4.0,1.5
45937,4.5,1.5
45940,3.0,1.5
45941,4.0,1.5
45948,4.0,1.5
45964,1.0,1.5
45969,4.0,1.5
45970,5.0,1.5
45974,3.5,1.5
45976,4.0,1.5
45978,4.0,1.5
45979,5.0,1.5
45982,4.5,1.5
45983,3.5,1.5
45987,4.0,1.5
45989,5.0,1.5
45994,4.0,1.5
46014,4.0,1.5
46043,4.0,1.5
46063,4.0,1.5
46068,5.0,1.5
46071,5.0,1.5
46072,3.5,1.5
46074,3.5,1.5
46089,3.5,1.5
46095,3.5,1.5
46097,5.0,1.5
46112,4.0,1.5
46115,2.5,1.5
46136,2.0,1.5
46137,3.0,1.5
46138,3.0,1.5
46146,2.0,1.5
46176,5.0,1.5
46182,4.0,1.5
46188,3.5,1.5
46207,4.0,1.5
46211,5.0,1.5
46215,3.0,1.5
46230,5.0,1.5
46231,3.5,1.5
46243,5.0,1.5
46247,5.0,1.5
46265,2.0,1.5
46270,5.0,1.5
46278,5.0,1.5
46281,4.0,1.5
46286,1.0,1.5
46308,3.0,1.5
46313,3.5,1.5
46319,2.0,1.5
46328,1.5,1.5
46337,4.0,1.5
46355,3.0,1.5
46357,4.0,1.5
46367,4.0,1.5
46382,4.0,1.5
46385,5.0,1.5
46386,3.0,1.5
46391,5.0,1.5
46393,5.0,1.5
46396,4.5,1.5
46407,5.0,1.5
46423,5.0,1.5
46434,3.0,1.5
46436,3.5,1.5
46447,5.0,1.5
46461,4.0,1.5
46470,3.0,1.5
46477,4.0,1.5
46497,3.0,1.5
46498,1.0,1.5
46501,4.0,1.5
46517,4.0,1.5
46523,3.0,1.5
46524,4.0,1.5
46529,3.0,1.5
46531,3.5,1.5
46534,4.0,1.5
46545,3.5,1.5
46547,3.0,1.5
46549,3.0,1.5
46577,3.0,1.5
46579,4.0,1.5
46583,5.0,1.5
46594,4.0,1.5
46597,3.0,1.5
46623,5.0,1.5
46629,2.0,1.5
46635,3.0,1.5
46645,4.5,1.5
46648,4.0,1.5
46651,5.0,1.5
46663,2.0,1.5
46674,3.5,1.5
46684,4.0,1.5
46686,2.0,1.5
46689,4.0,1.5
46704,3.5,1.5
46709,1.0,1.5
46712,4.0,1.5
46714,4.0,1.5
46716,4.0,1.5
46719,5.0,1.5
46721,4.0,1.5
46726,4.0,1.5
46732,5.0,1.5
46733,3.0,1.5
46734,4.0,1.5
46744,4.5,1.5
46766,5.0,1.5
46767,1.0,1.5
46769,5.0,1.5
46776,3.0,1.5
46779,5.0,1.5
46783,4.0,1.5
46791,4.0,1.5
46797,5.0,1.5
46823,5.0,1.5
46835,3.5,1.5
46836,4.0,1.5
46841,4.0,1.5
46843,3.0,1.5
46847,4.0,1.5
46849,4.0,1.5
46853,3.0,1.5
46859,1.0,1.5
46860,4.0,1.5
46878,3.0,1.5
46894,4.0,1.5
46896,3.0,1.5
46911,3.0,1.5
46913,3.0,1.5
46929,4.0,1.5
46937,4.0,1.5
46944,4.0,1.5
46947,4.0,1.5
46972,5.0,1.5
46987,4.0,1.5
46999,2.0,1.5
47002,5.0,1.5
47007,5.0,1.5
47009,4.0,1.5
47016,4.0,1.5
47021,3.0,1.5
47022,4.0,1.5
47040,3.0,1.5
47066,3.0,1.5
47075,3.0,1.5
47081,3.0,1.5
47098,3.0,1.5
47111,4.0,1.5
47120,3.0,1.5
47129,4.0,1.5
47152,4.0,1.5
47156,4.0,1.5
47160,5.0,1.5
47161,4.0,1.5
47166,3.5,1.5
47173,4.0,1.5
47186,4.0,1.5
47203,5.0,1.5
47205,4.0,1.5
47212,3.0,1.5
47226,3.0,1.5
47230,4.0,1.5
47234,4.0,1.5
47235,4.0,1.5
47251,4.0,1.5
47267,1.5,1.5
47282,3.0,1.5
47289,3.0,1.5
47309,5.0,1.5
47317,5.0,1.5
47323,5.0,1.5
47337,3.0,1.5
47342,4.0,1.5
47343,3.0,1.5
47344,5.0,1.5
47383,4.0,1.5
47387,4.0,1.5
47395,2.5,1.5
47402,3.0,1.5
47419,4.0,1.5
47421,5.0,1.5
47427,5.0,1.5
47439,3.5,1.5
47440,5.0,1.5
47451,4.0,1.5
47469,3.0,1.5
47495,4.0,1.5
47522,3.0,1.5
47542,4.0,1.5
47543,3.5,1.5
47548,3.0,1.5
47550,4.0,1.5
47561,5.0,1.5
47568,3.0,1.5
47576,3.0,1.5
47581,4.0,1.5
47586,3.0,1.5
47620,4.0,1.5
47624,3.0,1.5
47629,4.5,1.5
47634,4.5,1.5
47638,4.0,1.5
47654,4.0,1.5
47676,5.0,1.5
47688,3.0,1.5
47714,1.0,1.5
47722,2.0,1.5
47762,4.0,1.5
47767,2.5,1.5
47775,5.0,1.5
47805,4.0,1.5
47848,4.0,1.5
47875,4.0,1.5
47878,3.0,1.5
47883,3.0,1.5
47890,4.5,1.5
47896,3.0,1.5
47904,5.0,1.5
47925,3.5,1.5
47931,5.0,1.5
47934,4.0,1.5
47935,5.0,1.5
47965,4.0,1.5
47972,5.0,1.5
47977,3.0,1.5
47981,4.0,1.5
47986,4.0,1.5
47987,3.0,1.5
47989,3.0,1.5
48000,4.0,1.5
48001,3.5,1.5
48007,3.0,1.5
48008,3.0,1.5
48012,5.0,1.5
48016,4.5,1.5
48021,4.0,1.5
48025,4.0,1.5
48031,2.0,1.5
48037,3.0,1.5
48043,3.0,1.5
48046,4.0,1.5
48054,4.0,1.5
48062,3.5,1.5
48065,4.0,1.5
48068,4.5,1.5
48082,4.0,1.5
48097,2.0,1.5
48101,5.0,1.5
48103,3.0,1.5
48110,3.0,1.5
48121,3.0,1.5
48125,3.0,1.5
48132,3.0,1.5
48136,4.0,1.5
48141,5.0,1.5
48144,2.0,1.5
48149,3.0,1.5
48162,3.0,1.5
48164,2.0,1.5
48194,2.0,1.5
48196,1.0,1.5
48221,4.5,1.5
48223,4.0,1.5
48225,4.0,1.5
48231,4.0,1.5
48232,5.0,1.5
48235,4.0,1.5
48273,3.5,1.5
48288,3.0,1.5
48290,1.0,1.5
48302,3.0,1.5
48318,5.0,1.5
48323,1.0,1.5
48328,3.5,1.5
48332,4.0,1.5
48344,3.0,1.5
48347,4.0,1.5
48349,4.0,1.5
48353,3.0,1.5
48365,3.0,1.5
48379,3.0,1.5
48389,4.0,1.5
48392,4.0,1.5
48395,1.0,1.5
48399,2.0,1.5
48403,3.5,1.5
48405,2.0,1.5
48410,3.0,1.5
48411,4.0,1.5
48433,4.0,1.5
48434,4.0,1.5
48439,3.0,1.5
48444,4.5,1.5
48452,4.0,1.5
48470,3.0,1.5
48494,3.0,1.5
48502,3.0,1.5
48515,2.5,1.5
48526,3.0,1.5
48527,4.0,1.5
48540,3.0,1.5
48545,4.0,1.5
48551,4.0,1.5
48556,5.0,1.5
48558,4.0,1.5
48563,4.0,1.5
48565,4.0,1.5
48590,5.0,1.5
48593,2.5,1.5
48596,3.0,1.5
48601,5.0,1.5
48602,2.0,1.5
48619,4.5,1.5
48633,3.5,1.5
48638,4.0,1.5
48643,3.0,1.5
48644,3.0,1.5
48655,3.0,1.5
48665,4.0,1.5
48667,5.0,1.5
48674,3.0,1.5
48677,3.0,1.5
48695,4.0,1.5
48697,4.0,1.5
48702,3.0,1.5
48703,4.0,1.5
48707,5.0,1.5
48727,4.5,1.5
48729,3.0,1.5
48737,1.5,1.5
48751,2.0,1.5
48770,3.0,1.5
48773,4.0,1.5
48783,4.5,1.5
48786,3.0,1.5
48793,4.0,1.5
48808,3.0,1.5
48819,4.0,1.5
48827,5.0,1.5
48835,3.0,1.5
48846,4.0,1.5
48849,5.0,1.5
48870,5.0,1.5
48875,4.0,1.5
48904,4.0,1.5
48929,4.0,1.5
48935,5.0,1.5
48940,4.0,1.5
48964,4.0,1.5
48972,3.5,1.5
48976,3.0,1.5
49012,3.0,1.5
49016,3.0,1.5
49017,4.0,1.5
49021,3.0,1.5
49039,4.0,1.5
49040,4.5,1.5
49048,5.0,1.5
49055,5.0,1.5
49067,4.0,1.5
49068,3.0,1.5
49075,3.5,1.5
49081,3.0,1.5
49102,2.5,1.5
49114,4.0,1.5
49122,5.0,1.5
49134,4.0,1.5
49141,3.0,1.5
49154,5.0,1.5
49156,5.0,1.5
49163,1.0,1.5
49169,3.0,1.5
49171,4.0,1.5
49183,3.0,1.5
49190,3.0,1.5
49193,3.0,1.5
49200,4.0,1.5
49204,4.0,1.5
49206,3.0,1.5
49207,2.0,1.5
49209,4.0,1.5
49212,3.0,1.5
49229,4.5,1.5
49236,5.0,1.5
49239,2.0,1.5
49244,5.0,1.5
49251,3.0,1.5
49276,3.5,1.5
49281,5.0,1.5
49285,3.0,1.5
49287,3.0,1.5
49321,5.0,1.5
49328,5.0,1.5
49330,5.0,1.5
49350,5.0,1.5
49355,1.0,1.5
49356,5.0,1.5
49360,5.0,1.5
49365,4.5,1.5
49374,4.0,1.5
49386,3.0,1.5
49392,2.5,1.5
49396,2.0,1.5
49408,2.0,1.5
49438,4.0,1.5
49456,4.0,1.5
49460,2.0,1.5
49465,3.0,1.5
49473,4.0,1.5
49482,3.0,1.5
49494,4.0,1.5
49501,2.0,1.5
49510,3.0,1.5
49518,3.0,1.5
49523,3.0,1.5
49532,3.5,1.5
49539,4.0,1.5
49542,4.0,1.5
49551,4.0,1.5
49554,3.5,1.5
49562,5.0,1.5
49568,5.0,1.5
49572,3.0,1.5
49577,3.0,1.5
49622,5.0,1.5
49656,3.0,1.5
49673,4.0,1.5
49676,2.0,1.5
49694,4.0,1.5
49698,3.0,1.5
49701,4.0,1.5
49734,4.0,1.5
49738,4.0,1.5
49739,3.0,1.5
49756,2.5,1.5
49758,4.0,1.5
49768,3.0,1.5
49773,4.0,1.5
49775,5.0,1.5
49776,3.0,1.5
49777,3.0,1.5
49778,3.0,1.5
49809,5.0,1.5
49816,4.0,1.5
49817,4.5,1.5
49827,1.0,1.5
49847,5.0,1.5
49850,3.5,1.5
49872,3.0,1.5
49877,4.0,1.5
49883,4.0,1.5
49898,3.0,1.5
49900,5.0,1.5
49918,5.0,1.5
49919,4.5,1.5
49936,5.0,1.5
49937,4.0,1.5
49949,3.5,1.5
49952,4.0,1.5
49953,3.0,1.5
49960,4.0,1.5
49963,3.0,1.5
49965,2.5,1.5
49966,4.5,1.5
49969,4.0,1.5
49987,3.0,1.5
49990,3.0,1.5
49999,5.0,1.5
50001,2.0,1.5
50003,5.0,1.5
50008,2.5,1.5
50011,4.0,1.5
50021,5.0,1.5
50023,4.0,1.5
50030,5.0,1.5
50038,4.0,1.5
50043,3.0,1.5
50045,4.5,1.5
50047,3.0,1.5
50064,3.0,1.5
50069,3.0,1.5
50073,3.0,1.5
50085,3.0,1.5
50087,4.0,1.5
50099,3.0,1.5
50101,5.0,1.5
50104,5.0,1.5
50105,3.0,1.5
50111,3.5,1.5
50180,4.0,1.5
50184,3.0,1.5
50186,3.0,1.5
50192,4.0,1.5
50194,4.0,1.5
50202,3.5,1.5
50209,4.0,1.5
50211,4.5,1.5
50212,3.0,1.5
50213,4.0,1.5
50222,5.0,1.5
50228,2.0,1.5
50231,3.0,1.5
50247,3.0,1.5
50249,3.0,1.5
50261,4.0,1.5
50285,4.0,1.5
50286,3.0,1.5
50294,3.0,1.5
50297,4.0,1.5
50299,3.0,1.5
50309,4.0,1.5
50320,1.0,1.5
50330,3.0,1.5
50343,3.0,1.5
50367,2.5,1.5
50381,2.0,1.5
50382,4.0,1.5
50389,4.0,1.5
50393,3.0,1.5
50394,4.0,1.5
50401,2.0,1.5
50404,5.0,1.5
50408,3.0,1.5
50415,1.0,1.5
50421,5.0,1.5
50429,4.0,1.5
50445,4.0,1.5
50481,4.0,1.5
50507,4.0,1.5
50518,3.0,1.5
50536,4.5,1.5
50540,5.0,1.5
50541,3.5,1.5
50543,4.0,1.5
50545,4.5,1.5
50556,1.0,1.5
50567,3.5,1.5
50571,4.0,1.5
50572,4.5,1.5
50575,4.0,1.5
50577,4.0,1.5
50587,3.0,1.5
50599,5.0,1.5
50603,5.0,1.5
50604,4.0,1.5
50607,3.0,1.5
50615,5.0,1.5
50625,5.0,1.5
50656,3.5,1.5
50658,4.0,1.5
50661,4.0,1.5
50662,3.0,1.5
50663,4.0,1.5
50672,3.5,1.5
50673,5.0,1.5
50675,4.0,1.5
50688,4.0,1.5
50696,3.0,1.5
50707,5.0,1.5
50712,3.0,1.5
50718,4.0,1.5
50721,4.0,1.5
50733,3.0,1.5
50734,2.5,1.5
50738,1.0,1.5
50741,3.0,1.5
50746,5.0,1.5
50759,2.0,1.5
50774,4.5,1.5
50780,4.0,1.5
50781,3.5,1.5
50792,4.0,1.5
50795,5.0,1.5
50803,5.0,1.5
50829,3.0,1.5
50852,3.0,1.5
50854,3.0,1.5
50855,3.0,1.5
50859,4.0,1.5
50874,4.5,1.5
50875,4.0,1.5
50876,3.0,1.5
50878,3.0,1.5
50883,5.0,1.5
50895,4.0,1.5
50899,5.0,1.5
50912,3.0,1.5
50915,2.0,1.5
50919,2.0,1.5
50926,4.0,1.5
50930,3.0,1.5
50933,5.0,1.5
50941,4.0,1.5
50942,4.0,1.5
50943,4.5,1.5
50946,5.0,1.5
50953,4.0,1.5
50958,4.0,1.5
50966,3.0,1.5
50967,4.0,1.5
50975,3.0,1.5
50980,5.0,1.5
50988,3.0,1.5
50989,3.0,1.5
51003,3.0,1.5
51009,4.0,1.5
51012,4.0,1.5
51020,3.0,1.5
51021,4.0,1.5
51024,4.0,1.5
51034,4.0,1.5
51036,5.0,1.5
51049,2.5,1.5
51067,3.0,1.5
51069,2.0,1.5
51074,4.5,1.5
51080,4.0,1.5
51084,0.5,1.5
51086,2.0,1.5
51094,2.0,1.5
51101,5.0,1.5
51116,5.0,1.5
51123,2.0,1.5
51124,5.0,1.5
51126,4.0,1.5
51141,4.0,1.5
51143,5.0,1.5
51152,3.0,1.5
51162,4.0,1.5
51164,4.0,1.5
51172,3.0,1.5
51197,5.0,1.5
51199,2.0,1.5
51213,5.0,1.5
51214,3.0,1.5
51217,4.5,1.5
51227,4.5,1.5
51233,2.0,1.5
51245,5.0,1.5
51260,5.0,1.5
51263,2.0,1.5
51278,3.5,1.5
51307,4.0,1.5
51312,4.0,1.5
51318,4.5,1.5
51320,4.0,1.5
51322,3.0,1.5
51327,3.0,1.5
51329,5.0,1.5
51331,4.0,1.5
51340,3.0,1.5
51344,4.0,1.5
51364,4.0,1.5
51384,4.5,1.5
51410,4.0,1.5
51423,4.0,1.5
51424,4.0,1.5
51438,4.0,1.5
51439,3.0,1.5
51468,3.5,1.5
51489,4.5,1.5
51501,5.0,1.5
51507,4.0,1.5
51518,3.0,1.5
51532,4.0,1.5
51544,4.0,1.5
51547,3.0,1.5
51551,3.0,1.5
51558,1.0,1.5
51560,2.0,1.5
51562,2.0,1.5
51586,5.0,1.5
51596,4.0,1.5
51599,4.0,1.5
51607,2.5,1.5
51608,4.0,1.5
51614,3.0,1.5
51638,5.0,1.5
51649,4.0,1.5
51652,2.0,1.5
51657,3.0,1.5
51668,4.0,1.5
51669,4.0,1.5
51683,3.0,1.5
51693,4.0,1.5
51696,2.0,1.5
51703,3.0,1.5
51736,4.0,1.5
51740,4.0,1.5
51742,4.5,1.5
51745,4.0,1.5
51748,4.0,1.5
51751,4.0,1.5
51752,5.0,1.5
51759,3.0,1.5
51770,5.0,1.5
51777,3.0,1.5
51784,4.0,1.5
51794,4.0,1.5
51795,4.5,1.5
51798,2.0,1.5
51804,4.5,1.5
51816,4.0,1.5
51829,5.0,1.5
51830,4.0,1.5
51834,4.0,1.5
51838,3.0,1.5
51856,5.0,1.5
51874,3.0,1.5
51878,3.0,1.5
51879,4.0,1.5
51883,4.0,1.5
51891,4.0,1.5
51899,3.0,1.5
51900,2.0,1.5
51906,3.0,1.5
51912,4.0,1.5
51914,3.0,1.5
51923,4.5,1.5
51936,3.0,1.5
51943,2.0,1.5
51955,3.0,1.5
51964,4.0,1.5
51965,4.5,1.5
51969,4.0,1.5
51976,1.0,1.5
51978,2.0,1.5
51990,3.0,1.5
51993,4.0,1.5
51994,3.5,1.5
52004,3.5,1.5
52009,4.0,1.5
52016,5.0,1.5
52036,5.0,1.5
52039,4.0,1.5
52043,4.0,1.5
52054,1.0,1.5
52062,3.0,1.5
52063,2.0,1.5
52066,3.0,1.5
52070,3.0,1.5
52082,4.5,1.5
52084,4.0,1.5
52095,4.0,1.5
52098,5.0,1.5
52114,5.0,1.5
52115,4.0,1.5
52116,4.5,1.5
52135,4.0,1.5
52143,4.0,1.5
52158,3.0,1.5
52161,3.0,1.5
52163,4.0,1.5
52210,5.0,1.5
52225,2.0,1.5
52226,5.0,1.5
52269,4.0,1.5
52273,1.0,1.5
52288,2.0,1.5
52302,3.0,1.5
52321,5.0,1.5
52342,2.0,1.5
52351,3.5,1.5
52355,5.0,1.5
52361,5.0,1.5
52369,3.0,1.5
52394,3.0,1.5
52407,4.0,1.5
52412,4.0,1.5
52419,4.0,1.5
52422,4.5,1.5
52423,4.0,1.5
52448,4.0,1.5
52457,2.5,1.5
52460,2.0,1.5
52465,4.0,1.5
52473,5.0,1.5
52479,3.5,1.5
52483,3.0,1.5
52490,5.0,1.5
52496,5.0,1.5
52502,3.5,1.5
52507,4.0,1.5
52514,3.0,1.5
52518,4.0,1.5
52520,4.5,1.5
52532,4.0,1.5
52540,4.0,1.5
52543,4.0,1.5
52552,5.0,1.5
52554,3.0,1.5
52557,4.0,1.5
52561,4.0,1.5
52563,3.0,1.5
52572,4.0,1.5
52575,4.0,1.5
52597,4.0,1.5
52617,0.5,1.5
52618,4.0,1.5
52642,3.0,1.5
52651,1.0,1.5
52660,4.0,1.5
52661,2.0,1.5
52685,3.5,1.5
52696,5.0,1.5
52704,3.0,1.5
52706,4.0,1.5
52724,5.0,1.5
52729,4.0,1.5
52736,4.0,1.5
52737,5.0,1.5
52738,2.5,1.5
52739,4.0,1.5
52757,4.0,1.5
52762,4.0,1.5
52768,2.0,1.5
52794,4.0,1.5
52814,2.5,1.5
52815,3.0,1.5
52831,4.5,1.5
52835,4.0,1.5
52839,4.0,1.5
52845,5.0,1.5
52847,4.0,1.5
52854,3.0,1.5
52868,3.5,1.5
52875,3.0,1.5
52877,4.5,1.5
52886,3.5,1.5
52892,4.0,1.5
52898,3.0,1.5
52900,4.0,1.5
52903,2.0,1.5
52909,3.0,1.5
52914,3.0,1.5
52918,4.0,1.5
52921,4.0,1.5
52922,4.0,1.5
52926,3.0,1.5
52927,4.0,1.5
52932,4.0,1.5
52933,4.0,1.5
52954,4.0,1.5
52958,4.0,1.5
52963,3.0,1.5
52972,4.0,1.5
52973,4.0,1.5
52975,3.0,1.5
52994,3.5,1.5
52996,3.0,1.5
53018,4.5,1.5
53027,4.0,1.5
53032,3.0,1.5
53039,4.0,1.5
53052,3.0,1.5
53053,3.0,1.5
53060,3.5,1.5
53061,3.0,1.5
53063,4.0,1.5
53081,5.0,1.5
53093,4.0,1.5
53112,2.0,1.5
53116,4.5,1.5
53129,4.5,1.5
53134,3.0,1.5
53144,5.0,1.5
53158,3.0,1.5
53162,4.0,1.5
53168,3.0,1.5
53171,4.0,1.5
53172,2.0,1.5
53178,4.0,1.5
53184,3.0,1.5
53218,2.0,1.5
53226,3.0,1.5
53227,2.5,1.5
53229,3.0,1.5
53245,4.0,1.5
53258,2.0,1.5
53265,3.0,1.5
53266,1.0,1.5
53272,4.0,1.5
53280,4.0,1.5
53288,5.0,1.5
53289,5.0,1.5
53295,3.0,1.5
53297,4.0,1.5
53301,5.0,1.5
53308,2.5,1.5
53311,3.0,1.5
53313,5.0,1.5
53314,4.0,1.5
53327,4.5,1.5
53335,5.0,1.5
53338,5.0,1.5
53349,4.0,1.5
53360,3.0,1.5
53363,2.0,1.5
53364,5.0,1.5
53368,4.0,1.5
53375,5.0,1.5
53399,2.5,1.5
53409,2.0,1.5
53426,3.0,1.5
53433,4.0,1.5
53447,5.0,1.5
53448,4.0,1.5
53455,3.0,1.5
53458,3.0,1.5
53469,4.0,1.5
53475,3.5,1.5
53495,5.0,1.5
53529,4.0,1.5
53538,4.0,1.5
53567,4.5,1.5
53577,4.0,1.5
53600,3.0,1.5
53605,4.0,1.5
53607,4.0,1.5
53608,4.5,1.5
53638,5.0,1.5
53640,4.5,1.5
53656,4.0,1.5
53658,4.0,1.5
53660,3.0,1.5
53682,5.0,1.5
53697,5.0,1.5
53699,3.0,1.5
53708,5.0,1.5
53715,4.0,1.5
53718,4.5,1.5
53724,4.0,1.5
53732,4.0,1.5
53734,4.0,1.5
53738,5.0,1.5
53742,2.5,1.5
53747,4.0,1.5
53783,5.0,1.5
53788,2.0,1.5
53793,3.0,1.5
53795,4.0,1.5
53804,2.0,1.5
53811,5.0,1.5
53822,4.0,1.5
53823,4.0,1.5
53830,2.5,1.5
53845,3.5,1.5
53852,4.0,1.5
53857,3.0,1.5
53858,5.0,1.5
53866,3.0,1.5
53879,4.0,1.5
53894,5.0,1.5
53898,3.5,1.5
53905,4.0,1.5
53926,4.0,1.5
53927,4.0,1.5
53930,3.5,1.5
53931,3.0,1.5
53936,3.0,1.5
53938,4.0,1.5
53941,3.0,1.5
53945,5.0,1.5
53950,4.0,1.5
53953,3.0,1.5
53955,3.0,1.5
53970,3.0,1.5
53972,4.0,1.5
53974,3.0,1.5
53983,4.0,1.5
54001,3.0,1.5
54009,4.0,1.5
54023,3.0,1.5
54030,3.0,1.5
54031,5.0,1.5
54036,4.0,1.5
54042,4.0,1.5
54060,5.0,1.5
54063,4.0,1.5
54074,4.5,1.5
54089,4.0,1.5
54097,5.0,1.5
54106,4.0,1.5
54107,5.0,1.5
54113,5.0,1.5
54122,1.0,1.5
54123,5.0,1.5
54128,4.0,1.5
54134,4.0,1.5
54135,4.0,1.5
54147,3.0,1.5
54148,3.0,1.5
54160,5.0,1.5
54164,3.0,1.5
54166,2.0,1.5
54168,4.0,1.5
54210,3.0,1.5
54214,4.0,1.5
54216,1.0,1.5
54221,4.0,1.5
54227,4.5,1.5
54229,5.0,1.5
54251,2.0,1.5
54252,5.0,1.5
54257,3.0,1.5
54259,4.0,1.5
54273,5.0,1.5
54279,5.0,1.5
54296,3.0,1.5
54301,4.0,1.5
54305,4.0,1.5
54314,5.0,1.5
54332,5.0,1.5
54369,1.0,1.5
54371,3.0,1.5
54375,3.0,1.5
54378,3.0,1.5
54380,4.5,1.5
54386,4.0,1.5
54388,4.0,1.5
54411,4.0,1.5
54423,3.0,1.5
54424,2.0,1.5
54436,3.0,1.5
54443,5.0,1.5
54448,3.0,1.5
54449,5.0,1.5
54450,5.0,1.5
54454,2.5,1.5
54456,3.0,1.5
54459,2.0,1.5
54465,4.0,1.5
54469,5.0,1.5
54478,2.5,1.5
54479,2.0,1.5
54480,3.0,1.5
54485,5.0,1.5
54488,3.0,1.5
54490,3.5,1.5
54494,4.0,1.5
54495,4.0,1.5
54507,4.0,1.5
54512,3.0,1.5
54531,3.0,1.5
54548,3.0,1.5
54549,4.0,1.5
54552,4.0,1.5
54558,3.0,1.5
54575,4.5,1.5
54581,3.0,1.5
54590,3.0,1.5
54592,4.0,1.5
54595,3.0,1.5
54605,4.0,1.5
54617,3.0,1.5
54626,3.0,1.5
54633,4.0,1.5
54640,5.0,1.5
54650,4.0,1.5
54667,2.5,1.5
54668,4.0,1.5
54673,4.0,1.5
54674,4.0,1.5
54675,3.0,1.5
54685,3.0,1.5
54693,4.0,1.5
54699,4.0,1.5
54700,4.0,1.5
54706,2.0,1.5
54717,1.0,1.5
54720,2.0,1.5
54729,4.0,1.5
54739,3.5,1.5
54751,3.0,1.5
54753,3.5,1.5
54766,4.0,1.5
54772,3.0,1.5
54806,5.0,1.5
54814,4.0,1.5
54816,3.0,1.5
54823,3.0,1.5
54824,2.0,1.5
54825,4.5,1.5
54837,4.0,1.5
54840,4.0,1.5
54844,3.0,1.5
54866,3.5,1.5
54869,3.0,1.5
54870,3.0,1.5
54881,4.0,1.5
54917,4.5,1.5
54949,4.5,1.5
54957,2.5,1.5
54968,3.0,1.5
54972,1.0,1.5
54977,4.5,1.5
54978,5.0,1.5
54986,3.0,1.5
54988,3.0,1.5
54992,3.0,1.5
54994,3.0,1.5
54995,3.0,1.5
54996,3.0,1.5
55008,3.0,1.5
55023,4.0,1.5
55034,2.5,1.5
55035,4.0,1.5
55039,5.0,1.5
55066,5.0,1.5
55067,4.0,1.5
55069,5.0,1.5
55076,1.0,1.5
55077,3.0,1.5
55097,4.0,1.5
55102,3.0,1.5
55139,4.0,1.5
55152,5.0,1.5
55170,4.0,1.5
55173,3.0,1.5
55174,5.0,1.5
55178,4.0,1.5
55196,2.0,1.5
55200,4.0,1.5
55212,4.0,1.5
55220,3.0,1.5
55224,2.5,1.5
55227,1.0,1.5
55231,4.0,1.5
55237,4.5,1.5
55243,5.0,1.5
55244,4.0,1.5
55247,3.0,1.5
55250,5.0,1.5
55251,3.5,1.5
55255,4.0,1.5
55256,4.0,1.5
55264,3.0,1.5
55267,3.0,1.5
55268,5.0,1.5
55269,4.0,1.5
55278,2.0,1.5
55287,4.0,1.5
55296,3.0,1.5
55299,4.0,1.5
55302,4.0,1.5
55304,5.0,1.5
55305,2.0,1.5
55307,4.0,1.5
55312,5.0,1.5
55328,4.0,1.5
55330,4.0,1.5
55344,3.0,1.5
55364,3.0,1.5
55365,3.0,1.5
55369,4.0,1.5
55377,3.0,1.5
55389,4.5,1.5
55395,4.0,1.5
55398,3.0,1.5
55406,2.0,1.5
55411,3.0,1.5
55420,4.0,1.5
55422,4.0,1.5
55429,4.0,1.5
55432,4.0,1.5
55434,5.0,1.5
55436,3.0,1.5
55442,4.5,1.5
55446,5.0,1.5
55448,3.0,1.5
55457,5.0,1.5
55464,4.0,1.5
55466,4.0,1.5
55487,3.0,1.5
55489,2.5,1.5
55493,5.0,1.5
55510,3.0,1.5
55519,3.0,1.5
55522,4.0,1.5
55556,3.0,1.5
55578,3.0,1.5
55580,5.0,1.5
55589,3.0,1.5
55597,3.0,1.5
55598,3.0,1.5
55602,4.0,1.5
55606,4.0,1.5
55620,4.0,1.5
55621,3.0,1.5
55631,5.0,1.5
55633,3.0,1.5
55651,4.5,1.5
55666,2.0,1.5
55672,4.0,1.5
55692,5.0,1.5
55694,5.0,1.5
55695,5.0,1.5
55702,3.0,1.5
55703,5.0,1.5
55708,4.0,1.5
55709,2.0,1.5
55715,2.5,1.5
55722,2.0,1.5
55738,2.5,1.5
55744,2.0,1.5
55756,4.0,1.5
55780,0.5,1.5
55781,5.0,1.5
55790,2.0,1.5
55792,2.5,1.5
55804,5.0,1.5
55820,3.0,1.5
55854,3.0,1.5
55880,5.0,1.5
55887,4.0,1.5
55889,3.0,1.5
55899,3.0,1.5
55916,3.0,1.5
55939,4.0,1.5
55942,2.0,1.5
55944,3.0,1.5
55956,4.5,1.5
55962,4.0,1.5
55965,3.0,1.5
55999,2.0,1.5
56001,4.0,1.5
56019,3.0,1.5
56022,4.5,1.5
56023,3.0,1.5
56031,3.0,1.5
56032,3.0,1.5
56034,3.5,1.5
56055,2.5,1.5
56063,5.0,1.5
56083,4.0,1.5
56089,2.0,1.5
56091,4.0,1.5
56099,5.0,1.5
56103,4.0,1.5
56107,4.0,1.5
56110,3.0,1.5
56118,3.5,1.5
56136,3.5,1.5
56139,5.0,1.5
56165,3.0,1.5
56168,5.0,1.5
56177,3.0,1.5
56178,4.5,1.5
56202,3.0,1.5
56205,5.0,1.5
56218,3.5,1.5
56220,4.5,1.5
56228,5.0,1.5
56242,4.0,1.5
56245,5.0,1.5
56255,5.0,1.5
56270,3.0,1.5
56273,3.0,1.5
56277,4.0,1.5
56291,5.0,1.5
56292,4.0,1.5
56309,3.0,1.5
56322,3.0,1.5
56331,4.0,1.5
56341,4.0,1.5
56343,2.0,1.5
56349,1.0,1.5
56351,3.5,1.5
56359,3.0,1.5
56360,3.0,1.5
56366,3.0,1.5
56367,3.0,1.5
56409,3.0,1.5
56424,4.0,1.5
56435,5.0,1.5
56440,4.0,1.5
56451,4.5,1.5
56457,3.5,1.5
56465,4.0,1.5
56492,0.5,1.5
56497,4.0,1.5
56504,5.0,1.5
56511,5.0,1.5
56518,3.5,1.5
56520,4.5,1.5
56527,3.0,1.5
56548,4.0,1.5
56562,4.0,1.5
56572,2.5,1.5
56573,4.0,1.5
56579,4.0,1.5
56587,3.0,1.5
56588,4.0,1.5
56597,5.0,1.5
56609,4.0,1.5
56635,5.0,1.5
56652,4.0,1.5
56655,1.0,1.5
56675,4.0,1.5
56687,4.0,1.5
56699,3.0,1.5
56707,5.0,1.5
56720,5.0,1.5
56724,4.0,1.5
56726,3.0,1.5
56731,3.0,1.5
56741,4.0,1.5
56749,4.0,1.5
56750,4.0,1.5
56753,3.5,1.5
56763,2.0,1.5
56766,3.0,1.5
56790,3.5,1.5
56804,4.0,1.5
56807,4.0,1.5
56812,4.0,1.5
56820,4.0,1.5
56823,3.0,1.5
56849,5.0,1.5
56852,4.0,1.5
56859,4.0,1.5
56863,4.5,1.5
56865,4.0,1.5
56866,0.5,1.5
56879,2.0,1.5
56885,3.0,1.5
56887,3.0,1.5
56895,2.0,1.5
56906,4.0,1.5
56917,4.0,1.5
56921,5.0,1.5
56923,3.0,1.5
56932,5.0,1.5
56956,4.0,1.5
56963,4.0,1.5
56969,5.0,1.5
56970,4.0,1.5
56972,5.0,1.5
56976,4.5,1.5
56980,3.5,1.5
57009,3.0,1.5
57013,4.0,1.5
57027,5.0,1.5
57045,5.0,1.5
57046,3.0,1.5
57048,2.5,1.5
57050,3.5,1.5
57051,4.0,1.5
57056,4.0,1.5
57067,3.5,1.5
57068,4.0,1.5
57072,3.0,1.5
57095,4.0,1.5
57101,4.0,1.5
57110,3.0,1.5
57113,1.0,1.5
57136,2.0,1.5
57142,5.0,1.5
57145,3.5,1.5
57156,5.0,1.5
57163,3.0,1.5
57167,5.0,1.5
57170,3.5,1.5
57178,4.0,1.5
57183,5.0,1.5
57199,4.0,1.5
57206,3.0,1.5
57218,4.0,1.5
57219,3.0,1.5
57220,5.0,1.5
57223,4.0,1.5
57226,4.0,1.5
57232,5.0,1.5
57240,5.0,1.5
57248,3.5,1.5
57264,4.0,1.5
57287,2.0,1.5
57289,5.0,1.5
57295,3.0,1.5
57303,3.0,1.5
57305,4.0,1.5
57319,1.0,1.5
57329,5.0,1.5
57345,4.5,1.5
57350,4.5,1.5
57352,4.0,1.5
57353,0.5,1.5
57366,4.0,1.5
57369,4.0,1.5
57372,3.0,1.5
57380,4.0,1.5
57390,1.0,1.5
57395,4.0,1.5
57398,4.0,1.5
57418,3.0,1.5
57420,3.5,1.5
57423,4.0,1.5
57441,3.0,1.5
57500,4.0,1.5
57509,2.0,1.5
57510,3.0,1.5
57521,5.0,1.5
57522,4.0,1.5
57528,4.0,1.5
57536,3.0,1.5
57542,4.5,1.5
57543,4.0,1.5
57545,1.5,1.5
57557,3.0,1.5
57566,3.0,1.5
57570,4.0,1.5
57589,4.0,1.5
57594,0.5,1.5
57598,1.0,1.5
57604,1.0,1.5
57623,3.5,1.5
57633,4.0,1.5
57637,4.5,1.5
57653,3.0,1.5
57677,4.0,1.5
57678,4.0,1.5
57682,3.0,1.5
57696,5.0,1.5
57726,4.0,1.5
57727,2.0,1.5
57735,3.0,1.5
57737,5.0,1.5
57756,5.0,1.5
57767,4.0,1.5
57772,5.0,1.5
57787,2.5,1.5
57823,4.0,1.5
57829,4.5,1.5
57849,5.0,1.5
57872,5.0,1.5
57874,3.0,1.5
57875,5.0,1.5
57883,3.0,1.5
57886,4.0,1.5
57888,4.0,1.5
57897,3.0,1.5
57899,5.0,1.5
57903,5.0,1.5
57920,5.0,1.5
57923,4.5,1.5
57934,4.0,1.5
57950,4.0,1.5
57953,5.0,1.5
57959,3.5,1.5
57966,4.0,1.5
57973,3.0,1.5
57977,1.5,1.5
57989,5.0,1.5
57993,4.0,1.5
58003,5.0,1.5
58015,4.5,1.5
58019,5.0,1.5
58021,2.5,1.5
58027,3.5,1.5
58029,4.0,1.5
58033,3.0,1.5
58056,3.0,1.5
58065,4.0,1.5
58072,4.0,1.5
58088,2.0,1.5
58099,4.0,1.5
58110,3.5,1.5
58122,3.0,1.5
58123,3.5,1.5
58125,3.5,1.5
58128,5.0,1.5
58140,4.0,1.5
58143,4.0,1.5
58155,2.0,1.5
58170,4.0,1.5
58177,4.0,1.5
58180,4.5,1.5
58203,5.0,1.5
58226,3.5,1.5
58233,2.0,1.5
58237,4.0,1.5
58238,4.0,1.5
58240,4.0,1.5
58243,4.0,1.5
58245,3.0,1.5
58256,3.0,1.5
58262,5.0,1.5
58266,5.0,1.5
58271,4.0,1.5
58277,3.0,1.5
58281,4.0,1.5
58326,3.5,1.5
58327,1.0,1.5
58332,4.0,1.5
58346,4.0,1.5
58350,4.0,1.5
58353,4.0,1.5
58359,3.5,1.5
58384,3.0,1.5
58402,4.0,1.5
58406,4.5,1.5
58419,3.0,1.5
58421,5.0,1.5
58429,5.0,1.5
58447,2.0,1.5
58451,4.5,1.5
58459,2.0,1.5
58471,3.0,1.5
58488,3.5,1.5
58501,4.5,1.5
58507,3.0,1.5
58530,4.0,1.5
58536,3.0,1.5
58538,4.0,1.5
58539,3.0,1.5
58540,3.0,1.5
58543,4.0,1.5
58554,4.0,1.5
58565,4.0,1.5
58569,3.0,1.5
58592,3.0,1.5
58598,3.0,1.5
58604,5.0,1.5
58612,5.0,1.5
58614,3.0,1.5
58628,3.0,1.5
58648,4.5,1.5
58650,2.0,1.5
58652,3.0,1.5
58658,4.0,1.5
58660,3.0,1.5
58664,4.0,1.5
58675,4.0,1.5
58677,3.0,1.5
58690,3.0,1.5
58701,3.5,1.5
58705,4.0,1.5
58707,4.0,1.5
58708,4.0,1.5
58713,4.0,1.5
58731,4.0,1.5
58735,3.5,1.5
58742,3.0,1.5
58745,4.0,1.5
58758,4.0,1.5
58759,1.0,1.5
58769,3.0,1.5
58771,3.0,1.5
58773,1.0,1.5
58774,5.0,1.5
58781,4.0,1.5
58785,3.0,1.5
58802,4.5,1.5
58816,5.0,1.5
58823,5.0,1.5
58835,3.5,1.5
58841,4.5,1.5
58869,3.5,1.5
58881,4.0,1.5
58883,5.0,1.5
58895,3.0,1.5
58922,4.0,1.5
58925,4.0,1.5
58943,4.0,1.5
58953,3.0,1.5
58972,4.0,1.5
58986,3.0,1.5
58987,4.5,1.5
58996,3.0,1.5
58999,4.5,1.5
59004,4.0,1.5
59010,4.0,1.5
59017,2.5,1.5
59019,3.0,1.5
59024,3.0,1.5
59031,3.0,1.5
59033,4.0,1.5
59035,4.0,1.5
59041,4.0,1.5
59046,5.0,1.5
59069,3.0,1.5
59086,4.0,1.5
59098,4.0,1.5
59134,4.0,1.5
59137,2.0,1.5
59140,4.0,1.5
59148,4.0,1.5
59149,4.0,1.5
59151,3.0,1.5
59153,4.0,1.5
59154,4.0,1.5
59167,3.5,1.5
59196,4.0,1.5
59197,3.0,1.5
59200,3.0,1.5
59202,3.0,1.5
59205,4.0,1.5
59226,4.0,1.5
59234,3.0,1.5
59238,5.0,1.5
59241,4.0,1.5
59253,0.5,1.5
59263,2.0,1.5
59269,4.0,1.5
59271,4.0,1.5
59285,5.0,1.5
59286,3.0,1.5
59288,4.0,1.5
59301,4.0,1.5
59302,4.0,1.5
59316,3.5,1.5
59332,4.0,1.5
59338,4.0,1.5
59340,3.0,1.5
59345,5.0,1.5
59348,2.0,1.5
59349,5.0,1.5
59359,4.0,1.5
59362,4.5,1.5
59365,1.0,1.5
59366,2.0,1.5
59378,3.0,1.5
59388,4.0,1.5
59393,3.0,1.5
59406,5.0,1.5
59407,3.0,1.5
59409,2.5,1.5
59414,3.5,1.5
59429,3.0,1.5
59431,5.0,1.5
59445,4.0,1.5
59457,4.0,1.5
59477,3.5,1.5
59479,3.0,1.5
59482,5.0,1.5
59485,3.0,1.5
59528,2.5,1.5
59531,5.0,1.5
59538,2.5,1.5
59543,4.0,1.5
59544,3.5,1.5
59555,3.0,1.5
59558,3.0,1.5
59574,4.0,1.5
59583,3.5,1.5
59585,4.0,1.5
59589,5.0,1.5
59597,5.0,1.5
59601,4.5,1.5
59603,4.0,1.5
59628,2.0,1.5
59638,3.0,1.5
59658,1.0,1.5
59677,5.0,1.5
59685,5.0,1.5
59691,3.5,1.5
59694,5.0,1.5
59696,4.0,1.5
59702,1.0,1.5
59719,3.0,1.5
59726,1.0,1.5
59734,2.0,1.5
59736,3.5,1.5
59745,5.0,1.5
59748,5.0,1.5
59753,4.0,1.5
59754,2.0,1.5
59755,4.0,1.5
59780,4.0,1.5
59781,4.0,1.5
59783,3.0,1.5
59788,3.0,1.5
59789,1.0,1.5
59790,4.0,1.5
59792,3.5,1.5
59794,2.5,1.5
59795,4.0,1.5
59802,3.5,1.5
59821,5.0,1.5
59826,4.0,1.5
59841,5.0,1.5
59852,4.0,1.5
59857,3.0,1.5
59872,4.0,1.5
59873,4.5,1.5
59876,5.0,1.5
59878,3.0,1.5
59888,3.0,1.5
59891,3.0,1.5
59909,3.5,1.5
59923,4.0,1.5
59930,4.0,1.5
59942,4.0,1.5
59952,4.0,1.5
59959,3.0,1.5
59962,4.0,1.5
59970,4.0,1.5
59984,3.0,1.5
60015,4.5,1.5
60018,3.5,1.5
60020,4.0,1.5
60021,3.0,1.5
60027,5.0,1.5
60056,4.5,1.5
60059,5.0,1.5
60060,3.0,1.5
60080,3.0,1.5
60081,4.0,1.5
60095,4.0,1.5
60098,3.0,1.5
60109,3.0,1.5
60135,3.0,1.5
60141,5.0,1.5
60159,2.0,1.5
60176,3.5,1.5
60178,5.0,1.5
60181,3.0,1.5
60188,4.0,1.5
60196,4.0,1.5
60200,3.0,1.5
60203,4.0,1.5
60210,3.5,1.5
60217,4.0,1.5
60221,2.0,1.5
60247,3.0,1.5
60256,3.0,1.5
60267,3.5,1.5
60279,3.0,1.5
60303,5.0,1.5
60309,3.0,1.5
60323,4.0,1.5
60333,2.0,1.5
60334,3.0,1.5
60369,2.0,1.5
60378,3.5,1.5
60383,3.0,1.5
60411,5.0,1.5
60417,4.0,1.5
60442,3.0,1.5
60453,3.0,1.5
60457,0.5,1.5
60461,5.0,1.5
60496,3.0,1.5
60505,4.0,1.5
60506,5.0,1.5
60533,3.0,1.5
60542,5.0,1.5
60543,4.0,1.5
60562,4.0,1.5
60569,5.0,1.5
60582,5.0,1.5
60593,3.0,1.5
60602,2.0,1.5
60612,5.0,1.5
60630,1.0,1.5
60632,4.0,1.5
60635,5.0,1.5
60654,2.0,1.5
60655,4.0,1.5
60670,3.0,1.5
60697,4.0,1.5
60698,2.0,1.5
60705,4.0,1.5
60707,3.5,1.5
60711,3.0,1.5
60722,2.5,1.5
60749,4.0,1.5
60762,4.0,1.5
60767,3.0,1.5
60772,3.0,1.5
60773,5.0,1.5
60777,4.0,1.5
60808,4.0,1.5
60817,3.0,1.5
60836,2.0,1.5
60844,3.0,1.5
60845,2.0,1.5
60852,3.0,1.5
60868,3.0,1.5
60872,2.0,1.5
60875,3.0,1.5
60882,3.5,1.5
60891,5.0,1.5
60909,4.0,1.5
60912,3.0,1.5
60915,5.0,1.5
60923,3.0,1.5
60929,4.0,1.5
60945,3.0,1.5
60950,3.0,1.5
60976,4.0,1.5
60978,2.0,1.5
60989,4.0,1.5
61000,4.0,1.5
61030,3.5,1.5
61035,3.0,1.5
61041,4.5,1.5
61042,5.0,1.5
61048,2.0,1.5
61051,3.0,1.5
61053,4.0,1.5
61062,3.0,1.5
61066,3.0,1.5
61067,4.0,1.5
61069,4.0,1.5
61096,3.0,1.5
61106,2.0,1.5
61107,3.5,1.5
61108,5.0,1.5
61112,4.0,1.5
61115,5.0,1.5
61156,3.0,1.5
61168,2.5,1.5
61186,3.0,1.5
61195,2.0,1.5
61206,4.5,1.5
61208,5.0,1.5
61216,4.0,1.5
61237,4.0,1.5
61245,4.0,1.5
61248,3.0,1.5
61285,4.0,1.5
61305,4.0,1.5
61319,0.5,1.5
61320,4.0,1.5
61323,3.0,1.5
61327,4.0,1.5
61330,4.5,1.5
61340,4.0,1.5
61341,3.5,1.5
61342,5.0,1.5
61349,2.5,1.5
61356,3.0,1.5
61368,2.0,1.5
61374,5.0,1.5
61375,4.0,1.5
61377,3.0,1.5
61379,4.5,1.5
61382,4.0,1.5
61393,3.0,1.5
61405,4.0,1.5
61416,4.0,1.5
61425,3.0,1.5
61432,3.0,1.5
61435,4.0,1.5
61443,5.0,1.5
61449,3.0,1.5
61450,3.0,1.5
61456,4.0,1.5
61468,4.5,1.5
61470,4.0,1.5
61479,4.0,1.5
61487,3.5,1.5
61493,2.5,1.5
61494,3.0,1.5
61495,4.0,1.5
61496,5.0,1.5
61503,3.0,1.5
61507,4.0,1.5
61530,4.0,1.5
61558,3.5,1.5
61567,3.0,1.5
61568,4.0,1.5
61589,4.5,1.5
61616,3.5,1.5
61620,3.5,1.5
61627,2.0,1.5
61638,5.0,1.5
61649,3.0,1.5
61656,5.0,1.5
61657,5.0,1.5
61662,2.0,1.5
61663,3.0,1.5
61667,3.5,1.5
61681,4.0,1.5
61687,4.5,1.5
61688,5.0,1.5
61696,4.0,1.5
61699,3.0,1.5
61701,2.0,1.5
61703,5.0,1.5
61706,2.0,1.5
61709,4.0,1.5
61712,2.0,1.5
61714,2.0,1.5
61718,4.0,1.5
61729,4.0,1.5
61735,4.0,1.5
61736,5.0,1.5
61737,4.5,1.5
61740,4.0,1.5
61744,4.0,1.5
61745,5.0,1.5
61764,5.0,1.5
61775,0.5,1.5
61806,4.0,1.5
61811,3.0,1.5
61815,4.0,1.5
61820,3.0,1.5
61824,4.0,1.5
61834,3.0,1.5
61845,2.0,1.5
61848,5.0,1.5
61853,5.0,1.5
61858,5.0,1.5
61860,3.5,1.5
61887,3.0,1.5
61903,4.0,1.5
61917,2.5,1.5
61923,2.0,1.5
61925,4.0,1.5
61929,4.5,1.5
61932,5.0,1.5
61944,3.0,1.5
61945,5.0,1.5
61961,4.5,1.5
61982,5.0,1.5
61985,4.0,1.5
61991,4.5,1.5
61996,3.0,1.5
62030,4.5,1.5
62038,4.0,1.5
62040,5.0,1.5
62070,4.5,1.5
62073,3.0,1.5
62075,4.0,1.5
62076,4.0,1.5
62078,4.0,1.5
62079,5.0,1.5
62087,5.0,1.5
62089,3.5,1.5
62095,3.0,1.5
62102,4.0,1.5
62103,3.0,1.5
62105,4.0,1.5
62130,4.0,1.5
62134,3.0,1.5
62139,4.0,1.5
62142,3.5,1.5
62156,4.0,1.5
62160,4.5,1.5
62184,4.0,1.5
62204,4.0,1.5
62217,2.0,1.5
62235,3.0,1.5
62250,3.0,1.5
62259,3.5,1.5
62265,4.0,1.5
62268,3.0,1.5
62288,3.0,1.5
62304,4.0,1.5
62317,5.0,1.5
62319,5.0,1.5
62337,3.0,1.5
62345,4.0,1.5
62350,5.0,1.5
62353,4.0,1.5
62357,4.5,1.5
62368,3.0,1.5
62375,5.0,1.5
62385,4.0,1.5
62392,3.0,1.5
62397,4.0,1.5
62399,4.0,1.5
62401,3.0,1.5
62409,4.5,1.5
62420,5.0,1.5
62422,4.0,1.5
62426,4.0,1.5
62430,3.5,1.5
62433,4.0,1.5
62445,3.5,1.5
62446,4.5,1.5
62453,3.0,1.5
62454,4.0,1.5
62466,3.5,1.5
62469,3.0,1.5
62480,4.0,1.5
62490,3.0,1.5
62502,5.0,1.5
62512,3.5,1.5
62524,4.0,1.5
62525,5.0,1.5
62546,3.0,1.5
62554,4.0,1.5
62556,4.0,1.5
62573,4.0,1.5
62577,5.0,1.5
62584,5.0,1.5
62599,3.0,1.5
62616,2.0,1.5
62623,5.0,1.5
62625,4.0,1.5
62641,4.0,1.5
62644,4.0,1.5
62659,4.0,1.5
62674,3.0,1.5
62680,5.0,1.5
62688,4.0,1.5
62696,4.0,1.5
62700,4.0,1.5
62703,5.0,1.5
62705,4.0,1.5
62715,4.0,1.5
62730,3.5,1.5
62742,4.0,1.5
62749,4.0,1.5
62757,4.0,1.5
62758,2.0,1.5
62773,3.0,1.5
62779,5.0,1.5
62785,4.0,1.5
62795,5.0,1.5
62799,4.0,1.5
62800,4.0,1.5
62803,4.0,1.5
62811,4.0,1.5
62812,3.5,1.5
62835,4.0,1.5
62849,5.0,1.5
62862,3.0,1.5
62873,3.0,1.5
62881,3.5,1.5
62887,5.0,1.5
62897,3.5,1.5
62908,4.0,1.5
62917,5.0,1.5
62925,3.0,1.5
62929,5.0,1.5
62946,4.0,1.5
62954,4.0,1.5
62959,4.0,1.5
62962,4.0,1.5
62964,4.0,1.5
62969,4.0,1.5
62975,3.0,1.5
62984,4.0,1.5
62990,3.0,1.5
62996,2.5,1.5
63000,4.0,1.5
63011,5.0,1.5
63022,3.0,1.5
63028,4.0,1.5
63037,4.0,1.5
63045,3.0,1.5
63046,2.5,1.5
63048,4.0,1.5
63055,1.0,1.5
63071,3.5,1.5
63078,4.5,1.5
63085,3.0,1.5
63104,4.0,1.5
63116,4.0,1.5
63118,5.0,1.5
63122,5.0,1.5
63123,4.0,1.5
63131,5.0,1.5
63132,3.0,1.5
63146,4.0,1.5
63147,4.5,1.5
63152,3.0,1.5
63154,3.0,1.5
63167,4.0,1.5
63174,4.0,1.5
63176,2.0,1.5
63185,4.0,1.5
63186,4.0,1.5
63205,5.0,1.5
63209,4.0,1.5
63218,4.0,1.5
63219,5.0,1.5
63222,3.0,1.5
63228,4.0,1.5
63236,5.0,1.5
63255,3.0,1.5
63257,4.0,1.5
63260,4.0,1.5
63267,3.0,1.5
63271,4.0,1.5
63278,4.0,1.5
63280,5.0,1.5
63284,3.0,1.5
63294,3.0,1.5
63298,3.0,1.5
63307,4.0,1.5
63309,4.0,1.5
63319,3.0,1.5
63325,4.0,1.5
63340,4.0,1.5
63346,4.5,1.5
63347,4.0,1.5
63352,3.5,1.5
63353,3.0,1.5
63357,4.0,1.5
63358,5.0,1.5
63362,3.0,1.5
63365,4.5,1.5
63372,4.0,1.5
63380,4.0,1.5
63382,4.0,1.5
63383,2.0,1.5
63409,4.0,1.5
63411,4.0,1.5
63412,3.0,1.5
63440,3.0,1.5
63446,4.0,1.5
63453,4.0,1.5
63459,4.0,1.5
63472,2.0,1.5
63476,4.0,1.5
63482,3.0,1.5
63491,4.0,1.5
63499,4.0,1.5
63520,2.0,1.5
63529,4.5,1.5
63530,4.0,1.5
63532,3.5,1.5
63537,4.5,1.5
63568,3.0,1.5
63570,4.0,1.5
63572,5.0,1.5
63574,3.0,1.5
63580,3.0,1.5
63582,4.0,1.5
63602,4.0,1.5
63605,3.5,1.5
63618,4.0,1.5
63622,5.0,1.5
63627,3.0,1.5
63643,5.0,1.5
63644,3.0,1.5
63647,3.0,1.5
63649,4.0,1.5
63651,1.0,1.5
63665,2.0,1.5
63666,3.0,1.5
63687,5.0,1.5
63704,3.0,1.5
63742,3.0,1.5
63751,5.0,1.5
63758,5.0,1.5
63761,3.0,1.5
63766,4.0,1.5
63772,3.0,1.5
63780,5.0,1.5
63787,3.0,1.5
63790,3.0,1.5
63799,3.0,1.5
63800,2.0,1.5
63804,5.0,1.5
63807,3.5,1.5
63810,4.0,1.5
63824,3.0,1.5
63825,4.0,1.5
63828,3.5,1.5
63831,4.5,1.5
63834,4.5,1.5
63840,4.0,1.5
63858,4.0,1.5
63860,4.0,1.5
63870,5.0,1.5
63874,2.0,1.5
63889,3.0,1.5
63895,4.0,1.5
63909,3.0,1.5
63920,4.5,1.5
63921,4.0,1.5
63939,4.0,1.5
63947,3.0,1.5
63969,4.0,1.5
64010,5.0,1.5
64012,3.0,1.5
64018,4.0,1.5
64040,3.0,1.5
64045,3.0,1.5
64058,5.0,1.5
64060,4.0,1.5
64066,4.0,1.5
64071,4.5,1.5
64072,4.0,1.5
64084,4.5,1.5
64086,4.0,1.5
64094,3.5,1.5
64096,2.0,1.5
64111,3.5,1.5
64112,3.5,1.5
64119,5.0,1.5
64133,4.0,1.5
64147,3.0,1.5
64152,4.5,1.5
64154,3.0,1.5
64159,5.0,1.5
64175,3.0,1.5
64188,4.0,1.5
64189,1.0,1.5
64191,4.5,1.5
64192,5.0,1.5
64197,3.0,1.5
64198,3.0,1.5
64233,3.0,1.5
64242,3.0,1.5
64254,4.0,1.5
64266,3.0,1.5
64271,4.0,1.5
64278,4.0,1.5
64296,4.0,1.5
64302,4.0,1.5
64305,2.0,1.5
64313,3.0,1.5
64314,4.0,1.5
64320,4.0,1.5
64321,4.0,1.5
64326,2.5,1.5
64331,3.0,1.5
64354,4.0,1.5
64368,3.0,1.5
64370,0.5,1.5
64386,4.0,1.5
64396,3.5,1.5
64400,2.0,1.5
64402,2.0,1.5
64407,3.0,1.5
64420,4.0,1.5
64425,3.5,1.5
64428,2.0,1.5
64430,4.5,1.5
64435,2.0,1.5
64439,3.0,1.5
64441,4.0,1.5
64466,2.0,1.5
64475,4.0,1.5
64491,4.0,1.5
64498,3.5,1.5
64502,3.5,1.5
64508,2.0,1.5
64544,3.0,1.5
64554,4.0,1.5
64558,5.0,1.5
64590,3.0,1.5
64597,4.0,1.5
64598,3.5,1.5
64605,3.0,1.5
64606,3.0,1.5
64609,2.0,1.5
64610,4.0,1.5
64615,4.0,1.5
64638,3.0,1.5
64665,1.0,1.5
64666,4.0,1.5
64667,5.0,1.5
64677,4.0,1.5
64683,5.0,1.5
64685,3.0,1.5
64694,4.0,1.5
64733,4.0,1.5
64741,3.0,1.5
64745,5.0,1.5
64751,3.0,1.5
64753,3.0,1.5
64756,4.0,1.5
64783,5.0,1.5
64784,5.0,1.5
64786,4.0,1.5
64787,5.0,1.5
64797,4.0,1.5
64807,3.5,1.5
64813,4.0,1.5
64814,3.0,1.5
64816,4.0,1.5
64818,3.5,1.5
64822,3.0,1.5
64830,3.0,1.5
64835,3.0,1.5
64838,3.0,1.5
64843,4.0,1.5
64844,4.0,1.5
64866,4.0,1.5
64874,4.0,1.5
64878,2.0,1.5
64882,4.5,1.5
64885,2.0,1.5
64906,3.0,1.5
64908,4.0,1.5
64909,4.0,1.5
64911,4.0,1.5
64915,3.0,1.5
64917,3.5,1.5
64920,4.5,1.5
64940,3.0,1.5
64942,4.0,1.5
64949,4.0,1.5
64955,3.0,1.5
64957,2.0,1.5
64958,4.0,1.5
65019,4.0,1.5
65033,4.0,1.5
65044,3.0,1.5
65051,5.0,1.5
65056,4.0,1.5
65072,3.0,1.5
65077,4.0,1.5
65090,4.0,1.5
65091,5.0,1.5
65096,3.0,1.5
65105,4.0,1.5
65112,3.0,1.5
65126,4.5,1.5
65130,3.0,1.5
65144,4.5,1.5
65155,4.0,1.5
65156,4.0,1.5
65159,4.0,1.5
65161,4.0,1.5
65170,3.0,1.5
65171,4.0,1.5
65175,5.0,1.5
65180,5.0,1.5
65182,5.0,1.5
65185,2.0,1.5
65201,3.5,1.5
65205,4.0,1.5
65215,4.0,1.5
65260,4.0,1.5
65277,3.0,1.5
65287,4.0,1.5
65288,5.0,1.5
65290,5.0,1.5
65294,3.5,1.5
65295,0.5,1.5
65297,3.0,1.5
65300,2.0,1.5
65304,5.0,1.5
65305,1.0,1.5
65316,3.0,1.5
65317,4.5,1.5
65321,0.5,1.5
65323,1.5,1.5
65331,4.0,1.5
65373,4.0,1.5
65375,4.5,1.5
65380,3.0,1.5
65394,4.5,1.5
65397,1.0,1.5
65401,4.0,1.5
65431,4.0,1.5
65437,3.0,1.5
65439,5.0,1.5
65469,3.0,1.5
65473,4.5,1.5
65489,5.0,1.5
65503,4.0,1.5
65518,3.0,1.5
65527,1.5,1.5
65529,4.0,1.5
65541,3.0,1.5
65542,3.5,1.5
65543,5.0,1.5
65568,4.0,1.5
65569,2.0,1.5
65587,4.0,1.5
65596,4.0,1.5
65605,3.0,1.5
65609,5.0,1.5
65615,3.0,1.5
65617,3.0,1.5
65618,3.0,1.5
65624,4.0,1.5
65630,1.0,1.5
65670,4.5,1.5
65691,4.0,1.5
65737,5.0,1.5
65742,5.0,1.5
65743,3.0,1.5
65747,3.0,1.5
65751,5.0,1.5
65759,4.0,1.5
65776,5.0,1.5
65783,5.0,1.5
65785,3.0,1.5
65790,4.5,1.5
65804,5.0,1.5
65814,3.0,1.5
65832,3.0,1.5
65835,5.0,1.5
65839,4.0,1.5
65840,5.0,1.5
65847,3.0,1.5
65848,3.0,1.5
65852,5.0,1.5
65862,4.0,1.5
65896,3.0,1.5
65907,4.0,1.5
65910,3.0,1.5
65940,3.0,1.5
65949,4.0,1.5
65959,4.0,1.5
65962,4.0,1.5
65966,4.0,1.5
65967,2.0,1.5
65974,3.0,1.5
65978,4.0,1.5
65979,4.0,1.5
65981,3.0,1.5
65998,5.0,1.5
66008,3.0,1.5
66013,4.0,1.5
66023,3.5,1.5
66025,4.0,1.5
66041,3.0,1.5
66042,3.0,1.5
66043,3.0,1.5
66048,5.0,1.5
66049,4.0,1.5
66055,3.0,1.5
66067,3.0,1.5
66080,5.0,1.5
66085,4.0,1.5
66088,3.0,1.5
66128,5.0,1.5
66132,3.0,1.5
66140,3.0,1.5
66145,3.0,1.5
66155,3.0,1.5
66159,4.0,1.5
66176,4.0,1.5
66178,4.0,1.5
66179,3.5,1.5
66180,3.0,1.5
66200,4.0,1.5
66220,3.0,1.5
66257,2.0,1.5
66259,4.0,1.5
66263,3.0,1.5
66270,3.0,1.5
66273,2.0,1.5
66275,3.0,1.5
66279,3.0,1.5
66282,5.0,1.5
66283,5.0,1.5
66292,3.0,1.5
66298,3.0,1.5
66300,2.0,1.5
66303,3.0,1.5
66313,4.0,1.5
66317,4.0,1.5
66322,3.0,1.5
66331,4.0,1.5
66338,4.0,1.5
66346,5.0,1.5
66350,4.0,1.5
66362,3.0,1.5
66395,3.0,1.5
66399,4.0,1.5
66406,4.0,1.5
66411,3.5,1.5
66427,4.0,1.5
66429,3.0,1.5
66435,5.0,1.5
66443,3.0,1.5
66463,4.5,1.5
66464,4.0,1.5
66474,4.5,1.5
66480,3.0,1.5
66490,4.0,1.5
66499,5.0,1.5
66527,4.5,1.5
66533,4.5,1.5
66547,4.5,1.5
66558,4.0,1.5
66560,3.0,1.5
66565,3.0,1.5
66574,2.0,1.5
66579,3.0,1.5
66599,2.0,1.5
66603,4.0,1.5
66606,4.0,1.5
66608,3.0,1.5
66613,2.0,1.5
66617,4.0,1.5
66620,4.5,1.5
66637,5.0,1.5
66649,3.0,1.5
66650,5.0,1.5
66670,4.0,1.5
66677,4.0,1.5
66716,4.0,1.5
66719,4.0,1.5
66721,2.0,1.5
66731,4.0,1.5
66736,3.0,1.5
66738,4.5,1.5
66741,5.0,1.5
66763,4.0,1.5
66769,4.0,1.5
66803,3.0,1.5
66808,4.0,1.5
66810,4.0,1.5
66819,4.5,1.5
66825,4.0,1.5
66827,5.0,1.5
66834,3.0,1.5
66836,3.5,1.5
66837,4.0,1.5
66844,4.0,1.5
66845,3.0,1.5
66861,4.0,1.5
66871,3.0,1.5
66873,3.5,1.5
66875,4.0,1.5
66878,5.0,1.5
66881,5.0,1.5
66884,1.0,1.5
66890,4.0,1.5
66892,3.0,1.5
66901,4.0,1.5
66919,3.0,1.5
66943,2.0,1.5
66950,5.0,1.5
66953,3.0,1.5
66967,2.0,1.5
66986,5.0,1.5
66998,3.0,1.5
67011,3.0,1.5
67015,2.5,1.5
67022,4.0,1.5
67025,4.0,1.5
67033,3.0,1.5
67036,4.0,1.5
67053,4.0,1.5
67064,4.0,1.5
67068,3.5,1.5
67073,3.0,1.5
67075,3.0,1.5
67078,3.0,1.5
67092,4.0,1.5
67099,2.0,1.5
67113,3.0,1.5
67117,4.0,1.5
67130,3.0,1.5
67131,5.0,1.5
67134,4.0,1.5
67145,3.5,1.5
67149,4.5,1.5
67155,1.0,1.5
67161,4.0,1.5
67167,3.0,1.5
67185,5.0,1.5
67196,4.0,1.5
67199,4.0,1.5
67221,5.0,1.5
67226,5.0,1.5
67246,4.5,1.5
67256,5.0,1.5
67269,5.0,1.5
67282,1.5,1.5
67283,4.0,1.5
67291,5.0,1.5
67296,4.0,1.5
67308,3.0,1.5
67320,4.0,1.5
67325,2.0,1.5
67334,4.0,1.5
67340,4.5,1.5
67352,3.5,1.5
67374,2.0,1.5
67385,5.0,1.5
67392,3.0,1.5
67400,5.0,1.5
67404,1.0,1.5
67407,4.0,1.5
67414,5.0,1.5
67430,4.0,1.5
67434,4.0,1.5
67440,4.0,1.5
67443,4.5,1.5
67444,4.0,1.5
67460,3.0,1.5
67477,1.0,1.5
67493,4.0,1.5
67510,4.5,1.5
67513,3.0,1.5
67515,4.5,1.5
67527,1.0,1.5
67544,3.5,1.5
67546,3.0,1.5
67563,4.0,1.5
67569,4.5,1.5
67571,3.0,1.5
67581,4.0,1.5
67588,4.0,1.5
67602,5.0,1.5
67618,2.5,1.5
67628,4.0,1.5
67636,3.0,1.5
67644,5.0,1.5
67652,4.0,1.5
67655,3.5,1.5
67657,4.0,1.5
67666,2.5,1.5
67683,3.0,1.5
67697,3.0,1.5
67698,5.0,1.5
67705,3.0,1.5
67709,2.0,1.5
67713,4.0,1.5
67720,4.0,1.5
67735,3.0,1.5
67743,4.0,1.5
67748,4.0,1.5
67749,4.0,1.5
67750,1.0,1.5
67757,5.0,1.5
67770,3.0,1.5
67772,4.0,1.5
67773,5.0,1.5
67777,4.0,1.5
67789,5.0,1.5
67793,4.0,1.5
67800,5.0,1.5
67808,4.0,1.5
67815,2.0,1.5
67830,4.0,1.5
67840,5.0,1.5
67843,3.0,1.5
67854,4.0,1.5
67855,5.0,1.5
67866,2.0,1.5
67871,5.0,1.5
67881,2.5,1.5
67902,5.0,1.5
67922,5.0,1.5
67942,2.0,1.5
67961,1.0,1.5
67995,3.0,1.5
67996,3.0,1.5
67998,3.0,1.5
67999,4.0,1.5
68004,4.0,1.5
68009,3.0,1.5
68013,3.0,1.5
68024,4.0,1.5
68027,2.0,1.5
68049,3.0,1.5
68054,5.0,1.5
68063,4.0,1.5
68077,4.0,1.5
68081,3.5,1.5
68088,3.0,1.5
68101,4.0,1.5
68111,4.0,1.5
68131,5.0,1.5
68164,3.5,1.5
68168,3.0,1.5
68182,4.0,1.5
68183,3.5,1.5
68195,2.0,1.5
68206,4.5,1.5
68214,5.0,1.5
68215,5.0,1.5
68228,3.0,1.5
68229,3.0,1.5
68233,3.5,1.5
68235,4.0,1.5
68247,3.0,1.5
68254,4.0,1.5
68260,4.0,1.5
68261,3.0,1.5
68264,2.0,1.5
68266,5.0,1.5
68286,4.0,1.5
68293,3.5,1.5
68296,4.0,1.5
68324,3.0,1.5
68341,5.0,1.5
68344,5.0,1.5
68358,4.0,1.5
68360,5.0,1.5
68369,4.0,1.5
68378,4.0,1.5
68403,3.5,1.5
68408,3.0,1.5
68425,2.0,1.5
68426,4.0,1.5
68427,2.0,1.5
68429,4.0,1.5
68431,4.0,1.5
68445,3.0,1.5
68450,3.0,1.5
68468,4.0,1.5
68469,4.5,1.5
68486,2.0,1.5
68490,4.0,1.5
68501,4.0,1.5
68507,3.5,1.5
68545,4.5,1.5
68552,3.0,1.5
68558,4.5,1.5
68562,3.0,1.5
68563,4.0,1.5
68570,3.0,1.5
68575,4.0,1.5
68582,4.0,1.5
68599,4.0,1.5
68603,5.0,1.5
68617,3.5,1.5
68622,4.0,1.5
68634,3.0,1.5
68644,5.0,1.5
68646,1.0,1.5
68648,3.0,1.5
68659,3.5,1.5
68666,4.0,1.5
68672,3.0,1.5
68681,4.0,1.5
68687,3.0,1.5
68707,3.0,1.5
68721,5.0,1.5
68760,4.0,1.5
68763,2.0,1.5
68781,5.0,1.5
68787,5.0,1.5
68788,4.0,1.5
68796,3.5,1.5
68799,2.5,1.5
68800,4.0,1.5
68807,3.0,1.5
68809,3.0,1.5
68810,2.0,1.5
68820,3.0,1.5
68841,4.0,1.5
68844,3.0,1.5
68871,3.0,1.5
68887,4.0,1.5
68890,3.0,1.5
68895,4.0,1.5
68934,3.5,1.5
68946,4.0,1.5
68956,4.0,1.5
68961,2.0,1.5
68969,5.0,1.5
68980,3.0,1.5
69021,5.0,1.5
69028,5.0,1.5
69029,5.0,1.5
69037,3.0,1.5
69038,3.0,1.5
69040,4.0,1.5
69048,5.0,1.5
69049,3.5,1.5
69064,4.5,1.5
69065,3.0,1.5
69072,4.0,1.5
69080,3.0,1.5
69082,4.0,1.5
69094,4.5,1.5
69105,3.0,1.5
69114,4.0,1.5
69124,4.5,1.5
69138,5.0,1.5
69145,3.5,1.5
69164,3.0,1.5
69176,3.5,1.5
69185,5.0,1.5
69188,2.5,1.5
69189,3.0,1.5
69192,3.0,1.5
69198,3.0,1.5
69248,1.0,1.5
69262,4.0,1.5
69263,4.0,1.5
69282,3.0,1.5
69304,5.0,1.5
69313,5.0,1.5
69331,3.0,1.5
69338,4.0,1.5
69340,4.0,1.5
69345,5.0,1.5
69357,3.0,1.5
69378,4.0,1.5
69386,3.0,1.5
69392,5.0,1.5
69400,3.0,1.5
69405,3.0,1.5
69407,2.0,1.5
69431,5.0,1.5
69439,5.0,1.5
69463,4.0,1.5
69470,3.5,1.5
69475,5.0,1.5
69482,1.0,1.5
69494,4.0,1.5
69498,3.5,1.5
69508,4.0,1.5
69520,3.0,1.5
69538,4.0,1.5
69543,4.0,1.5
69545,5.0,1.5
69561,4.5,1.5
69567,3.0,1.5
69582,3.5,1.5
69584,3.0,1.5
69594,4.0,1.5
69596,3.5,1.5
69612,4.0,1.5
69614,3.0,1.5
69624,3.0,1.5
69626,5.0,1.5
69631,5.0,1.5
69654,2.0,1.5
69662,4.0,1.5
69664,4.0,1.5
69683,4.0,1.5
69686,3.0,1.5
69687,5.0,1.5
69695,5.0,1.5
69696,3.0,1.5
69699,4.5,1.5
69710,4.0,1.5
69711,1.0,1.5
69732,3.0,1.5
69736,5.0,1.5
69744,4.0,1.5
69756,5.0,1.5
69767,3.0,1.5
69768,5.0,1.5
69770,3.0,1.5
69774,4.0,1.5
69782,3.0,1.5
69791,3.0,1.5
69793,3.5,1.5
69807,4.0,1.5
69808,4.0,1.5
69810,3.0,1.5
69825,5.0,1.5
69841,4.0,1.5
69843,4.0,1.5
69850,3.0,1.5
69855,3.0,1.5
69856,3.0,1.5
69873,0.5,1.5
69897,3.0,1.5
69912,3.0,1.5
69932,5.0,1.5
69935,4.5,1.5
69942,4.0,1.5
69946,5.0,1.5
69956,4.0,1.5
69963,3.0,1.5
69965,2.0,1.5
69969,4.5,1.5
69983,4.0,1.5
69986,5.0,1.5
69988,5.0,1.5
70008,4.0,1.5
70023,4.0,1.5
70025,4.0,1.5
70033,3.0,1.5
70035,3.5,1.5
70041,4.0,1.5
70047,3.0,1.5
70049,4.0,1.5
70062,4.0,1.5
70066,5.0,1.5
70083,3.0,1.5
70092,5.0,1.5
70097,3.0,1.5
70106,4.5,1.5
70107,4.0,1.5
70143,3.5,1.5
70173,3.0,1.5
70174,4.5,1.5
70178,3.0,1.5
70201,3.0,1.5
70203,3.0,1.5
70213,4.0,1.5
70228,2.0,1.5
70230,3.0,1.5
70231,3.0,1.5
70246,5.0,1.5
70261,5.0,1.5
70263,3.0,1.5
70268,3.0,1.5
70269,5.0,1.5
70275,4.0,1.5
70277,3.0,1.5
70280,1.0,1.5
70282,5.0,1.5
70290,5.0,1.5
70298,4.0,1.5
70303,4.0,1.5
70309,5.0,1.5
70320,4.0,1.5
70324,5.0,1.5
70340,4.0,1.5
70342,3.5,1.5
70346,4.5,1.5
70357,4.0,1.5
70372,4.0,1.5
70376,3.0,1.5
70379,5.0,1.5
70383,5.0,1.5
70386,4.5,1.5
70394,2.0,1.5
70395,3.5,1.5
70401,4.0,1.5
70406,4.0,1.5
70415,3.0,1.5
70423,5.0,1.5
70428,5.0,1.5
70434,3.0,1.5
70442,5.0,1.5
70446,4.0,1.5
70449,3.0,1.5
70453,4.0,1.5
70456,1.0,1.5
70463,3.5,1.5
70468,4.0,1.5
70494,2.0,1.5
70505,2.0,1.5
70506,4.0,1.5
70508,3.0,1.5
70509,4.0,1.5
70528,1.0,1.5
70535,4.0,1.5
70539,4.0,1.5
70544,4.0,1.5
70550,2.0,1.5
70551,5.0,1.5
70576,2.5,1.5
70592,3.0,1.5
70608,3.0,1.5
70620,5.0,1.5
70634,3.0,1.5
70636,4.0,1.5
70646,4.0,1.5
70659,5.0,1.5
70662,4.0,1.5
70663,4.0,1.5
70664,3.0,1.5
70666,2.0,1.5
70676,1.0,1.5
70682,4.0,1.5
70688,3.0,1.5
70689,4.0,1.5
70704,4.5,1.5
70714,4.0,1.5
70721,3.0,1.5
70727,5.0,1.5
70728,4.5,1.5
70738,3.0,1.5
70740,3.0,1.5
70747,2.0,1.5
70752,3.5,1.5
70755,4.0,1.5
70756,5.0,1.5
70768,2.5,1.5
70770,4.0,1.5
70777,5.0,1.5
70786,2.0,1.5
70787,5.0,1.5
70804,4.5,1.5
70816,2.0,1.5
70837,4.0,1.5
70843,3.0,1.5
70854,5.0,1.5
70863,4.0,1.5
70871,4.0,1.5
70877,4.0,1.5
70883,3.5,1.5
70887,4.5,1.5
70921,3.0,1.5
70923,2.0,1.5
70927,4.0,1.5
70935,3.0,1.5
70936,1.0,1.5
70945,3.5,1.5
70956,4.0,1.5
70959,3.0,1.5
70962,4.0,1.5
70969,3.0,1.5
70998,2.0,1.5
71001,4.0,1.5
71002,5.0,1.5
71003,5.0,1.5
71006,5.0,1.5
71008,5.0,1.5
71010,3.0,1.5
71016,3.0,1.5
71018,4.0,1.5
71026,4.0,1.5
71035,2.0,1.5
71038,4.0,1.5
71074,3.0,1.5
71085,3.0,1.5
71088,2.5,1.5
71090,5.0,1.5
71093,3.0,1.5
71099,4.0,1.5
71101,4.0,1.5
71109,2.0,1.5
71116,4.0,1.5
71117,4.0,1.5
71121,3.0,1.5
71131,3.0,1.5
71136,3.0,1.5
71151,3.5,1.5
71162,2.5,1.5
71184,3.0,1.5
71189,4.0,1.5
71198,2.0,1.5
71203,3.0,1.5
71205,4.0,1.5
71206,2.5,1.5
71208,5.0,1.5
71211,5.0,1.5
71229,3.0,1.5
71236,2.5,1.5
71247,2.0,1.5
71257,2.0,1.5
71261,3.0,1.5
71264,4.0,1.5
71267,4.0,1.5
71285,5.0,1.5
71289,5.0,1.5
71314,3.0,1.5
71322,3.0,1.5
71332,5.0,1.5
71340,4.0,1.5
71357,3.0,1.5
71360,4.5,1.5
71369,4.0,1.5
71372,4.0,1.5
71377,5.0,1.5
71384,4.0,1.5
71402,4.0,1.5
71416,5.0,1.5
71436,5.0,1.5
71442,3.0,1.5
71443,4.0,1.5
71444,4.0,1.5
71445,4.5,1.5
71448,4.0,1.5
71449,5.0,1.5
71453,4.0,1.5
71459,5.0,1.5
71482,2.0,1.5
71493,4.0,1.5
71513,5.0,1.5
71515,4.0,1.5
71519,4.0,1.5
71526,4.0,1.5
71533,2.0,1.5
71545,3.5,1.5
71568,3.5,1.5
71569,3.0,1.5
71576,5.0,1.5
71584,3.0,1.5
71586,5.0,1.5
71605,4.5,1.5
71611,1.0,1.5
71614,4.0,1.5
71621,3.0,1.5
71625,3.0,1.5
71629,5.0,1.5
71639,3.0,1.5
71644,5.0,1.5
71658,3.0,1.5
71671,2.0,1.5
71674,3.0,1.5
71680,4.0,1.5
71683,4.0,1.5
71688,4.5,1.5
71691,3.0,1.5
71693,3.0,1.5
71699,4.5,1.5
71721,4.0,1.5
71735,5.0,1.5
71752,4.0,1.5
71757,5.0,1.5
71761,4.0,1.5
71767,3.0,1.5
71774,5.0,1.5
71781,4.0,1.5
71789,4.0,1.5
71795,5.0,1.5
71796,3.0,1.5
71801,5.0,1.5
71803,3.5,1.5
71810,3.0,1.5
71813,1.0,1.5
71822,4.0,1.5
71825,3.5,1.5
71836,4.0,1.5
71845,3.0,1.5
71858,4.0,1.5
71871,3.5,1.5
71876,5.0,1.5
71904,3.0,1.5
71905,4.0,1.5
71908,3.5,1.5
71928,3.5,1.5
71932,4.0,1.5
71956,5.0,1.5
71974,5.0,1.5
71975,3.0,1.5
71980,3.0,1.5
71982,4.0,1.5
71988,5.0,1.5
71990,4.0,1.5
71992,2.0,1.5
71995,4.0,1.5
71997,3.0,1.5
71999,5.0,1.5
72008,5.0,1.5
72033,3.0,1.5
72041,4.0,1.5
72045,4.0,1.5
72064,3.0,1.5
72067,4.0,1.5
72073,4.5,1.5
72082,4.0,1.5
72085,2.5,1.5
72087,4.0,1.5
72092,4.0,1.5
72094,3.0,1.5
72098,4.0,1.5
72100,4.0,1.5
72101,3.0,1.5
72102,4.0,1.5
72129,5.0,1.5
72144,4.0,1.5
72153,3.5,1.5
72161,4.0,1.5
72177,4.0,1.5
72179,4.0,1.5
72181,4.0,1.5
72191,4.0,1.5
72193,5.0,1.5
72194,4.5,1.5
72198,5.0,1.5
72254,3.5,1.5
72264,1.0,1.5
72266,4.0,1.5
72276,4.0,1.5
72284,4.0,1.5
72289,3.0,1.5
72299,2.0,1.5
72305,4.0,1.5
72306,1.5,1.5
72315,4.0,1.5
72325,5.0,1.5
72341,4.0,1.5
72342,5.0,1.5
72343,3.0,1.5
72358,4.0,1.5
72368,5.0,1.5
72379,3.0,1.5
72401,1.5,1.5
72421,4.5,1.5
72426,4.0,1.5
72455,4.5,1.5
72465,5.0,1.5
72470,2.0,1.5
72480,4.5,1.5
72482,5.0,1.5
72490,5.0,1.5
72506,4.0,1.5
72512,3.5,1.5
72517,4.5,1.5
72525,3.0,1.5
72528,4.0,1.5
72533,5.0,1.5
72538,3.5,1.5
72539,5.0,1.5
72541,4.0,1.5
72547,4.0,1.5
72590,5.0,1.5
72596,1.0,1.5
72608,4.0,1.5
72618,3.0,1.5
72624,4.0,1.5
72625,5.0,1.5
72659,4.0,1.5
72676,3.0,1.5
72684,4.0,1.5
72686,4.0,1.5
72689,3.0,1.5
72694,4.0,1.5
72703,4.0,1.5
72715,3.5,1.5
72718,5.0,1.5
72731,1.0,1.5
72732,3.0,1.5
72734,4.5,1.5
72751,4.0,1.5
72757,5.0,1.5
72758,4.0,1.5
72762,3.0,1.5
72770,5.0,1.5
72803,3.0,1.5
72804,2.0,1.5
72806,4.0,1.5
72827,5.0,1.5
72832,1.0,1.5
72838,2.0,1.5
72850,4.0,1.5
72856,4.0,1.5
72863,1.5,1.5
72869,5.0,1.5
72880,2.0,1.5
72904,3.5,1.5
72910,3.0,1.5
72927,3.0,1.5
72929,5.0,1.5
72936,3.0,1.5
72945,4.0,1.5
72948,2.0,1.5
72952,4.0,1.5
72956,4.0,1.5
72971,4.5,1.5
72977,5.0,1.5
72983,5.0,1.5
72984,3.0,1.5
72991,3.0,1.5
72992,3.5,1.5
72994,4.0,1.5
73012,5.0,1.5
73044,3.0,1.5
73063,4.0,1.5
73068,2.0,1.5
73074,3.0,1.5
73076,4.0,1.5
73078,2.0,1.5
73081,4.0,1.5
73090,5.0,1.5
73091,5.0,1.5
73112,5.0,1.5
73115,5.0,1.5
73117,3.5,1.5
73121,4.0,1.5
73127,5.0,1.5
73133,4.0,1.5
73140,3.0,1.5
73150,4.0,1.5
73152,4.0,1.5
73157,4.5,1.5
73160,4.0,1.5
73175,3.0,1.5
73182,3.0,1.5
73187,4.0,1.5
73191,1.0,1.5
73192,3.0,1.5
73193,4.0,1.5
73213,5.0,1.5
73234,4.0,1.5
73238,4.0,1.5
73239,3.0,1.5
73246,4.0,1.5
73251,4.0,1.5
73257,5.0,1.5
73264,5.0,1.5
73268,3.0,1.5
73270,5.0,1.5
73272,4.0,1.5
73293,5.0,1.5
73307,4.0,1.5
73318,4.0,1.5
73325,4.0,1.5
73335,4.0,1.5
73348,3.5,1.5
73352,4.0,1.5
73364,4.0,1.5
73365,5.0,1.5
73366,3.5,1.5
73372,3.0,1.5
73377,4.0,1.5
73384,4.0,1.5
73396,4.0,1.5
73411,4.0,1.5
73414,5.0,1.5
73424,3.0,1.5
73436,3.0,1.5
73437,4.0,1.5
73456,4.0,1.5
73462,4.0,1.5
73463,3.0,1.5
73464,3.0,1.5
73482,4.0,1.5
73489,3.0,1.5
73493,5.0,1.5
73506,4.0,1.5
73508,4.0,1.5
73514,5.0,1.5
73552,4.0,1.5
73564,5.0,1.5
73569,4.0,1.5
73589,5.0,1.5
73594,3.5,1.5
73600,3.0,1.5
73607,2.5,1.5
73611,3.0,1.5
73615,4.0,1.5
73628,2.0,1.5
73652,4.5,1.5
73665,4.0,1.5
73669,4.5,1.5
73671,5.0,1.5
73672,4.5,1.5
73681,3.5,1.5
73682,2.5,1.5
73690,4.0,1.5
73698,3.0,1.5
73700,3.5,1.5
73710,5.0,1.5
73717,4.0,1.5
73718,3.0,1.5
73721,1.5,1.5
73733,4.5,1.5
73750,4.0,1.5
73767,4.0,1.5
73778,4.5,1.5
73780,4.0,1.5
73787,3.0,1.5
73789,4.0,1.5
73793,5.0,1.5
73800,5.0,1.5
73825,5.0,1.5
73827,3.0,1.5
73853,4.0,1.5
73857,3.5,1.5
73860,3.0,1.5
73869,4.0,1.5
73878,4.0,1.5
73879,2.0,1.5
73882,3.5,1.5
73894,5.0,1.5
73898,4.0,1.5
73902,2.0,1.5
73915,4.0,1.5
73936,3.0,1.5
73945,3.0,1.5
73948,4.0,1.5
73953,4.0,1.5
73956,4.0,1.5
73964,4.0,1.5
73967,3.0,1.5
73984,4.0,1.5
73990,4.0,1.5
74000,3.5,1.5
74008,3.0,1.5
74017,3.0,1.5
74019,4.5,1.5
74021,4.0,1.5
74027,4.5,1.5
74033,5.0,1.5
74036,3.0,1.5
74037,4.0,1.5
74038,4.0,1.5
74048,4.0,1.5
74054,4.0,1.5
74063,4.0,1.5
74072,4.0,1.5
74094,2.0,1.5
74096,4.0,1.5
74100,5.0,1.5
74109,5.0,1.5
74114,5.0,1.5
74115,4.5,1.5
74122,4.5,1.5
74125,1.0,1.5
74128,3.0,1.5
74132,5.0,1.5
74142,5.0,1.5
74145,4.0,1.5
74151,3.0,1.5
74175,4.0,1.5
74188,4.0,1.5
74198,1.0,1.5
74204,4.0,1.5
74212,3.0,1.5
74222,4.0,1.5
74229,5.0,1.5
74241,4.0,1.5
74251,2.0,1.5
74254,3.0,1.5
74273,4.0,1.5
74277,4.0,1.5
74278,3.5,1.5
74279,2.0,1.5
74286,2.5,1.5
74289,2.0,1.5
74291,3.0,1.5
74295,5.0,1.5
74305,3.0,1.5
74313,4.0,1.5
74337,5.0,1.5
74343,1.0,1.5
74347,4.0,1.5
74348,4.0,1.5
74356,3.5,1.5
74363,5.0,1.5
74365,3.0,1.5
74366,4.5,1.5
74388,3.0,1.5
74391,3.0,1.5
74400,4.0,1.5
74403,5.0,1.5
74420,1.0,1.5
74421,4.0,1.5
74433,4.0,1.5
74434,4.5,1.5
74437,4.0,1.5
74449,4.0,1.5
74463,3.0,1.5
74471,1.5,1.5
74473,3.0,1.5
74476,5.0,1.5
74478,5.0,1.5
74490,3.0,1.5
74500,5.0,1.5
74521,4.0,1.5
74524,3.0,1.5
74542,2.0,1.5
74546,3.0,1.5
74547,3.0,1.5
74549,0.5,1.5
74569,4.0,1.5
74570,2.0,1.5
74571,5.0,1.5
74573,4.0,1.5
74577,4.0,1.5
74579,3.0,1.5
74592,3.0,1.5
74596,3.0,1.5
74597,3.0,1.5
74604,4.0,1.5
74613,4.5,1.5
74614,4.5,1.5
74616,4.0,1.5
74639,3.0,1.5
74644,3.0,1.5
74647,3.0,1.5
74654,2.0,1.5
74662,5.0,1.5
74674,3.0,1.5
74680,3.0,1.5
74682,3.0,1.5
74705,2.0,1.5
74707,4.0,1.5
74709,2.0,1.5
74716,3.5,1.5
74721,3.0,1.5
74723,4.0,1.5
74730,4.0,1.5
74740,4.0,1.5
74742,4.0,1.5
74751,5.0,1.5
74756,3.0,1.5
74757,2.5,1.5
74758,4.5,1.5
74765,5.0,1.5
74778,3.5,1.5
74779,3.0,1.5
74789,5.0,1.5
74803,4.0,1.5
74814,4.0,1.5
74827,4.0,1.5
74846,5.0,1.5
74858,3.0,1.5
74878,5.0,1.5
74879,3.0,1.5
74882,1.5,1.5
74884,4.0,1.5
74891,3.0,1.5
74893,3.5,1.5
74902,4.5,1.5
74904,4.0,1.5
74912,2.0,1.5
74917,3.0,1.5
74919,3.0,1.5
74937,5.0,1.5
74943,5.0,1.5
74951,3.0,1.5
74962,5.0,1.5
74963,3.0,1.5
74967,3.0,1.5
74991,2.0,1.5
75000,4.0,1.5
75010,4.0,1.5
75012,3.5,1.5
75021,2.5,1.5
75025,4.0,1.5
75026,4.5,1.5
75039,5.0,1.5
75041,3.0,1.5
75055,3.0,1.5
75057,4.5,1.5
75068,4.0,1.5
75069,3.0,1.5
75076,4.0,1.5
75079,3.0,1.5
75099,3.0,1.5
75105,3.5,1.5
75126,5.0,1.5
75127,3.5,1.5
75128,4.0,1.5
75141,2.0,1.5
75148,4.0,1.5
75153,4.0,1.5
75157,4.0,1.5
75161,4.0,1.5
75164,5.0,1.5
75169,4.0,1.5
75194,4.0,1.5
75195,4.5,1.5
75210,5.0,1.5
75222,4.0,1.5
75258,3.0,1.5
75293,2.0,1.5
75294,2.0,1.5
75299,4.0,1.5
75301,4.0,1.5
75304,2.0,1.5
75307,5.0,1.5
75309,4.0,1.5
75327,5.0,1.5
75361,3.5,1.5
75362,4.0,1.5
75381,5.0,1.5
75391,4.0,1.5
75400,5.0,1.5
75429,5.0,1.5
75436,3.5,1.5
75438,5.0,1.5
75440,4.0,1.5
75448,3.5,1.5
75449,2.0,1.5
75456,4.0,1.5
75469,3.5,1.5
75472,3.0,1.5
75478,4.0,1.5
75483,5.0,1.5
75503,4.0,1.5
75506,3.0,1.5
75511,4.0,1.5
75512,3.0,1.5
75532,5.0,1.5
75536,3.0,1.5
75539,5.0,1.5
75540,4.0,1.5
75541,4.0,1.5
75559,3.0,1.5
75560,4.0,1.5
75562,3.0,1.5
75564,3.0,1.5
75568,3.0,1.5
75570,3.5,1.5
75573,2.0,1.5
75580,4.0,1.5
75585,4.0,1.5
75588,3.5,1.5
75601,4.0,1.5
75606,5.0,1.5
75618,3.0,1.5
75627,4.0,1.5
75642,3.0,1.5
75644,3.0,1.5
75647,1.0,1.5
75663,3.0,1.5
75668,4.0,1.5
75669,2.5,1.5
75676,4.0,1.5
75678,3.0,1.5
75691,4.0,1.5
75697,3.0,1.5
75719,4.0,1.5
75723,4.0,1.5
75727,5.0,1.5
75744,4.0,1.5
75761,4.0,1.5
75764,3.0,1.5
75765,4.0,1.5
75770,5.0,1.5
75773,4.5,1.5
75779,3.0,1.5
75781,3.0,1.5
75804,3.0,1.5
75810,4.5,1.5
75812,4.0,1.5
75818,4.0,1.5
75825,3.0,1.5
75827,5.0,1.5
75839,5.0,1.5
75841,3.5,1.5
75865,2.0,1.5
75867,5.0,1.5
75897,4.0,1.5
75902,4.0,1.5
75903,4.0,1.5
75905,4.0,1.5
75918,3.5,1.5
75929,5.0,1.5
75935,3.0,1.5
75936,4.0,1.5
75939,4.0,1.5
75955,4.0,1.5
75956,1.0,1.5
75966,4.0,1.5
75979,0.5,1.5
75986,3.0,1.5
76008,5.0,1.5
76010,3.0,1.5
76022,4.0,1.5
76030,3.0,1.5
76032,3.0,1.5
76035,5.0,1.5
76040,4.0,1.5
76044,3.0,1.5
76047,3.0,1.5
76055,3.0,1.5
76062,5.0,1.5
76069,4.0,1.5
76078,3.0,1.5
76080,3.0,1.5
76082,4.0,1.5
76089,4.0,1.5
76099,3.5,1.5
76102,3.0,1.5
76122,4.0,1.5
76124,3.0,1.5
76125,3.0,1.5
76129,3.0,1.5
76134,3.0,1.5
76138,4.0,1.5
76141,3.5,1.5
76145,4.0,1.5
76155,4.5,1.5
76160,4.0,1.5
76169,2.0,1.5
76207,4.0,1.5
76211,4.0,1.5
76213,3.0,1.5
76222,3.5,1.5
76230,3.0,1.5
76268,4.0,1.5
76269,3.0,1.5
76279,3.0,1.5
76281,3.5,1.5
76292,4.0,1.5
76302,4.0,1.5
76308,3.0,1.5
76315,4.0,1.5
76317,4.0,1.5
76318,4.5,1.5
76326,3.0,1.5
76348,4.0,1.5
76352,4.0,1.5
76355,3.0,1.5
76361,3.0,1.5
76363,4.0,1.5
76380,4.5,1.5
76383,4.0,1.5
76390,3.0,1.5
76391,4.0,1.5
76401,4.0,1.5
76411,3.0,1.5
76417,4.0,1.5
76426,4.0,1.5
76435,3.5,1.5
76437,0.5,1.5
76440,2.0,1.5
76451,5.0,1.5
76454,4.0,1.5
76458,3.0,1.5
76461,3.0,1.5
76462,5.0,1.5
76465,4.0,1.5
76473,3.0,1.5
76476,4.0,1.5
76480,3.0,1.5
76481,3.0,1.5
76502,5.0,1.5
76510,2.0,1.5
76522,5.0,1.5
76527,4.0,1.5
76530,4.0,1.5
76537,4.0,1.5
76540,2.5,1.5
76544,3.0,1.5
76548,1.5,1.5
76555,5.0,1.5
76557,4.0,1.5
76562,3.0,1.5
76575,4.5,1.5
76585,5.0,1.5
76604,3.0,1.5
76625,4.5,1.5
76626,4.0,1.5
76630,2.5,1.5
76633,4.0,1.5
76647,3.0,1.5
76652,2.0,1.5
76657,2.0,1.5
76675,4.0,1.5
76697,4.0,1.5
76699,4.0,1.5
76729,4.0,1.5
76731,3.0,1.5
76737,5.0,1.5
76743,3.0,1.5
76761,2.0,1.5
76763,5.0,1.5
76765,3.0,1.5
76771,3.0,1.5
76780,5.0,1.5
76788,4.0,1.5
76811,4.0,1.5
76842,4.0,1.5
76846,1.0,1.5
76850,3.0,1.5
76853,3.0,1.5
76857,1.5,1.5
76859,4.0,1.5
76866,4.0,1.5
76869,3.0,1.5
76870,3.0,1.5
76871,3.0,1.5
76874,4.5,1.5
76879,4.0,1.5
76893,3.0,1.5
76908,3.0,1.5
76910,3.0,1.5
76917,3.0,1.5
76941,2.5,1.5
76947,3.0,1.5
76952,2.0,1.5
76954,4.0,1.5
76988,5.0,1.5
76994,4.0,1.5
76995,2.0,1.5
76997,5.0,1.5
77004,3.0,1.5
77007,4.0,1.5
77008,3.0,1.5
77018,4.0,1.5
77035,3.0,1.5
77040,3.0,1.5
77046,5.0,1.5
77052,5.0,1.5
77056,4.0,1.5
77058,4.0,1.5
77066,3.0,1.5
77077,4.0,1.5
77079,4.0,1.5
77100,3.0,1.5
77104,4.0,1.5
77144,4.0,1.5
77147,1.0,1.5
77150,4.0,1.5
77156,4.0,1.5
77158,4.0,1.5
77159,4.0,1.5
77170,4.0,1.5
77173,3.0,1.5
77175,3.0,1.5
77182,3.0,1.5
77191,2.0,1.5
77193,2.0,1.5
77195,5.0,1.5
77205,3.0,1.5
77210,4.0,1.5
77216,3.0,1.5
77219,5.0,1.5
77220,3.0,1.5
77230,4.0,1.5
77233,4.0,1.5
77236,3.0,1.5
77240,4.0,1.5
77246,5.0,1.5
77247,4.0,1.5
77257,5.0,1.5
77277,4.0,1.5
77282,3.0,1.5
77287,2.0,1.5
77295,4.0,1.5
77297,4.0,1.5
77320,1.0,1.5
77337,3.0,1.5
77340,3.0,1.5
77364,3.0,1.5
77365,3.0,1.5
77372,4.0,1.5
77376,4.0,1.5
77381,3.0,1.5
77382,3.5,1.5
77387,3.0,1.5
77391,3.0,1.5
77396,4.0,1.5
77398,4.0,1.5
77401,3.0,1.5
77405,5.0,1.5
77418,2.0,1.5
77423,4.0,1.5
77431,5.0,1.5
77433,4.5,1.5
77452,4.0,1.5
77463,3.0,1.5
77478,4.0,1.5
77484,2.0,1.5
77485,4.0,1.5
77487,4.0,1.5
77490,5.0,1.5
77491,3.0,1.5
77512,1.0,1.5
77514,4.0,1.5
77521,3.5,1.5
77534,4.5,1.5
77541,1.0,1.5
77549,5.0,1.5
77551,3.0,1.5
77560,4.0,1.5
77562,2.0,1.5
77563,4.0,1.5
77574,5.0,1.5
77579,4.0,1.5
77581,4.0,1.5
77587,2.0,1.5
77588,4.0,1.5
77589,2.5,1.5
77591,2.0,1.5
77605,3.0,1.5
77626,4.5,1.5
77630,4.0,1.5
77636,4.0,1.5
77643,3.0,1.5
77656,3.0,1.5
77663,4.0,1.5
77676,3.0,1.5
77696,4.0,1.5
77706,4.0,1.5
77711,5.0,1.5
77718,4.0,1.5
77719,3.0,1.5
77734,3.0,1.5
77739,5.0,1.5
77740,4.0,1.5
77746,2.0,1.5
77812,1.0,1.5
77815,5.0,1.5
77820,5.0,1.5
77821,4.0,1.5
77840,4.0,1.5
77884,4.0,1.5
77896,3.0,1.5
77913,5.0,1.5
77918,1.0,1.5
77930,2.0,1.5
77934,3.0,1.5
77935,4.0,1.5
77936,3.0,1.5
77943,4.0,1.5
77948,3.5,1.5
77952,3.0,1.5
77968,5.0,1.5
77975,4.0,1.5
77977,4.0,1.5
77999,4.0,1.5
78000,5.0,1.5
78012,4.0,1.5
78018,4.0,1.5
78029,4.0,1.5
78032,3.0,1.5
78037,3.0,1.5
78040,4.0,1.5
78052,4.0,1.5
78055,4.0,1.5
78069,3.5,1.5
78081,2.0,1.5
78087,2.5,1.5
78093,3.0,1.5
78095,4.0,1.5
78104,4.0,1.5
78109,3.0,1.5
78110,4.0,1.5
78123,3.0,1.5
78137,3.0,1.5
78146,3.0,1.5
78154,3.5,1.5
78162,2.0,1.5
78167,4.0,1.5
78173,5.0,1.5
78175,4.0,1.5
78178,5.0,1.5
78185,4.0,1.5
78188,1.0,1.5
78199,3.0,1.5
78208,5.0,1.5
78217,5.0,1.5
78231,2.0,1.5
78247,1.0,1.5
78250,1.0,1.5
78252,5.0,1.5
78259,3.0,1.5
78275,2.5,1.5
78280,3.0,1.5
78289,2.5,1.5
78291,5.0,1.5
78295,5.0,1.5
78303,4.5,1.5
78306,4.5,1.5
78308,4.0,1.5
78309,5.0,1.5
78315,5.0,1.5
78326,3.0,1.5
78356,4.0,1.5
78362,3.5,1.5
78391,4.0,1.5
78392,4.0,1.5
78394,4.0,1.5
78397,2.5,1.5
78411,4.5,1.5
78419,3.0,1.5
78420,3.0,1.5
78433,4.0,1.5
78447,2.5,1.5
78448,2.0,1.5
78450,5.0,1.5
78453,4.0,1.5
78455,4.0,1.5
78458,4.0,1.5
78474,2.0,1.5
78488,4.0,1.5
78495,5.0,1.5
78501,4.5,1.5
78511,2.0,1.5
78516,3.0,1.5
78529,5.0,1.5
78542,4.0,1.5
78555,5.0,1.5
78561,4.0,1.5
78564,4.5,1.5
78567,4.0,1.5
78579,3.5,1.5
78602,5.0,1.5
78617,4.0,1.5
78665,3.0,1.5
78675,5.0,1.5
78681,5.0,1.5
78696,4.0,1.5
78711,3.0,1.5
78713,4.0,1.5
78728,3.0,1.5
78739,5.0,1.5
78740,3.5,1.5
78755,4.0,1.5
78766,4.0,1.5
78773,4.0,1.5
78778,4.0,1.5
78781,4.0,1.5
78784,3.0,1.5
78789,3.5,1.5
78801,4.0,1.5
78802,4.0,1.5
78809,5.0,1.5
78810,4.0,1.5
78829,5.0,1.5
78831,2.0,1.5
78842,2.5,1.5
78845,4.5,1.5
78851,4.0,1.5
78853,3.0,1.5
78875,3.0,1.5
78876,3.0,1.5
78882,3.0,1.5
78898,5.0,1.5
78902,4.0,1.5
78917,4.5,1.5
78923,5.0,1.5
78931,3.0,1.5
78948,1.0,1.5
78951,2.0,1.5
78959,3.0,1.5
78978,3.0,1.5
78990,4.0,1.5
78991,5.0,1.5
78993,4.0,1.5
78997,5.0,1.5
78998,5.0,1.5
79005,4.0,1.5
79011,4.0,1.5
79013,1.0,1.5
79034,3.0,1.5
79044,3.0,1.5
79049,5.0,1.5
79064,3.0,1.5
79066,5.0,1.5
79089,3.0,1.5
79130,4.0,1.5
79135,3.0,1.5
79140,3.0,1.5
79146,4.0,1.5
79147,5.0,1.5
79159,4.0,1.5
79166,3.0,1.5
79176,3.0,1.5
79177,4.0,1.5
79181,4.0,1.5
79192,1.0,1.5
79197,1.5,1.5
79208,4.0,1.5
79214,3.0,1.5
79215,3.0,1.5
79219,4.0,1.5
79237,4.5,1.5
79251,4.0,1.5
79260,3.0,1.5
79261,3.0,1.5
79290,4.0,1.5
79292,3.0,1.5
79297,5.0,1.5
79301,5.0,1.5
79333,3.5,1.5
79344,5.0,1.5
79347,3.0,1.5
79353,3.0,1.5
79357,4.0,1.5
79366,5.0,1.5
79374,4.0,1.5
79386,4.0,1.5
79390,4.0,1.5
79393,4.0,1.5
79394,4.0,1.5
79401,4.0,1.5
79405,4.0,1.5
79419,3.0,1.5
79425,5.0,1.5
79432,4.0,1.5
79433,5.0,1.5
79437,4.0,1.5
79442,3.0,1.5
79460,4.5,1.5
79462,1.0,1.5
79469,3.0,1.5
79473,3.0,1.5
79474,4.5,1.5
79477,4.0,1.5
79479,3.5,1.5
79484,5.0,1.5
79494,3.0,1.5
79499,4.0,1.5
79516,5.0,1.5
79520,3.0,1.5
79521,4.0,1.5
79531,4.0,1.5
79537,3.0,1.5
79565,3.5,1.5
79578,5.0,1.5
79579,4.0,1.5
79585,4.0,1.5
79587,4.0,1.5
79589,1.0,1.5
79594,4.5,1.5
79599,3.5,1.5
79608,4.5,1.5
79629,3.0,1.5
79630,5.0,1.5
79636,4.0,1.5
79639,2.5,1.5
79643,3.5,1.5
79652,4.0,1.5
79661,4.0,1.5
79675,4.0,1.5
79684,4.5,1.5
79687,2.5,1.5
79699,3.0,1.5
79700,3.5,1.5
79713,4.0,1.5
79725,4.0,1.5
79766,5.0,1.5
79768,4.5,1.5
79778,4.0,1.5
79783,3.0,1.5
79790,2.0,1.5
79809,3.0,1.5
79820,3.0,1.5
79825,3.0,1.5
79828,3.5,1.5
79833,4.0,1.5
79847,4.0,1.5
79870,5.0,1.5
79871,4.0,1.5
79877,5.0,1.5
79881,3.5,1.5
79886,3.0,1.5
79892,4.5,1.5
79895,4.0,1.5
79902,2.0,1.5
79911,4.0,1.5
79913,5.0,1.5
79925,4.0,1.5
79927,3.5,1.5
79928,4.0,1.5
79938,2.0,1.5
79945,3.0,1.5
79961,4.0,1.5
79967,4.0,1.5
79971,3.0,1.5
79984,2.0,1.5
79986,4.5,1.5
79989,5.0,1.5
79993,3.0,1.5
80006,2.0,1.5
80007,3.0,1.5
80015,3.0,1.5
80020,4.0,1.5
80024,4.0,1.5
80034,3.0,1.5
80043,3.0,1.5
80048,4.0,1.5
80053,5.0,1.5
80057,4.0,1.5
80061,4.0,1.5
80065,4.0,1.5
80078,3.5,1.5
80081,5.0,1.5
80087,5.0,1.5
80092,3.5,1.5
80095,4.0,1.5
80099,4.0,1.5
80101,4.0,1.5
80103,4.0,1.5
80119,4.0,1.5
80127,4.0,1.5
80140,4.0,1.5
80145,4.0,1.5
80155,4.0,1.5
80163,4.0,1.5
80166,3.0,1.5
80177,4.0,1.5
80185,3.0,1.5
80191,3.5,1.5
80196,3.0,1.5
80207,4.5,1.5
80212,4.0,1.5
80219,4.0,1.5
80220,3.0,1.5
80232,3.0,1.5
80240,4.0,1.5
80243,3.0,1.5
80252,4.0,1.5
80260,3.0,1.5
80276,5.0,1.5
80285,4.0,1.5
80290,4.0,1.5
80294,4.0,1.5
80299,4.0,1.5
80322,3.0,1.5
80334,4.5,1.5
80337,3.5,1.5
80352,5.0,1.5
80366,4.0,1.5
80375,4.0,1.5
80376,4.0,1.5
80377,3.0,1.5
80386,3.0,1.5
80387,3.0,1.5
80391,4.0,1.5
80396,5.0,1.5
80397,4.0,1.5
80406,3.0,1.5
80408,3.0,1.5
80417,2.5,1.5
80425,3.0,1.5
80426,4.0,1.5
80436,4.5,1.5
80439,4.0,1.5
80442,3.0,1.5
80449,4.5,1.5
80459,4.0,1.5
80460,3.0,1.5
80465,4.0,1.5
80470,5.0,1.5
80487,4.0,1.5
80488,1.0,1.5
80494,3.0,1.5
80501,4.0,1.5
80514,4.0,1.5
80528,4.5,1.5
80533,3.5,1.5
80537,4.0,1.5
80539,2.5,1.5
80558,5.0,1.5
80569,5.0,1.5
80572,3.5,1.5
80590,4.0,1.5
80593,4.0,1.5
80598,3.0,1.5
80625,3.0,1.5
80634,3.0,1.5
80640,3.5,1.5
80644,3.5,1.5
80651,4.0,1.5
80655,5.0,1.5
80662,3.0,1.5
80668,4.0,1.5
80671,4.0,1.5
80675,4.0,1.5
80677,3.5,1.5
80693,5.0,1.5
80694,2.0,1.5
80730,3.0,1.5
80731,3.0,1.5
80734,3.0,1.5
80735,4.0,1.5
80743,4.0,1.5
80746,3.0,1.5
80755,4.0,1.5
80759,1.0,1.5
80762,5.0,1.5
80771,4.0,1.5
80778,3.5,1.5
80788,3.0,1.5
80799,3.0,1.5
80828,4.0,1.5
80833,3.0,1.5
80844,2.5,1.5
80846,4.5,1.5
80853,3.5,1.5
80870,3.0,1.5
80874,4.0,1.5
80880,5.0,1.5
80884,3.0,1.5
80885,3.0,1.5
80886,4.0,1.5
80888,4.0,1.5
80889,5.0,1.5
80898,4.0,1.5
80902,3.0,1.5
80903,5.0,1.5
80910,4.5,1.5
80914,5.0,1.5
80920,4.0,1.5
80923,5.0,1.5
80928,2.0,1.5
80932,3.0,1.5
80946,4.0,1.5
80947,4.0,1.5
80951,2.5,1.5
80952,5.0,1.5
80954,3.5,1.5
80960,2.0,1.5
80961,3.0,1.5
80994,5.0,1.5
81000,2.0,1.5
81002,3.0,1.5
81006,4.0,1.5
81014,4.0,1.5
81024,3.5,1.5
81025,3.0,1.5
81037,5.0,1.5
81041,1.0,1.5
81044,2.0,1.5
81045,4.0,1.5
81052,4.0,1.5
81054,4.0,1.5
81057,3.0,1.5
81060,3.0,1.5
81087,4.0,1.5
81093,2.0,1.5
81099,3.5,1.5
81117,4.5,1.5
81120,5.0,1.5
81126,3.0,1.5
81136,3.0,1.5
81144,4.0,1.5
81147,4.5,1.5
81180,4.0,1.5
81194,4.5,1.5
81207,4.0,1.5
81212,3.5,1.5
81218,5.0,1.5
81228,3.5,1.5
81230,4.0,1.5
81235,5.0,1.5
81257,4.5,1.5
81263,3.0,1.5
81266,4.0,1.5
81268,3.0,1.5
81272,4.0,1.5
81293,3.5,1.5
81310,5.0,1.5
81324,4.0,1.5
81336,5.0,1.5
81338,5.0,1.5
81343,4.0,1.5
81345,4.5,1.5
81351,5.0,1.5
81372,4.0,1.5
81374,3.0,1.5
81377,5.0,1.5
81380,4.0,1.5
81387,3.0,1.5
81389,3.0,1.5
81412,5.0,1.5
81418,4.0,1.5
81427,3.5,1.5
81430,5.0,1.5
81437,3.0,1.5
81440,3.0,1.5
81455,3.0,1.5
81459,2.0,1.5
81460,3.5,1.5
81462,4.5,1.5
81468,1.0,1.5
81469,3.0,1.5
81474,3.5,1.5
81476,3.0,1.5
81487,3.0,1.5
81493,4.0,1.5
81497,4.0,1.5
81505,3.0,1.5
81507,3.0,1.5
81510,3.0,1.5
81521,4.0,1.5
81523,4.5,1.5
81525,5.0,1.5
81542,3.0,1.5
81556,4.0,1.5
81575,5.0,1.5
81578,3.0,1.5
81581,5.0,1.5
81589,3.0,1.5
81596,1.0,1.5
81597,3.0,1.5
81601,5.0,1.5
81605,4.0,1.5
81608,3.0,1.5
81618,4.0,1.5
81627,4.0,1.5
81628,4.0,1.5
81640,5.0,1.5
81646,3.0,1.5
81652,2.5,1.5
81661,3.0,1.5
81674,5.0,1.5
81677,3.0,1.5
81685,4.0,1.5
81688,5.0,1.5
81701,4.0,1.5
81712,2.0,1.5
81718,4.0,1.5
81723,5.0,1.5
81734,4.0,1.5
81740,3.0,1.5
81747,4.0,1.5
81771,2.0,1.5
81775,4.0,1.5
81805,4.0,1.5
81809,4.0,1.5
81811,4.5,1.5
81820,3.0,1.5
81823,4.0,1.5
81824,5.0,1.5
81833,4.0,1.5
81842,4.0,1.5
81854,5.0,1.5
81860,5.0,1.5
81882,3.5,1.5
81888,4.0,1.5
81908,5.0,1.5
81921,5.0,1.5
81936,3.5,1.5
81938,3.0,1.5
81940,3.0,1.5
81944,5.0,1.5
81946,4.0,1.5
81951,3.0,1.5
81960,5.0,1.5
81977,4.0,1.5
81995,3.0,1.5
82034,3.5,1.5
82042,4.0,1.5
82055,4.0,1.5
82057,3.0,1.5
82062,3.0,1.5
82067,4.0,1.5
82082,5.0,1.5
82092,4.0,1.5
82101,3.5,1.5
82103,3.0,1.5
82104,1.5,1.5
82132,3.0,1.5
82134,4.0,1.5
82148,3.5,1.5
82154,4.0,1.5
82172,2.0,1.5
82199,5.0,1.5
82211,4.0,1.5
82215,3.0,1.5
82216,5.0,1.5
82220,3.0,1.5
82228,3.0,1.5
82230,4.0,1.5
82253,4.0,1.5
82267,3.0,1.5
82273,4.0,1.5
82304,3.0,1.5
82335,2.0,1.5
82337,4.0,1.5
82348,4.0,1.5
82352,3.0,1.5
82367,4.0,1.5
82389,3.0,1.5
82390,4.0,1.5
82400,4.0,1.5
82401,3.0,1.5
82403,4.0,1.5
82409,5.0,1.5
82414,3.0,1.5
82418,5.0,1.5
82438,4.0,1.5
82444,3.0,1.5
82449,4.0,1.5
82461,3.5,1.5
82466,3.5,1.5
82475,4.0,1.5
82477,0.5,1.5
82479,4.0,1.5
82480,1.0,1.5
82504,4.0,1.5
82506,4.5,1.5
82519,3.0,1.5
82521,4.0,1.5
82530,1.5,1.5
82539,4.0,1.5
82547,5.0,1.5
82552,5.0,1.5
82565,3.0,1.5
82571,4.0,1.5
82581,3.0,1.5
82607,4.0,1.5
82627,3.5,1.5
82632,5.0,1.5
82634,2.5,1.5
82648,3.0,1.5
82666,2.0,1.5
82670,3.0,1.5
82681,2.0,1.5
82682,3.0,1.5
82687,3.0,1.5
82690,5.0,1.5
82699,5.0,1.5
82707,4.5,1.5
82714,4.0,1.5
82739,4.0,1.5
82740,5.0,1.5
82745,1.0,1.5
82748,3.0,1.5
82764,4.0,1.5
82774,3.0,1.5
82783,3.5,1.5
82784,4.0,1.5
82803,4.5,1.5
82807,4.0,1.5
82825,3.5,1.5
82835,4.0,1.5
82837,3.0,1.5
82844,5.0,1.5
82849,3.0,1.5
82853,5.0,1.5
82855,4.0,1.5
82860,3.5,1.5
82862,2.0,1.5
82866,3.0,1.5
82871,4.0,1.5
82895,5.0,1.5
82897,3.0,1.5
82904,3.0,1.5
82907,4.0,1.5
82908,4.5,1.5
82922,3.0,1.5
82927,4.0,1.5
82958,4.0,1.5
82964,3.0,1.5
82968,4.5,1.5
82976,4.0,1.5
82978,3.0,1.5
82981,3.5,1.5
82992,5.0,1.5
83001,4.0,1.5
83003,5.0,1.5
83004,3.5,1.5
83006,3.0,1.5
83019,4.0,1.5
83025,1.0,1.5
83026,3.0,1.5
83031,3.0,1.5
83043,3.0,1.5
83052,5.0,1.5
83060,3.0,1.5
83063,3.5,1.5
83085,1.0,1.5
83090,3.0,1.5
83110,4.0,1.5
83120,3.5,1.5
83122,4.0,1.5
83126,3.0,1.5
83137,5.0,1.5
83148,3.0,1.5
83159,3.5,1.5
83169,4.0,1.5
83173,4.0,1.5
83176,1.0,1.5
83179,3.0,1.5
83187,3.0,1.5
83189,4.0,1.5
83218,4.0,1.5
83220,1.0,1.5
83223,5.0,1.5
83224,2.0,1.5
83231,2.0,1.5
83237,5.0,1.5
83238,5.0,1.5
83248,5.0,1.5
83256,3.0,1.5
83275,3.5,1.5
83279,3.0,1.5
83286,4.0,1.5
83290,4.0,1.5
83320,4.0,1.5
83322,5.0,1.5
83331,4.0,1.5
83334,2.5,1.5
83338,4.0,1.5
83349,3.0,1.5
83358,4.0,1.5
83359,2.0,1.5
83364,4.0,1.5
83382,4.0,1.5
83395,3.0,1.5
83439,2.0,1.5
83445,4.0,1.5
83462,5.0,1.5
83474,5.0,1.5
83477,3.0,1.5
83482,4.5,1.5
83510,3.0,1.5
83511,3.0,1.5
83521,5.0,1.5
83534,5.0,1.5
83554,4.5,1.5
83555,2.5,1.5
83560,2.0,1.5
83561,5.0,1.5
83567,4.0,1.5
83581,1.0,1.5
83589,4.0,1.5
83592,4.5,1.5
83596,3.0,1.5
83605,4.0,1.5
83615,5.0,1.5
83618,5.0,1.5
83624,5.0,1.5
83625,3.5,1.5
83656,4.0,1.5
83661,4.0,1.5
83682,4.0,1.5
83685,2.0,1.5
83689,4.0,1.5
83751,4.0,1.5
83752,3.0,1.5
83763,5.0,1.5
83764,4.0,1.5
83777,4.0,1.5
83781,4.0,1.5
83796,4.0,1.5
83822,3.5,1.5
83828,1.0,1.5
83837,5.0,1.5
83841,2.0,1.5
83842,4.0,1.5
83845,3.0,1.5
83856,3.0,1.5
83864,4.0,1.5
83865,2.0,1.5
83867,5.0,1.5
83870,3.0,1.5
83871,3.0,1.5
83899,3.0,1.5
83923,4.0,1.5
83935,4.0,1.5
83947,4.0,1.5
83949,4.0,1.5
83955,3.0,1.5
83959,2.5,1.5
83965,4.0,1.5
83970,4.5,1.5
84008,4.0,1.5
84010,5.0,1.5
84019,5.0,1.5
84022,3.5,1.5
84026,4.5,1.5
84031,5.0,1.5
84032,3.0,1.5
84061,3.5,1.5
84062,4.0,1.5
84063,2.0,1.5
84067,3.0,1.5
84071,5.0,1.5
84077,4.0,1.5
84088,3.0,1.5
84095,4.0,1.5
84107,4.0,1.5
84111,3.0,1.5
84115,2.0,1.5
84121,4.0,1.5
84128,4.0,1.5
84135,5.0,1.5
84156,1.0,1.5
84158,3.5,1.5
84160,5.0,1.5
84192,4.0,1.5
84207,4.0,1.5
84211,3.0,1.5
84230,5.0,1.5
84237,5.0,1.5
84248,4.0,1.5
84275,3.0,1.5
84278,3.0,1.5
84281,5.0,1.5
84293,3.0,1.5
84295,4.0,1.5
84302,3.5,1.5
84304,4.0,1.5
84316,4.0,1.5
84320,2.0,1.5
84348,3.0,1.5
84371,5.0,1.5
84374,4.0,1.5
84376,4.0,1.5
84379,4.5,1.5
84387,5.0,1.5
84392,3.0,1.5
84396,2.5,1.5
84397,4.0,1.5
84422,5.0,1.5
84433,4.0,1.5
84443,3.0,1.5
84454,4.0,1.5
84464,5.0,1.5
84466,3.0,1.5
84472,2.0,1.5
84474,4.0,1.5
84515,4.5,1.5
84520,3.0,1.5
84549,4.0,1.5
84558,4.5,1.5
84588,5.0,1.5
84600,3.0,1.5
84614,5.0,1.5
84619,2.0,1.5
84620,3.5,1.5
84626,4.0,1.5
84627,3.0,1.5
84653,3.0,1.5
84664,3.5,1.5
84678,3.0,1.5
84689,4.0,1.5
84696,3.0,1.5
84697,5.0,1.5
84709,4.0,1.5
84720,3.0,1.5
84735,3.0,1.5
84740,4.0,1.5
84742,2.0,1.5
84743,3.0,1.5
84749,3.0,1.5
84752,4.0,1.5
84754,4.0,1.5
84769,4.0,1.5
84775,3.0,1.5
84783,5.0,1.5
84785,4.0,1.5
84792,4.0,1.5
84797,4.0,1.5
84799,2.5,1.5
84802,4.5,1.5
84811,1.0,1.5
84815,4.0,1.5
84819,3.0,1.5
84827,3.0,1.5
84856,3.0,1.5
84861,1.5,1.5
84868,4.0,1.5
84875,5.0,1.5
84878,4.0,1.5
84885,3.5,1.5
84898,3.0,1.5
84900,3.0,1.5
84903,4.5,1.5
84905,4.0,1.5
84906,5.0,1.5
84910,0.5,1.5
84916,3.0,1.5
84931,3.0,1.5
84940,4.0,1.5
84944,5.0,1.5
84965,4.0,1.5
84971,5.0,1.5
84974,5.0,1.5
84975,5.0,1.5
84983,4.0,1.5
84986,3.0,1.5
84987,4.0,1.5
85000,4.0,1.5
85002,4.0,1.5
85017,4.0,1.5
85022,4.0,1.5
85033,4.0,1.5
85034,4.5,1.5
85048,3.0,1.5
85050,3.0,1.5
85053,3.0,1.5
85076,1.0,1.5
85082,5.0,1.5
85084,4.0,1.5
85105,5.0,1.5
85107,3.0,1.5
85119,4.5,1.5
85125,3.0,1.5
85128,4.0,1.5
85145,3.0,1.5
85146,5.0,1.5
85147,4.0,1.5
85149,4.0,1.5
85155,5.0,1.5
85163,3.0,1.5
85190,3.0,1.5
85193,3.5,1.5
85210,5.0,1.5
85214,4.0,1.5
85218,3.0,1.5
85223,4.0,1.5
85227,2.0,1.5
85234,4.0,1.5
85245,3.5,1.5
85248,4.0,1.5
85249,3.5,1.5
85252,3.0,1.5
85259,4.0,1.5
85266,3.0,1.5
85274,4.0,1.5
85275,4.0,1.5
85286,3.0,1.5
85287,4.0,1.5
85298,3.0,1.5
85302,5.0,1.5
85305,3.0,1.5
85307,5.0,1.5
85310,3.0,1.5
85312,5.0,1.5
85335,4.5,1.5
85336,3.5,1.5
85362,3.0,1.5
85371,4.0,1.5
85374,4.0,1.5
85376,3.5,1.5
85389,4.0,1.5
85390,1.0,1.5
85393,3.5,1.5
85396,2.0,1.5
85401,4.0,1.5
85412,3.5,1.5
85422,2.5,1.5
85432,4.0,1.5
85439,4.0,1.5
85445,3.0,1.5
85478,4.0,1.5
85479,5.0,1.5
85486,4.0,1.5
85508,5.0,1.5
85509,2.0,1.5
85525,2.5,1.5
85532,4.0,1.5
85544,3.0,1.5
85556,5.0,1.5
85559,3.0,1.5
85561,5.0,1.5
85562,3.0,1.5
85581,3.5,1.5
85583,4.0,1.5
85586,3.5,1.5
85602,4.0,1.5
85605,4.0,1.5
85617,4.5,1.5
85623,3.0,1.5
85640,4.5,1.5
85642,3.0,1.5
85646,1.0,1.5
85649,4.5,1.5
85650,3.0,1.5
85662,4.0,1.5
85672,2.0,1.5
85676,5.0,1.5
85681,2.0,1.5
85703,4.0,1.5
85706,4.0,1.5
85711,4.0,1.5
85722,4.5,1.5
85725,2.0,1.5
85727,3.0,1.5
85730,4.0,1.5
85744,5.0,1.5
85746,3.0,1.5
85771,5.0,1.5
85786,5.0,1.5
85788,2.0,1.5
85791,4.0,1.5
85793,4.0,1.5
85807,5.0,1.5
85820,4.5,1.5
85847,5.0,1.5
85855,2.0,1.5
85860,3.0,1.5
85862,1.0,1.5
85868,4.0,1.5
85873,5.0,1.5
85888,2.0,1.5
85893,4.0,1.5
85901,5.0,1.5
85909,4.0,1.5
85915,5.0,1.5
85920,5.0,1.5
85922,4.0,1.5
85924,3.0,1.5
85926,5.0,1.5
85941,4.0,1.5
85960,3.0,1.5
85961,3.0,1.5
85969,4.5,1.5
85971,4.0,1.5
85988,4.0,1.5
86020,2.0,1.5
86025,5.0,1.5
86028,4.0,1.5
86032,3.0,1.5
86035,4.0,1.5
86040,4.0,1.5
86041,4.5,1.5
86042,3.0,1.5
86060,3.0,1.5
86071,3.0,1.5
86083,5.0,1.5
86088,4.0,1.5
86094,3.0,1.5
86096,1.0,1.5
86099,3.5,1.5
86118,3.0,1.5
86130,3.5,1.5
86156,3.5,1.5
86170,3.0,1.5
86173,5.0,1.5
86182,3.0,1.5
86186,4.0,1.5
86189,1.5,1.5
86209,1.0,1.5
86214,4.0,1.5
86222,4.0,1.5
86235,4.5,1.5
86236,5.0,1.5
86243,3.0,1.5
86255,4.0,1.5
86260,4.0,1.5
86266,4.0,1.5
86277,4.0,1.5
86291,5.0,1.5
86299,3.5,1.5
86334,3.0,1.5
86356,2.0,1.5
86360,4.5,1.5
86380,2.0,1.5
86383,3.0,1.5
86388,4.0,1.5
86445,4.0,1.5
86452,5.0,1.5
86454,3.0,1.5
86456,5.0,1.5
86458,4.0,1.5
86466,1.0,1.5
86473,3.0,1.5
86477,4.5,1.5
86496,4.0,1.5
86515,3.5,1.5
86518,5.0,1.5
86520,4.0,1.5
86529,4.5,1.5
86531,3.5,1.5
86554,4.0,1.5
86557,5.0,1.5
86594,3.0,1.5
86599,1.5,1.5
86618,5.0,1.5
86619,4.5,1.5
86630,4.0,1.5
86631,4.0,1.5
86632,5.0,1.5
86633,3.5,1.5
86639,0.5,1.5
86651,3.0,1.5
86652,5.0,1.5
86665,2.0,1.5
86666,3.5,1.5
86676,4.0,1.5
86683,4.0,1.5
86687,4.0,1.5
86697,2.0,1.5
86722,4.0,1.5
86729,3.5,1.5
86733,3.0,1.5
86736,1.0,1.5
86749,5.0,1.5
86768,4.5,1.5
86772,4.0,1.5
86779,2.0,1.5
86780,4.0,1.5
86785,4.0,1.5
86795,3.0,1.5
86796,2.0,1.5
86807,5.0,1.5
86824,4.0,1.5
86829,5.0,1.5
86848,3.0,1.5
86857,4.5,1.5
86858,4.0,1.5
86862,5.0,1.5
86863,1.0,1.5
86873,4.0,1.5
86874,3.0,1.5
86894,4.0,1.5
86898,2.0,1.5
86913,3.0,1.5
86917,3.0,1.5
86934,4.0,1.5
86935,2.0,1.5
86936,3.5,1.5
86963,3.5,1.5
86971,1.0,1.5
86973,4.0,1.5
86974,4.0,1.5
86984,4.0,1.5
86990,4.5,1.5
86998,3.0,1.5
86999,5.0,1.5
87012,2.5,1.5
87017,5.0,1.5
87021,5.0,1.5
87024,3.5,1.5
87030,3.0,1.5
87040,3.0,1.5
87041,4.0,1.5
87042,5.0,1.5
87050,4.0,1.5
87053,4.0,1.5
87090,3.0,1.5
87093,3.0,1.5
87094,4.0,1.5
87117,4.0,1.5
87119,3.0,1.5
87129,3.0,1.5
87135,3.0,1.5
87156,5.0,1.5
87157,5.0,1.5
87159,5.0,1.5
87163,5.0,1.5
87164,4.0,1.5
87179,5.0,1.5
87180,2.0,1.5
87206,5.0,1.5
87221,3.0,1.5
87238,4.0,1.5
87258,4.0,1.5
87289,3.0,1.5
87301,5.0,1.5
87314,1.0,1.5
87319,3.0,1.5
87320,4.0,1.5
87333,5.0,1.5
87335,3.0,1.5
87345,3.0,1.5
87350,3.0,1.5
87354,2.0,1.5
87368,3.0,1.5
87370,4.0,1.5
87395,4.0,1.5
87401,3.0,1.5
87406,4.5,1.5
87427,3.0,1.5
87428,5.0,1.5
87441,2.0,1.5
87456,3.0,1.5
87468,3.0,1.5
87481,4.5,1.5
87485,3.0,1.5
87488,2.0,1.5
87496,4.0,1.5
87502,4.0,1.5
87506,4.0,1.5
87532,4.0,1.5
87538,2.0,1.5
87573,4.0,1.5
87595,4.0,1.5
87604,3.0,1.5
87605,5.0,1.5
87610,3.0,1.5
87611,3.0,1.5
87615,4.0,1.5
87619,3.5,1.5
87620,4.0,1.5
87637,4.0,1.5
87647,3.5,1.5
87665,3.0,1.5
87674,4.0,1.5
87679,3.0,1.5
87689,5.0,1.5
87705,5.0,1.5
87718,2.0,1.5
87720,3.0,1.5
87726,5.0,1.5
87745,3.0,1.5
87759,4.0,1.5
87786,2.0,1.5
87788,4.0,1.5
87789,1.0,1.5
87797,4.0,1.5
87810,5.0,1.5
87815,4.0,1.5
87824,3.0,1.5
87826,4.0,1.5
87837,5.0,1.5
87840,3.0,1.5
87845,4.0,1.5
87851,3.0,1.5
87887,2.0,1.5
87901,5.0,1.5
87915,4.0,1.5
87931,4.0,1.5
87942,1.0,1.5
87945,3.0,1.5
87952,3.0,1.5
87954,2.5,1.5
87957,4.0,1.5
87994,4.0,1.5
88002,5.0,1.5
88022,3.0,1.5
88024,4.0,1.5
88099,5.0,1.5
88116,4.0,1.5
88127,3.0,1.5
88129,2.0,1.5
88132,4.0,1.5
88133,3.0,1.5
88137,3.0,1.5
88159,4.0,1.5
88174,3.0,1.5
88176,4.0,1.5
88177,4.0,1.5
88181,0.5,1.5
88182,4.0,1.5
88201,5.0,1.5
88204,4.0,1.5
88219,4.5,1.5
88228,3.0,1.5
88229,4.0,1.5
88236,3.0,1.5
88237,3.0,1.5
88238,4.0,1.5
88239,1.0,1.5
88246,4.0,1.5
88267,4.0,1.5
88270,4.0,1.5
88292,3.0,1.5
88297,4.5,1.5
88299,4.0,1.5
88312,3.0,1.5
88346,5.0,1.5
88347,3.0,1.5
88357,4.0,1.5
88363,2.0,1.5
88379,2.0,1.5
88391,4.0,1.5
88394,2.5,1.5
88397,5.0,1.5
88409,4.0,1.5
88418,5.0,1.5
88437,2.0,1.5
88442,3.0,1.5
88449,4.0,1.5
88451,3.0,1.5
88452,4.0,1.5
88457,1.0,1.5
88463,4.0,1.5
88464,5.0,1.5
88478,4.0,1.5
88489,3.0,1.5
88495,3.0,1.5
88500,3.5,1.5
88518,4.0,1.5
88532,3.5,1.5
88536,2.0,1.5
88543,3.5,1.5
88549,3.0,1.5
88554,5.0,1.5
88556,5.0,1.5
88557,5.0,1.5
88561,4.0,1.5
88581,4.0,1.5
88584,3.5,1.5
88586,4.0,1.5
88598,4.0,1.5
88599,4.0,1.5
88602,5.0,1.5
88604,4.0,1.5
88616,3.0,1.5
88630,5.0,1.5
88633,4.0,1.5
88639,3.0,1.5
88646,5.0,1.5
88649,2.0,1.5
88655,4.0,1.5
88657,3.0,1.5
88667,4.0,1.5
88668,2.0,1.5
88686,4.0,1.5
88692,5.0,1.5
88696,4.0,1.5
88706,4.0,1.5
88717,5.0,1.5
88729,5.0,1.5
88738,4.0,1.5
88745,1.0,1.5
88748,1.0,1.5
88757,4.0,1.5
88773,5.0,1.5
88782,3.0,1.5
88785,4.0,1.5
88787,3.0,1.5
88788,3.0,1.5
88794,3.0,1.5
88801,3.0,1.5
88804,5.0,1.5
88818,2.5,1.5
88820,4.5,1.5
88821,4.0,1.5
88828,2.0,1.5
88833,5.0,1.5
88858,4.0,1.5
88862,5.0,1.5
88872,3.0,1.5
88882,1.0,1.5
88886,3.0,1.5
88904,2.0,1.5
88913,2.0,1.5
88920,4.0,1.5
88950,4.0,1.5
88955,4.5,1.5
88967,4.0,1.5
88989,4.0,1.5
89004,3.0,1.5
89006,4.0,1.5
89007,5.0,1.5
89008,4.0,1.5
89017,4.0,1.5
89021,2.5,1.5
89023,3.0,1.5
89025,4.5,1.5
89042,3.0,1.5
89058,3.0,1.5
89072,4.0,1.5
89074,3.0,1.5
89075,2.0,1.5
89095,3.0,1.5
89096,4.0,1.5
89097,5.0,1.5
89101,4.0,1.5
89107,3.0,1.5
89121,1.0,1.5
89126,1.0,1.5
89143,5.0,1.5
89149,4.5,1.5
89161,4.0,1.5
89177,3.5,1.5
89190,4.0,1.5
89206,3.0,1.5
89214,4.0,1.5
89217,3.5,1.5
89219,3.0,1.5
89223,4.0,1.5
89226,5.0,1.5
89242,2.5,1.5
89262,4.0,1.5
89264,4.0,1.5
89291,4.5,1.5
89295,3.0,1.5
89299,4.0,1.5
89303,4.0,1.5
89307,4.0,1.5
89312,4.0,1.5
89316,5.0,1.5
89341,4.0,1.5
89347,5.0,1.5
89364,4.0,1.5
89365,3.0,1.5
89378,3.5,1.5
89379,3.0,1.5
89388,4.0,1.5
89399,3.0,1.5
89402,3.5,1.5
89421,4.5,1.5
89424,3.0,1.5
89433,5.0,1.5
89441,4.0,1.5
89446,4.5,1.5
89453,2.0,1.5
89455,4.0,1.5
89458,3.0,1.5
89464,5.0,1.5
89476,3.0,1.5
89483,5.0,1.5
89490,3.0,1.5
89495,4.0,1.5
89496,2.0,1.5
89506,4.0,1.5
89514,3.5,1.5
89522,4.0,1.5
89523,4.0,1.5
89528,3.0,1.5
89531,5.0,1.5
89546,3.0,1.5
89563,4.0,1.5
89565,4.0,1.5
89567,4.0,1.5
89569,3.0,1.5
89575,3.0,1.5
89588,5.0,1.5
89595,3.0,1.5
89604,4.5,1.5
89619,3.0,1.5
89624,4.0,1.5
89635,5.0,1.5
89637,4.0,1.5
89640,4.0,1.5
89653,2.0,1.5
89666,4.0,1.5
89675,3.5,1.5
89681,5.0,1.5
89689,5.0,1.5
89702,3.0,1.5
89727,4.0,1.5
89736,3.5,1.5
89741,5.0,1.5
89750,4.0,1.5
89762,4.0,1.5
89786,3.0,1.5
89812,2.0,1.5
89827,3.0,1.5
89836,3.0,1.5
89841,3.5,1.5
89848,4.5,1.5
89851,3.0,1.5
89860,4.0,1.5
89864,4.0,1.5
89884,4.0,1.5
89892,3.0,1.5
89897,5.0,1.5
89907,3.0,1.5
89927,3.0,1.5
89932,3.0,1.5
89936,3.0,1.5
89952,5.0,1.5
89955,3.5,1.5
89973,4.0,1.5
89978,2.0,1.5
89980,3.0,1.5
89981,4.0,1.5
89989,4.0,1.5
89995,5.0,1.5
89997,3.0,1.5
90027,5.0,1.5
90061,3.0,1.5
90068,5.0,1.5
90071,4.0,1.5
90082,5.0,1.5
90092,4.0,1.5
90093,4.0,1.5
90100,3.0,1.5
90106,5.0,1.5
90119,4.5,1.5
90125,3.0,1.5
90138,3.5,1.5
90143,4.0,1.5
90146,4.0,1.5
90148,5.0,1.5
90156,4.0,1.5
90162,4.0,1.5
90176,3.0,1.5
90186,3.0,1.5
90191,3.5,1.5
90198,3.0,1.5
90200,5.0,1.5
90224,5.0,1.5
90232,2.0,1.5
90245,4.0,1.5
90259,3.0,1.5
90272,3.0,1.5
90275,4.0,1.5
90290,3.0,1.5
90291,4.5,1.5
90297,4.5,1.5
90302,3.5,1.5
90307,4.0,1.5
90312,4.0,1.5
90314,4.0,1.5
90340,3.0,1.5
90353,4.0,1.5
90358,3.0,1.5
90367,4.0,1.5
90378,4.0,1.5
90381,2.5,1.5
90388,4.0,1.5
90391,4.0,1.5
90392,4.0,1.5
90409,4.0,1.5
90433,5.0,1.5
90439,4.0,1.5
90440,3.5,1.5
90449,3.5,1.5
90468,3.0,1.5
90513,3.5,1.5
90514,4.0,1.5
90521,3.0,1.5
90525,2.0,1.5
90532,3.0,1.5
90535,3.0,1.5
90545,3.0,1.5
90546,4.0,1.5
90550,3.5,1.5
90552,2.5,1.5
90599,3.5,1.5
90601,3.5,1.5
90627,1.0,1.5
90633,2.0,1.5
90638,4.5,1.5
90703,4.0,1.5
90720,5.0,1.5
90725,3.5,1.5
90730,4.5,1.5
90733,3.0,1.5
90751,4.0,1.5
90757,4.0,1.5
90771,4.0,1.5
90778,4.0,1.5
90787,3.0,1.5
90795,3.0,1.5
90802,2.5,1.5
90805,4.0,1.5
90806,3.0,1.5
90807,3.0,1.5
90830,3.0,1.5
90834,2.5,1.5
90856,1.0,1.5
90862,4.0,1.5
90869,4.0,1.5
90870,4.0,1.5
90897,5.0,1.5
90903,3.0,1.5
90913,4.0,1.5
90934,4.0,1.5
90941,3.0,1.5
90948,4.0,1.5
90949,3.0,1.5
90962,5.0,1.5
90968,4.0,1.5
90988,4.0,1.5
90995,5.0,1.5
90997,2.0,1.5
91005,2.0,1.5
91008,2.0,1.5
91014,3.0,1.5
91030,4.0,1.5
91035,4.0,1.5
91040,4.0,1.5
91050,5.0,1.5
91051,3.5,1.5
91068,3.0,1.5
91069,3.5,1.5
91070,5.0,1.5
91072,5.0,1.5
91078,4.0,1.5
91085,5.0,1.5
91103,5.0,1.5
91104,5.0,1.5
91106,4.0,1.5
91115,4.0,1.5
91137,4.0,1.5
91152,2.0,1.5
91153,2.0,1.5
91172,4.5,1.5
91173,4.0,1.5
91177,4.0,1.5
91185,3.0,1.5
91186,5.0,1.5
91190,4.0,1.5
91191,4.0,1.5
91196,5.0,1.5
91200,4.0,1.5
91205,4.0,1.5
91217,2.0,1.5
91231,4.0,1.5
91239,3.0,1.5
91240,4.0,1.5
91283,4.0,1.5
91300,4.0,1.5
91310,2.0,1.5
91313,4.0,1.5
91315,5.0,1.5
91323,3.0,1.5
91337,3.0,1.5
91340,4.5,1.5
91348,5.0,1.5
91349,4.0,1.5
91351,2.0,1.5
91376,5.0,1.5
91384,4.5,1.5
91425,3.0,1.5
91436,4.0,1.5
91441,4.0,1.5
91448,3.0,1.5
91457,4.0,1.5
91471,5.0,1.5
91476,3.0,1.5
91481,3.0,1.5
91494,5.0,1.5
91495,3.0,1.5
91498,1.5,1.5
91537,1.0,1.5
91541,4.0,1.5
91571,3.0,1.5
91603,5.0,1.5
91617,5.0,1.5
91625,4.0,1.5
91626,4.0,1.5
91628,4.0,1.5
91631,2.5,1.5
91637,4.0,1.5
91641,4.0,1.5
91653,4.0,1.5
91659,1.0,1.5
91660,3.5,1.5
91668,5.0,1.5
91682,4.0,1.5
91692,4.0,1.5
91709,2.5,1.5
91722,4.0,1.5
91723,5.0,1.5
91734,4.0,1.5
91735,5.0,1.5
91753,4.0,1.5
91756,4.5,1.5
91763,4.0,1.5
91768,3.0,1.5
91770,5.0,1.5
91774,2.0,1.5
91777,5.0,1.5
91807,3.0,1.5
91816,0.5,1.5
91817,3.0,1.5
91825,3.0,1.5
91837,5.0,1.5
91845,4.0,1.5
91866,3.0,1.5
91867,4.0,1.5
91869,2.0,1.5
91870,3.0,1.5
91887,5.0,1.5
91892,4.0,1.5
91893,4.0,1.5
91897,3.0,1.5
91904,5.0,1.5
91910,3.0,1.5
91914,5.0,1.5
91916,3.0,1.5
91923,3.0,1.5
91925,5.0,1.5
91927,5.0,1.5
91934,4.0,1.5
91948,2.5,1.5
91951,4.0,1.5
91954,2.0,1.5
91957,5.0,1.5
91961,2.0,1.5
91981,3.0,1.5
91994,3.5,1.5
91999,5.0,1.5
92007,3.0,1.5
92011,3.0,1.5
92014,3.0,1.5
92016,3.5,1.5
92021,2.0,1.5
92022,5.0,1.5
92029,4.5,1.5
92038,4.0,1.5
92041,3.0,1.5
92043,3.0,1.5
92054,5.0,1.5
92056,5.0,1.5
92065,5.0,1.5
92097,3.0,1.5
92100,5.0,1.5
92104,3.5,1.5
92107,3.0,1.5
92110,5.0,1.5
92115,4.5,1.5
92117,4.0,1.5
92168,3.0,1.5
92190,2.5,1.5
92193,3.0,1.5
92194,4.0,1.5
92200,4.5,1.5
92202,3.0,1.5
92204,5.0,1.5
92208,5.0,1.5
92211,4.0,1.5
92219,3.0,1.5
92238,4.0,1.5
92241,4.0,1.5
92250,5.0,1.5
92255,4.0,1.5
92267,3.0,1.5
92268,3.0,1.5
92269,4.5,1.5
92271,4.0,1.5
92282,3.0,1.5
92285,4.0,1.5
92288,4.0,1.5
92328,5.0,1.5
92339,2.0,1.5
92349,4.5,1.5
92357,4.0,1.5
92367,2.0,1.5
92371,2.0,1.5
92373,4.0,1.5
92379,3.0,1.5
92393,3.0,1.5
92406,5.0,1.5
92416,3.0,1.5
92420,3.0,1.5
92432,2.5,1.5
92436,5.0,1.5
92449,4.0,1.5
92452,3.0,1.5
92479,2.5,1.5
92483,4.0,1.5
92485,4.5,1.5
92514,3.5,1.5
92515,2.0,1.5
92518,4.0,1.5
92522,3.0,1.5
92524,3.0,1.5
92531,2.0,1.5
92535,5.0,1.5
92542,2.0,1.5
92554,4.0,1.5
92555,3.0,1.5
92559,3.0,1.5
92570,4.0,1.5
92587,3.0,1.5
92598,4.0,1.5
92610,4.0,1.5
92616,1.0,1.5
92617,4.5,1.5
92621,3.5,1.5
92636,3.0,1.5
92642,2.0,1.5
92659,5.0,1.5
92660,4.0,1.5
92672,4.0,1.5
92677,4.0,1.5
92680,4.5,1.5
92695,4.0,1.5
92706,4.5,1.5
92714,3.0,1.5
92745,3.0,1.5
92752,4.0,1.5
92765,3.5,1.5
92770,3.5,1.5
92772,5.0,1.5
92777,4.5,1.5
92783,5.0,1.5
92788,2.0,1.5
92789,4.0,1.5
92795,5.0,1.5
92798,4.0,1.5
92804,2.0,1.5
92820,5.0,1.5
92821,2.5,1.5
92822,3.5,1.5
92825,5.0,1.5
92830,4.0,1.5
92839,4.0,1.5
92852,3.0,1.5
92883,5.0,1.5
92893,5.0,1.5
92901,5.0,1.5
92907,5.0,1.5
92916,4.0,1.5
92919,5.0,1.5
92926,5.0,1.5
92947,3.5,1.5
92949,3.0,1.5
92956,4.5,1.5
92963,4.0,1.5
92964,4.0,1.5
92970,5.0,1.5
92973,3.0,1.5
92976,3.0,1.5
92994,3.0,1.5
93004,4.0,1.5
93008,3.0,1.5
93011,5.0,1.5
93013,3.0,1.5
93018,4.0,1.5
93021,4.0,1.5
93024,0.5,1.5
93028,4.0,1.5
93042,4.0,1.5
93048,3.0,1.5
93052,5.0,1.5
93057,4.0,1.5
93066,3.0,1.5
93069,4.0,1.5
93072,5.0,1.5
93110,4.0,1.5
93113,5.0,1.5
93114,3.0,1.5
93117,4.0,1.5
93126,5.0,1.5
93130,4.5,1.5
93138,3.0,1.5
93143,3.0,1.5
93146,5.0,1.5
93149,3.0,1.5
93151,4.0,1.5
93152,3.0,1.5
93179,4.0,1.5
93182,5.0,1.5
93183,3.0,1.5
93190,5.0,1.5
93219,3.0,1.5
93229,2.0,1.5
93234,4.0,1.5
93237,3.5,1.5
93247,5.0,1.5
93254,4.0,1.5
93258,4.0,1.5
93283,4.0,1.5
93284,4.0,1.5
93291,3.0,1.5
93314,3.0,1.5
93320,4.0,1.5
93321,3.0,1.5
93340,3.0,1.5
93350,3.5,1.5
93356,4.0,1.5
93359,3.0,1.5
93364,4.0,1.5
93365,4.0,1.5
93377,4.0,1.5
93387,4.0,1.5
93399,5.0,1.5
93409,4.0,1.5
93411,4.0,1.5
93423,4.0,1.5
93440,4.0,1.5
93453,4.0,1.5
93455,4.0,1.5
93484,4.5,1.5
93487,3.0,1.5
93491,3.5,1.5
93499,5.0,1.5
93505,3.0,1.5
93531,4.0,1.5
93538,4.0,1.5
93560,4.0,1.5
93563,3.0,1.5
93565,2.0,1.5
93579,3.0,1.5
93596,5.0,1.5
93610,1.0,1.5
93620,5.0,1.5
93634,4.0,1.5
93637,4.0,1.5
93642,4.5,1.5
93663,4.0,1.5
93664,5.0,1.5
93665,2.0,1.5
93671,4.5,1.5
93678,3.5,1.5
93680,4.0,1.5
93691,3.5,1.5
93694,5.0,1.5
93706,4.5,1.5
93710,3.5,1.5
93717,2.5,1.5
93733,3.0,1.5
93738,3.0,1.5
93739,4.0,1.5
93742,3.0,1.5
93743,4.0,1.5
93749,3.5,1.5
93760,4.0,1.5
93762,4.5,1.5
93771,3.0,1.5
93789,3.5,1.5
93792,5.0,1.5
93793,3.5,1.5
93798,1.0,1.5
93806,3.0,1.5
93807,4.0,1.5
93814,4.0,1.5
93841,3.5,1.5
93843,4.5,1.5
93849,2.0,1.5
93852,3.0,1.5
93876,5.0,1.5
93901,3.0,1.5
93918,4.0,1.5
93933,3.0,1.5
93936,3.0,1.5
93949,3.0,1.5
93954,3.0,1.5
93972,3.0,1.5
93975,4.0,1.5
93997,1.0,1.5
94025,3.0,1.5
94026,4.0,1.5
94030,4.0,1.5
94033,3.5,1.5
94045,3.0,1.5
94052,5.0,1.5
94056,4.0,1.5
94067,3.5,1.5
94070,5.0,1.5
94082,3.0,1.5
94090,4.0,1.5
94094,5.0,1.5
94095,4.0,1.5
94100,4.0,1.5
94106,1.5,1.5
94115,4.0,1.5
94118,3.5,1.5
94119,4.0,1.5
94151,4.0,1.5
94164,4.0,1.5
94175,3.5,1.5
94179,4.0,1.5
94197,4.0,1.5
94201,3.0,1.5
94231,4.0,1.5
94240,1.0,1.5
94243,4.0,1.5
94244,5.0,1.5
94245,4.0,1.5
94256,3.0,1.5
94266,4.0,1.5
94267,3.0,1.5
94280,3.0,1.5
94283,4.0,1.5
94311,5.0,1.5
94312,4.0,1.5
94330,4.0,1.5
94331,5.0,1.5
94332,4.0,1.5
94337,4.0,1.5
94351,5.0,1.5
94353,5.0,1.5
94355,5.0,1.5
94370,3.0,1.5
94377,3.5,1.5
94379,3.0,1.5
94384,4.0,1.5
94393,5.0,1.5
94396,5.0,1.5
94403,4.0,1.5
94404,5.0,1.5
94406,1.0,1.5
94411,5.0,1.5
94418,5.0,1.5
94422,5.0,1.5
94425,3.0,1.5
94441,4.0,1.5
94444,4.0,1.5
94482,4.0,1.5
94485,5.0,1.5
94500,4.0,1.5
94520,4.0,1.5
94526,4.0,1.5
94529,3.0,1.5
94531,4.0,1.5
94534,5.0,1.5
94541,4.0,1.5
94543,3.0,1.5
94560,3.0,1.5
94566,3.0,1.5
94574,1.0,1.5
94606,4.0,1.5
94613,2.0,1.5
94628,4.0,1.5
94632,2.5,1.5
94634,3.0,1.5
94635,4.0,1.5
94636,5.0,1.5
94639,4.0,1.5
94640,3.0,1.5
94643,3.0,1.5
94644,4.0,1.5
94652,3.0,1.5
94653,4.0,1.5
94658,4.0,1.5
94665,3.0,1.5
94668,3.0,1.5
94678,5.0,1.5
94685,5.0,1.5
94686,4.0,1.5
94701,4.0,1.5
94703,4.0,1.5
94714,5.0,1.5
94750,3.5,1.5
94753,4.0,1.5
94757,5.0,1.5
94761,5.0,1.5
94764,4.5,1.5
94767,3.0,1.5
94768,5.0,1.5
94773,5.0,1.5
94787,5.0,1.5
94789,3.0,1.5
94790,3.5,1.5
94802,4.0,1.5
94806,5.0,1.5
94812,3.0,1.5
94828,3.0,1.5
94850,3.0,1.5
94855,4.0,1.5
94865,3.0,1.5
94872,5.0,1.5
94893,5.0,1.5
94896,3.0,1.5
94897,3.0,1.5
94904,3.0,1.5
94910,4.0,1.5
94919,5.0,1.5
94936,4.5,1.5
94945,5.0,1.5
94949,5.0,1.5
94954,3.0,1.5
94957,4.5,1.5
94967,4.0,1.5
94974,5.0,1.5
94976,2.0,1.5
94979,4.0,1.5
94981,3.5,1.5
94992,4.0,1.5
94999,2.5,1.5
95030,3.5,1.5
95036,3.0,1.5
95037,4.0,1.5
95042,3.0,1.5
95057,3.0,1.5
95065,5.0,1.5
95067,3.5,1.5
95072,3.0,1.5
95074,4.5,1.5
95085,5.0,1.5
95089,3.0,1.5
95092,4.0,1.5
95107,5.0,1.5
95114,4.0,1.5
95118,5.0,1.5
95123,3.0,1.5
95129,3.0,1.5
95132,3.0,1.5
95134,4.0,1.5
95138,3.0,1.5
95147,3.5,1.5
95149,3.0,1.5
95188,3.0,1.5
95201,4.0,1.5
95216,4.0,1.5
95221,3.0,1.5
95238,3.5,1.5
95254,4.0,1.5
95258,4.0,1.5
95273,4.0,1.5
95279,4.0,1.5
95282,3.5,1.5
95286,4.0,1.5
95301,3.0,1.5
95326,4.0,1.5
95327,3.5,1.5
95333,5.0,1.5
95335,4.0,1.5
95339,3.5,1.5
95356,5.0,1.5
95360,3.5,1.5
95374,3.0,1.5
95375,4.5,1.5
95394,4.5,1.5
95406,3.0,1.5
95407,4.0,1.5
95410,5.0,1.5
95415,3.0,1.5
95426,4.0,1.5
95442,4.5,1.5
95444,3.0,1.5
95466,5.0,1.5
95474,3.0,1.5
95503,3.5,1.5
95509,0.5,1.5
95510,5.0,1.5
95514,4.0,1.5
95520,4.0,1.5
95538,3.0,1.5
95542,4.0,1.5
95564,5.0,1.5
95570,3.0,1.5
95577,2.5,1.5
95578,3.5,1.5
95579,0.5,1.5
95581,3.0,1.5
95585,5.0,1.5
95590,4.0,1.5
95604,4.0,1.5
95607,4.0,1.5
95610,3.0,1.5
95618,4.0,1.5
95646,4.0,1.5
95661,3.0,1.5
95668,4.0,1.5
95677,3.0,1.5
95684,3.0,1.5
95693,4.0,1.5
95701,5.0,1.5
95702,3.0,1.5
95719,4.0,1.5
95725,4.0,1.5
95726,4.0,1.5
95727,5.0,1.5
95738,0.5,1.5
95761,5.0,1.5
95766,5.0,1.5
95767,3.5,1.5
95771,5.0,1.5
95788,3.0,1.5
95789,5.0,1.5
95798,4.0,1.5
95810,3.0,1.5
95826,4.0,1.5
95827,3.5,1.5
95846,5.0,1.5
95851,5.0,1.5
95853,3.0,1.5
95860,4.0,1.5
95864,4.0,1.5
95901,3.0,1.5
95909,4.0,1.5
95925,3.0,1.5
95931,5.0,1.5
95932,3.5,1.5
95943,3.5,1.5
95946,2.0,1.5
95949,3.5,1.5
95953,3.0,1.5
95959,4.0,1.5
95961,4.0,1.5
95983,3.0,1.5
95988,4.5,1.5
95989,5.0,1.5
95993,4.0,1.5
95998,5.0,1.5
96025,5.0,1.5
96032,3.0,1.5
96039,4.0,1.5
96048,3.0,1.5
96051,3.0,1.5
96054,5.0,1.5
96065,4.0,1.5
96097,2.0,1.5
96100,5.0,1.5
96104,4.0,1.5
96129,4.0,1.5
96144,4.0,1.5
96145,4.0,1.5
96165,3.0,1.5
96176,3.0,1.5
96181,3.0,1.5
96182,3.5,1.5
96184,3.0,1.5
96202,3.0,1.5
96207,3.0,1.5
96209,3.5,1.5
96217,5.0,1.5
96221,3.0,1.5
96223,5.0,1.5
96225,4.0,1.5
96234,5.0,1.5
96238,4.0,1.5
96290,3.0,1.5
96293,2.0,1.5
96304,4.0,1.5
96316,3.0,1.5
96331,4.5,1.5
96338,2.5,1.5
96342,4.0,1.5
96352,4.0,1.5
96366,4.0,1.5
96370,4.0,1.5
96372,4.5,1.5
96374,3.0,1.5
96377,4.5,1.5
96378,3.5,1.5
96379,5.0,1.5
96380,4.0,1.5
96389,4.0,1.5
96392,3.0,1.5
96408,4.0,1.5
96410,3.0,1.5
96411,3.0,1.5
96416,3.0,1.5
96417,4.0,1.5
96420,3.0,1.5
96424,4.0,1.5
96441,4.0,1.5
96444,3.0,1.5
96451,4.5,1.5
96456,4.0,1.5
96463,2.0,1.5
96473,3.0,1.5
96474,4.0,1.5
96482,4.5,1.5
96485,3.0,1.5
96492,3.0,1.5
96501,3.0,1.5
96513,4.0,1.5
96518,3.0,1.5
96522,3.0,1.5
96529,2.0,1.5
96531,4.0,1.5
96534,4.0,1.5
96538,3.0,1.5
96541,4.0,1.5
96543,4.0,1.5
96547,3.0,1.5
96558,3.0,1.5
96577,5.0,1.5
96580,3.0,1.5
96590,4.0,1.5
96593,5.0,1.5
96598,4.0,1.5
96600,4.0,1.5
96601,3.5,1.5
96602,5.0,1.5
96608,4.0,1.5
96629,3.0,1.5
96630,4.0,1.5
96639,4.0,1.5
96645,5.0,1.5
96647,3.5,1.5
96649,3.0,1.5
96652,4.0,1.5
96655,3.0,1.5
96666,3.0,1.5
96673,4.0,1.5
96684,4.0,1.5
96694,3.0,1.5
96702,3.0,1.5
96705,2.0,1.5
96724,5.0,1.5
96731,3.0,1.5
96741,4.0,1.5
96746,4.0,1.5
96750,5.0,1.5
96751,3.0,1.5
96754,4.5,1.5
96769,3.0,1.5
96771,5.0,1.5
96778,2.0,1.5
96780,4.0,1.5
96783,3.0,1.5
96788,1.0,1.5
96795,3.0,1.5
96800,4.0,1.5
96804,5.0,1.5
96805,5.0,1.5
96819,3.0,1.5
96841,4.0,1.5
96851,4.0,1.5
96859,4.0,1.5
96861,4.0,1.5
96867,3.0,1.5
96871,5.0,1.5
96903,3.0,1.5
96908,0.5,1.5
96911,3.0,1.5
96913,4.5,1.5
96918,4.0,1.5
96922,4.0,1.5
96925,4.0,1.5
96932,4.0,1.5
96938,4.0,1.5
96939,3.0,1.5
96947,2.0,1.5
96949,4.0,1.5
96950,4.0,1.5
96952,3.0,1.5
96967,5.0,1.5
96976,3.0,1.5
96980,5.0,1.5
96986,5.0,1.5
97003,4.0,1.5
97005,3.0,1.5
97008,4.0,1.5
97010,4.0,1.5
97039,3.0,1.5
97043,2.0,1.5
97045,5.0,1.5
97061,3.0,1.5
97072,4.0,1.5
97078,4.0,1.5
97106,4.5,1.5
97112,4.0,1.5
97133,3.0,1.5
97141,3.0,1.5
97151,4.0,1.5
97166,4.0,1.5
97168,2.5,1.5
97176,4.5,1.5
97181,4.0,1.5
97182,3.0,1.5
97195,3.0,1.5
97196,4.0,1.5
97201,5.0,1.5
97220,5.0,1.5
97224,4.0,1.5
97229,5.0,1.5
97251,4.0,1.5
97252,3.0,1.5
97260,5.0,1.5
97283,3.0,1.5
97285,4.0,1.5
97288,3.0,1.5
97290,5.0,1.5
97296,4.0,1.5
97300,1.0,1.5
97313,5.0,1.5
97318,4.5,1.5
97321,1.0,1.5
97323,3.0,1.5
97325,4.0,1.5
97326,1.0,1.5
97339,4.0,1.5
97344,3.0,1.5
97351,4.5,1.5
97373,4.0,1.5
97377,3.0,1.5
97384,4.0,1.5
97401,5.0,1.5
97411,4.0,1.5
97416,3.0,1.5
97421,3.0,1.5
97430,4.0,1.5
97434,4.0,1.5
97435,4.0,1.5
97438,4.0,1.5
97443,3.0,1.5
97455,4.0,1.5
97461,5.0,1.5
97463,4.0,1.5
97466,4.0,1.5
97468,4.0,1.5
97494,4.0,1.5
97495,3.0,1.5
97512,4.0,1.5
97521,3.5,1.5
97527,2.0,1.5
97533,5.0,1.5
97544,4.0,1.5
97550,4.0,1.5
97552,4.0,1.5
97558,4.0,1.5
97580,3.0,1.5
97592,4.0,1.5
97602,3.5,1.5
97606,4.0,1.5
97620,4.0,1.5
97630,5.0,1.5
97635,3.0,1.5
97642,4.0,1.5
97643,4.0,1.5
97668,4.0,1.5
97688,1.0,1.5
97691,4.5,1.5
97711,5.0,1.5
97720,3.0,1.5
97723,4.0,1.5
97724,4.5,1.5
97726,2.0,1.5
97730,4.0,1.5
97735,4.0,1.5
97736,4.0,1.5
97740,3.0,1.5
97752,3.0,1.5
97760,4.0,1.5
97766,3.0,1.5
97770,3.0,1.5
97773,4.0,1.5
97786,3.5,1.5
97829,4.0,1.5
97833,5.0,1.5
97840,3.0,1.5
97853,4.0,1.5
97856,3.0,1.5
97859,4.0,1.5
97860,4.0,1.5
97868,3.5,1.5
97873,5.0,1.5
97879,5.0,1.5
97892,4.0,1.5
97896,3.5,1.5
97927,3.0,1.5
97933,4.0,1.5
97934,2.5,1.5
97940,4.0,1.5
97941,3.0,1.5
97942,4.0,1.5
97969,5.0,1.5
97971,4.0,1.5
97972,4.0,1.5
97980,3.0,1.5
97984,4.0,1.5
97996,5.0,1.5
98017,4.5,1.5
98018,1.0,1.5
98027,5.0,1.5
98031,4.0,1.5
98032,4.0,1.5
98038,4.0,1.5
98074,5.0,1.5
98075,4.0,1.5
98092,3.5,1.5
98103,4.5,1.5
98135,4.0,1.5
98144,4.0,1.5
98159,3.0,1.5
98165,4.0,1.5
98203,5.0,1.5
98205,5.0,1.5
98206,4.0,1.5
98211,4.0,1.5
98213,3.0,1.5
98215,4.0,1.5
98244,5.0,1.5
98262,2.0,1.5
98269,4.0,1.5
98275,1.0,1.5
98280,4.0,1.5
98286,5.0,1.5
98292,4.0,1.5
98298,4.0,1.5
98327,3.0,1.5
98336,4.0,1.5
98341,3.0,1.5
98351,4.0,1.5
98369,4.0,1.5
98384,1.0,1.5
98387,3.0,1.5
98394,3.0,1.5
98420,3.0,1.5
98430,4.0,1.5
98438,5.0,1.5
98459,4.0,1.5
98467,3.0,1.5
98470,4.5,1.5
98478,4.0,1.5
98488,3.5,1.5
98489,3.0,1.5
98494,2.0,1.5
98498,3.0,1.5
98511,4.0,1.5
98514,4.0,1.5
98528,4.0,1.5
98544,3.0,1.5
98551,3.5,1.5
98555,4.5,1.5
98567,3.0,1.5
98568,3.0,1.5
98596,4.0,1.5
98624,3.5,1.5
98631,4.0,1.5
98652,4.0,1.5
98660,3.5,1.5
98662,4.0,1.5
98670,1.0,1.5
98684,4.5,1.5
98685,3.0,1.5
98687,1.0,1.5
98725,3.0,1.5
98729,4.0,1.5
98740,4.0,1.5
98746,4.0,1.5
98752,3.0,1.5
98761,3.0,1.5
98771,5.0,1.5
98778,4.0,1.5
98785,4.0,1.5
98796,0.5,1.5
98799,5.0,1.5
98802,4.0,1.5
98805,3.0,1.5
98808,4.0,1.5
98812,4.5,1.5
98816,4.0,1.5
98818,3.0,1.5
98833,3.0,1.5
98847,5.0,1.5
98851,4.0,1.5
98855,3.0,1.5
98865,3.0,1.5
98871,1.0,1.5
98875,3.0,1.5
98909,4.0,1.5
98926,3.0,1.5
98927,4.0,1.5
98929,3.0,1.5
98931,3.0,1.5
98937,5.0,1.5
98942,3.0,1.5
98947,5.0,1.5
98951,3.0,1.5
98976,3.0,1.5
98999,4.0,1.5
99016,5.0,1.5
99019,3.0,1.5
99040,5.0,1.5
99045,2.0,1.5
99047,1.0,1.5
99058,4.0,1.5
99059,3.0,1.5
99073,3.0,1.5
99079,1.0,1.5
99111,4.0,1.5
99119,4.0,1.5
99136,3.0,1.5
99142,3.0,1.5
99154,3.0,1.5
99156,4.0,1.5
99164,3.5,1.5
99169,4.0,1.5
99171,4.0,1.5
99196,4.5,1.5
99198,5.0,1.5
99199,4.0,1.5
99200,4.0,1.5
99210,3.0,1.5
99216,3.0,1.5
99219,3.0,1.5
99231,5.0,1.5
99249,3.0,1.5
99258,3.0,1.5
99264,3.0,1.5
99266,4.0,1.5
99276,5.0,1.5
99295,3.0,1.5
99296,5.0,1.5
99318,4.0,1.5
99323,3.0,1.5
99325,4.0,1.5
99337,5.0,1.5
99340,3.0,1.5
99342,3.5,1.5
99346,4.0,1.5
99347,5.0,1.5
99360,4.0,1.5
99361,5.0,1.5
99366,3.0,1.5
99371,5.0,1.5
99378,3.5,1.5
99382,3.0,1.5
99384,4.0,1.5
99392,5.0,1.5
99425,5.0,1.5
99441,3.0,1.5
99447,1.5,1.5
99458,4.0,1.5
99465,4.0,1.5
99484,4.0,1.5
99485,4.0,1.5
99494,5.0,1.5
99499,3.0,1.5
99515,4.0,1.5
99518,3.5,1.5
99524,4.5,1.5
99542,5.0,1.5
99545,3.0,1.5
99549,4.5,1.5
99554,4.0,1.5
99581,4.0,1.5
99584,3.0,1.5
99592,5.0,1.5
99620,4.0,1.5
99632,4.0,1.5
99640,4.0,1.5
99643,3.5,1.5
99650,3.0,1.5
99667,3.0,1.5
99673,4.0,1.5
99684,4.0,1.5
99687,3.0,1.5
99701,5.0,1.5
99716,3.0,1.5
99722,5.0,1.5
99730,4.0,1.5
99733,3.0,1.5
99734,4.0,1.5
99739,4.0,1.5
99743,4.0,1.5
99745,3.0,1.5
99746,4.0,1.5
99752,3.0,1.5
99753,3.0,1.5
99754,4.0,1.5
99759,4.0,1.5
99774,5.0,1.5
99779,3.0,1.5
99781,4.0,1.5
99793,5.0,1.5
99796,4.0,1.5
99797,3.0,1.5
99807,3.5,1.5
99823,4.0,1.5
99825,4.0,1.5
99836,2.0,1.5
99842,3.0,1.5
99851,5.0,1.5
99853,4.5,1.5
99863,2.0,1.5
99865,2.0,1.5
99885,3.0,1.5
99900,4.0,1.5
99914,5.0,1.5
99937,2.0,1.5
99940,5.0,1.5
99961,3.0,1.5
99968,4.0,1.5
99974,3.0,1.5
99992,2.0,1.5
100002,3.0,1.5
100004,5.0,1.5
100010,5.0,1.5
100023,5.0,1.5
100032,3.0,1.5
100033,5.0,1.5
100064,3.0,1.5
100081,3.0,1.5
100096,5.0,1.5
100101,4.0,1.5
100105,3.0,1.5
100107,3.0,1.5
100114,4.0,1.5
100115,3.0,1.5
100119,4.5,1.5
100134,5.0,1.5
100138,1.0,1.5
100141,3.0,1.5
100150,4.0,1.5
100151,4.0,1.5
100156,5.0,1.5
100157,5.0,1.5
100169,2.5,1.5
100181,1.0,1.5
100187,2.5,1.5
100191,4.0,1.5
100208,5.0,1.5
100211,4.0,1.5
100213,4.0,1.5
100217,5.0,1.5
100230,5.0,1.5
100233,5.0,1.5
100246,4.0,1.5
100250,4.0,1.5
100254,4.0,1.5
100259,5.0,1.5
100260,4.5,1.5
100273,4.0,1.5
100293,3.0,1.5
100309,4.0,1.5
100313,4.0,1.5
100316,3.0,1.5
100317,3.5,1.5
100324,3.0,1.5
100349,4.0,1.5
100353,3.0,1.5
100360,4.0,1.5
100364,5.0,1.5
100365,4.0,1.5
100366,4.5,1.5
100367,4.0,1.5
100369,4.5,1.5
100371,3.5,1.5
100373,4.5,1.5
100393,5.0,1.5
100399,3.0,1.5
100412,4.0,1.5
100422,3.0,1.5
100429,4.0,1.5
100431,3.0,1.5
100432,2.5,1.5
100443,2.5,1.5
100464,3.5,1.5
100471,5.0,1.5
100474,5.0,1.5
100483,4.0,1.5
100485,3.0,1.5
100492,3.0,1.5
100493,3.0,1.5
100530,3.5,1.5
100531,3.0,1.5
100537,4.0,1.5
100556,2.0,1.5
100562,4.0,1.5
100569,2.0,1.5
100572,5.0,1.5
100577,4.0,1.5
100581,2.0,1.5
100586,1.0,1.5
100591,2.0,1.5
100611,5.0,1.5
100614,3.5,1.5
100616,3.0,1.5
100639,3.5,1.5
100648,4.0,1.5
100650,3.5,1.5
100665,5.0,1.5
100669,2.5,1.5
100674,1.0,1.5
100680,4.0,1.5
100687,4.0,1.5
100701,4.0,1.5
100704,3.0,1.5
100708,4.0,1.5
100712,3.0,1.5
100713,4.5,1.5
100715,4.0,1.5
100724,4.0,1.5
100734,4.0,1.5
100738,3.5,1.5
100740,2.0,1.5
100754,2.0,1.5
100759,5.0,1.5
100761,1.0,1.5
100766,3.0,1.5
100778,4.0,1.5
100781,3.5,1.5
100790,2.0,1.5
100798,4.5,1.5
100800,3.0,1.5
100802,4.0,1.5
100804,4.0,1.5
100805,2.0,1.5
100812,3.5,1.5
100829,1.0,1.5
100845,4.0,1.5
100860,4.0,1.5
100867,3.5,1.5
100874,5.0,1.5
100896,3.0,1.5
100906,4.0,1.5
100916,4.0,1.5
100923,5.0,1.5
100927,4.5,1.5
100928,3.5,1.5
100930,3.0,1.5
100932,3.0,1.5
100938,5.0,1.5
100941,3.0,1.5
100951,4.0,1.5
100958,4.0,1.5
100962,5.0,1.5
100981,2.0,1.5
100992,5.0,1.5
100993,4.0,1.5
100994,4.0,1.5
100998,3.5,1.5
101012,4.0,1.5
101021,4.0,1.5
101024,5.0,1.5
101035,4.0,1.5
101040,4.0,1.5
101044,2.5,1.5
101049,5.0,1.5
101055,3.0,1.5
101073,4.0,1.5
101102,4.0,1.5
101114,4.0,1.5
101123,4.0,1.5
101127,3.5,1.5
101136,3.0,1.5
101143,5.0,1.5
101146,3.0,1.5
101161,4.0,1.5
101165,1.5,1.5
101172,4.0,1.5
101181,5.0,1.5
101185,4.0,1.5
101188,4.0,1.5
101206,3.0,1.5
101226,3.0,1.5
101242,4.0,1.5
101245,4.0,1.5
101259,1.0,1.5
101275,3.5,1.5
101287,2.0,1.5
101292,4.0,1.5
101312,3.0,1.5
101315,1.0,1.5
101319,4.0,1.5
101337,3.0,1.5
101358,2.5,1.5
101359,4.0,1.5
101361,4.0,1.5
101372,4.0,1.5
101373,4.0,1.5
101378,3.0,1.5
101383,4.0,1.5
101400,3.0,1.5
101411,3.0,1.5
101415,5.0,1.5
101420,4.0,1.5
101424,4.0,1.5
101429,3.0,1.5
101433,3.0,1.5
101438,4.0,1.5
101440,4.0,1.5
101471,3.0,1.5
101475,3.0,1.5
101495,4.0,1.5
101499,5.0,1.5
101506,3.5,1.5
101517,3.0,1.5
101526,4.0,1.5
101536,5.0,1.5
101540,4.0,1.5
101574,3.0,1.5
101581,5.0,1.5
101582,3.0,1.5
101597,3.0,1.5
101598,4.0,1.5
101602,1.0,1.5
101611,3.0,1.5
101614,5.0,1.5
101628,5.0,1.5
101638,4.0,1.5
101639,4.0,1.5
101641,4.5,1.5
101646,4.5,1.5
101651,4.0,1.5
101652,3.0,1.5
101653,3.5,1.5
101656,3.5,1.5
101685,5.0,1.5
101687,5.0,1.5
101703,2.5,1.5
101734,5.0,1.5
101742,3.5,1.5
101745,4.0,1.5
101749,4.0,1.5
101768,4.0,1.5
101770,4.0,1.5
101776,4.0,1.5
101786,3.0,1.5
101789,3.5,1.5
101795,4.0,1.5
101799,5.0,1.5
101829,3.0,1.5
101832,4.0,1.5
101861,5.0,1.5
101872,4.0,1.5
101879,3.0,1.5
101886,5.0,1.5
101891,3.0,1.5
101897,5.0,1.5
101904,4.0,1.5
101908,3.0,1.5
101948,3.0,1.5
101949,4.0,1.5
101963,4.0,1.5
101966,3.0,1.5
101968,3.0,1.5
101973,3.0,1.5
101982,4.0,1.5
101989,2.0,1.5
102004,2.0,1.5
102006,4.0,1.5
102009,4.0,1.5
102012,2.0,1.5
102017,4.5,1.5
102018,3.0,1.5
102021,5.0,1.5
102025,4.0,1.5
102034,4.0,1.5
102035,4.0,1.5
102038,3.0,1.5
102045,4.0,1.5
102055,4.0,1.5
102059,4.0,1.5
102068,2.5,1.5
102075,3.5,1.5
102076,3.0,1.5
102077,4.0,1.5
102083,3.0,1.5
102087,1.5,1.5
102098,4.0,1.5
102103,3.0,1.5
102118,3.5,1.5
102150,3.0,1.5
102159,5.0,1.5
102180,5.0,1.5
102181,3.0,1.5
102196,2.0,1.5
102204,4.0,1.5
102205,4.0,1.5
102206,4.0,1.5
102207,3.5,1.5
102213,4.0,1.5
102234,4.0,1.5
102236,4.0,1.5
102247,4.0,1.5
102252,3.5,1.5
102255,4.5,1.5
102262,2.0,1.5
102263,4.0,1.5
102284,5.0,1.5
102292,3.0,1.5
102303,4.0,1.5
102311,5.0,1.5
102318,2.0,1.5
102347,4.0,1.5
102356,3.0,1.5
102369,4.0,1.5
102373,4.0,1.5
102374,4.0,1.5
102378,3.0,1.5
102392,4.0,1.5
102399,5.0,1.5
102408,2.0,1.5
102440,4.0,1.5
102441,4.0,1.5
102443,4.0,1.5
102449,3.0,1.5
102485,4.0,1.5
102496,3.0,1.5
102497,3.0,1.5
102503,4.0,1.5
102523,5.0,1.5
102532,4.0,1.5
102534,4.0,1.5
102539,3.0,1.5
102565,3.5,1.5
102568,3.0,1.5
102571,4.0,1.5
102585,5.0,1.5
102592,5.0,1.5
102595,4.0,1.5
102599,3.0,1.5
102607,4.5,1.5
102610,3.0,1.5
102613,4.0,1.5
102635,3.0,1.5
102643,3.0,1.5
102646,4.0,1.5
102653,4.0,1.5
102655,3.0,1.5
102658,2.0,1.5
102662,3.0,1.5
102670,1.0,1.5
102678,5.0,1.5
102680,5.0,1.5
102694,4.5,1.5
102703,3.0,1.5
102714,5.0,1.5
102718,4.0,1.5
102725,4.0,1.5
102740,4.0,1.5
102742,3.5,1.5
102749,4.0,1.5
102752,3.0,1.5
102775,4.0,1.5
102784,4.0,1.5
102786,5.0,1.5
102788,4.0,1.5
102790,4.0,1.5
102796,4.0,1.5
102800,3.0,1.5
102805,3.0,1.5
102807,4.0,1.5
102821,4.0,1.5
102829,5.0,1.5
102830,4.0,1.5
102833,5.0,1.5
102842,5.0,1.5
102845,3.0,1.5
102851,4.0,1.5
102865,3.0,1.5
102866,4.0,1.5
102879,4.0,1.5
102888,4.0,1.5
102890,3.0,1.5
102911,1.5,1.5
102921,5.0,1.5
102925,3.0,1.5
102945,4.5,1.5
102950,4.5,1.5
102952,3.0,1.5
102965,3.0,1.5
102973,5.0,1.5
102979,3.0,1.5
102982,3.0,1.5
103000,5.0,1.5
103010,5.0,1.5
103011,4.5,1.5
103018,3.5,1.5
103022,2.0,1.5
103023,4.0,1.5
103027,2.0,1.5
103028,3.5,1.5
103032,4.0,1.5
103042,3.0,1.5
103055,4.0,1.5
103059,4.0,1.5
103060,3.0,1.5
103076,4.0,1.5
103077,4.0,1.5
103078,4.5,1.5
103088,2.5,1.5
103090,4.0,1.5
103105,3.0,1.5
103113,1.5,1.5
103121,5.0,1.5
103129,4.0,1.5
103133,4.0,1.5
103139,4.0,1.5
103144,4.0,1.5
103147,3.0,1.5
103166,4.0,1.5
103167,3.5,1.5
103176,5.0,1.5
103181,4.5,1.5
103186,5.0,1.5
103192,4.0,1.5
103199,4.0,1.5
103208,4.0,1.5
103209,5.0,1.5
103210,5.0,1.5
103221,3.0,1.5
103223,5.0,1.5
103225,3.0,1.5
103243,5.0,1.5
103246,4.5,1.5
103254,3.0,1.5
103269,3.0,1.5
103275,5.0,1.5
103291,4.5,1.5
103294,3.5,1.5
103295,4.0,1.5
103298,5.0,1.5
103323,4.5,1.5
103327,3.0,1.5
103359,4.0,1.5
103377,4.0,1.5
103384,2.0,1.5
103390,4.0,1.5
103393,4.0,1.5
103394,4.0,1.5
103406,3.0,1.5
103424,4.0,1.5
103426,4.0,1.5
103434,3.5,1.5
103445,3.0,1.5
103449,3.0,1.5
103462,3.0,1.5
103463,4.5,1.5
103484,5.0,1.5
103485,4.5,1.5
103492,4.0,1.5
103503,2.0,1.5
103521,4.0,1.5
103526,2.0,1.5
103604,4.0,1.5
103605,4.0,1.5
103606,3.0,1.5
103644,4.0,1.5
103653,4.0,1.5
103654,4.0,1.5
103666,3.0,1.5
103669,2.0,1.5
103672,3.0,1.5
103680,2.0,1.5
103687,4.0,1.5
103691,4.0,1.5
103696,5.0,1.5
103701,4.0,1.5
103702,4.0,1.5
103727,4.0,1.5
103741,4.0,1.5
103753,4.0,1.5
103758,5.0,1.5
103764,4.0,1.5
103772,4.0,1.5
103781,4.5,1.5
103791,4.0,1.5
103802,3.0,1.5
103808,4.5,1.5
103830,4.0,1.5
103832,1.5,1.5
103835,4.0,1.5
103837,4.0,1.5
103841,4.0,1.5
103858,3.5,1.5
103863,4.0,1.5
103867,2.0,1.5
103871,4.0,1.5
103872,3.0,1.5
103873,4.0,1.5
103879,3.0,1.5
103881,4.0,1.5
103888,1.0,1.5
103889,4.0,1.5
103901,4.0,1.5
103904,4.0,1.5
103906,3.5,1.5
103930,3.5,1.5
103936,2.5,1.5
103941,3.0,1.5
103943,3.5,1.5
103961,2.5,1.5
103979,4.0,1.5
103996,4.0,1.5
103998,4.5,1.5
104020,5.0,1.5
104023,3.5,1.5
104026,4.0,1.5
104037,4.0,1.5
104042,5.0,1.5
104043,3.0,1.5
104074,3.0,1.5
104084,4.5,1.5
104109,4.0,1.5
104110,3.0,1.5
104115,4.0,1.5
104124,3.5,1.5
104125,1.0,1.5
104126,1.0,1.5
104132,4.0,1.5
104143,3.0,1.5
104154,3.5,1.5
104174,3.5,1.5
104177,3.0,1.5
104179,4.0,1.5
104181,4.0,1.5
104182,3.0,1.5
104190,3.0,1.5
104192,2.0,1.5
104212,4.0,1.5
104214,5.0,1.5
104217,4.0,1.5
104235,4.0,1.5
104237,5.0,1.5
104255,4.0,1.5
104285,2.0,1.5
104299,3.0,1.5
104305,2.0,1.5
104307,3.0,1.5
104315,5.0,1.5
104321,5.0,1.5
104323,3.0,1.5
104326,4.0,1.5
104327,4.0,1.5
104334,4.0,1.5
104335,3.0,1.5
104339,2.0,1.5
104345,3.5,1.5
104348,4.0,1.5
104349,4.0,1.5
104357,4.0,1.5
104361,3.5,1.5
104362,4.0,1.5
104388,3.0,1.5
104392,4.0,1.5
104409,5.0,1.5
104410,4.0,1.5
104431,4.0,1.5
104474,3.0,1.5
104479,4.5,1.5
104507,4.5,1.5
104531,4.0,1.5
104534,5.0,1.5
104536,4.5,1.5
104537,4.0,1.5
104548,4.0,1.5
104558,1.0,1.5
104559,2.0,1.5
104568,3.5,1.5
104581,5.0,1.5
104588,1.5,1.5
104590,5.0,1.5
104591,3.0,1.5
104595,4.0,1.5
104605,4.0,1.5
104613,4.0,1.5
104635,5.0,1.5
104653,4.5,1.5
104659,4.0,1.5
104669,4.0,1.5
104679,3.5,1.5
104699,2.0,1.5
104705,3.5,1.5
104721,5.0,1.5
104725,5.0,1.5
104731,4.0,1.5
104736,4.0,1.5
104741,4.0,1.5
104746,5.0,1.5
104752,3.5,1.5
104760,3.0,1.5
104793,3.0,1.5
104804,1.0,1.5
104807,4.0,1.5
104809,4.0,1.5
104821,3.0,1.5
104823,3.0,1.5
104825,3.5,1.5
104831,5.0,1.5
104833,4.0,1.5
104834,5.0,1.5
104852,4.0,1.5
104870,3.5,1.5
104876,3.5,1.5
104892,4.0,1.5
104895,4.0,1.5
104898,3.0,1.5
104911,5.0,1.5
104912,4.0,1.5
104916,3.5,1.5
104939,3.0,1.5
104943,5.0,1.5
104946,2.5,1.5
104949,3.0,1.5
104951,3.0,1.5
104967,3.0,1.5
104969,3.0,1.5
104973,2.5,1.5
104977,4.5,1.5
105007,5.0,1.5
105012,3.0,1.5
105021,3.0,1.5
105031,3.5,1.5
105033,4.0,1.5
105042,3.0,1.5
105045,3.0,1.5
105057,2.0,1.5
105070,5.0,1.5
105071,5.0,1.5
105078,4.0,1.5
105081,4.0,1.5
105097,1.0,1.5
105129,4.5,1.5
105132,3.0,1.5
105145,3.0,1.5
105155,3.0,1.5
105161,4.0,1.5
105164,3.0,1.5
105178,4.0,1.5
105186,3.0,1.5
105191,2.0,1.5
105197,3.0,1.5
105199,3.0,1.5
105201,4.5,1.5
105215,2.0,1.5
105216,5.0,1.5
105249,4.0,1.5
105269,3.0,1.5
105282,5.0,1.5
105295,4.0,1.5
105300,4.0,1.5
105306,3.0,1.5
105325,4.5,1.5
105338,5.0,1.5
105356,4.0,1.5
105366,4.0,1.5
105370,4.0,1.5
105375,4.5,1.5
105376,4.0,1.5
105387,3.0,1.5
105395,5.0,1.5
105398,5.0,1.5
105410,2.0,1.5
105429,4.0,1.5
105443,3.0,1.5
105445,3.0,1.5
105461,2.5,1.5
105492,3.0,1.5
105495,4.0,1.5
105498,4.0,1.5
105505,4.0,1.5
105544,3.5,1.5
105546,3.0,1.5
105561,5.0,1.5
105567,2.5,1.5
105580,1.0,1.5
105583,1.0,1.5
105585,4.5,1.5
105588,4.5,1.5
105604,4.0,1.5
105605,3.0,1.5
105607,3.5,1.5
105627,1.0,1.5
105631,3.0,1.5
105632,4.0,1.5
105645,3.0,1.5
105646,4.0,1.5
105650,3.5,1.5
105660,4.0,1.5
105675,4.0,1.5
105683,3.0,1.5
105693,2.5,1.5
105703,4.0,1.5
105712,3.5,1.5
105726,1.0,1.5
105747,4.0,1.5
105759,4.0,1.5
105760,4.0,1.5
105767,4.0,1.5
105770,3.0,1.5
105771,1.0,1.5
105772,4.0,1.5
105781,4.0,1.5
105831,5.0,1.5
105835,4.0,1.5
105839,4.0,1.5
105841,3.0,1.5
105858,2.5,1.5
105866,5.0,1.5
105876,3.0,1.5
105879,3.0,1.5
105882,5.0,1.5
105900,3.0,1.5
105914,1.0,1.5
105922,3.0,1.5
105940,4.0,1.5
105955,4.0,1.5
105982,5.0,1.5
105987,4.0,1.5
105990,3.0,1.5
105993,3.0,1.5
106001,3.0,1.5
106005,2.0,1.5
106015,5.0,1.5
106044,3.0,1.5
106059,3.0,1.5
106068,4.0,1.5
106069,4.0,1.5
106075,3.0,1.5
106079,3.0,1.5
106098,5.0,1.5
106106,4.5,1.5
106113,5.0,1.5
106119,4.0,1.5
106130,5.0,1.5
106145,3.5,1.5
106158,5.0,1.5
106159,4.0,1.5
106164,2.0,1.5
106170,3.0,1.5
106173,3.0,1.5
106189,3.0,1.5
106192,3.0,1.5
106193,3.0,1.5
106197,4.0,1.5
106218,4.0,1.5
106241,3.5,1.5
106246,4.0,1.5
106248,2.0,1.5
106249,3.0,1.5
106251,3.0,1.5
106263,4.0,1.5
106273,4.0,1.5
106278,5.0,1.5
106284,2.0,1.5
106286,5.0,1.5
106292,4.0,1.5
106310,4.0,1.5
106315,5.0,1.5
106318,4.0,1.5
106332,4.0,1.5
106336,4.0,1.5
106354,4.0,1.5
106355,4.0,1.5
106373,4.0,1.5
106376,3.0,1.5
106404,4.0,1.5
106407,1.0,1.5
106414,5.0,1.5
106436,3.0,1.5
106437,3.5,1.5
106441,4.0,1.5
106443,4.0,1.5
106444,4.0,1.5
106452,3.0,1.5
106454,3.0,1.5
106463,4.0,1.5
106468,4.0,1.5
106474,3.0,1.5
106477,2.0,1.5
106495,3.0,1.5
106498,4.0,1.5
106570,1.0,1.5
106580,3.0,1.5
106587,4.0,1.5
106605,2.0,1.5
106612,4.0,1.5
106620,3.0,1.5
106629,3.5,1.5
106630,5.0,1.5
106639,3.0,1.5
106643,3.0,1.5
106650,1.0,1.5
106659,4.5,1.5
106671,2.0,1.5
106673,4.5,1.5
106675,3.0,1.5
106680,4.0,1.5
106690,5.0,1.5
106692,3.0,1.5
106694,3.0,1.5
106695,4.0,1.5
106713,4.0,1.5
106755,1.5,1.5
106765,3.0,1.5
106767,4.0,1.5
106777,3.0,1.5
106800,4.0,1.5
106801,4.0,1.5
106802,3.0,1.5
106823,3.0,1.5
106836,4.0,1.5
106854,4.0,1.5
106867,4.0,1.5
106878,4.0,1.5
106881,5.0,1.5
106904,2.5,1.5
106909,4.0,1.5
106911,2.0,1.5
106915,3.0,1.5
106921,4.0,1.5
106922,1.5,1.5
106939,5.0,1.5
106943,4.0,1.5
106965,5.0,1.5
106976,4.0,1.5
106993,4.0,1.5
106997,3.0,1.5
107006,3.0,1.5
107015,4.0,1.5
107031,5.0,1.5
107044,4.0,1.5
107050,2.0,1.5
107070,3.0,1.5
107090,3.0,1.5
107091,4.0,1.5
107094,5.0,1.5
107097,4.0,1.5
107099,4.0,1.5
107102,4.0,1.5
107106,5.0,1.5
107109,4.0,1.5
107112,5.0,1.5
107114,4.0,1.5
107126,3.0,1.5
107127,4.0,1.5
107144,2.0,1.5
107153,4.0,1.5
107160,3.5,1.5
107175,4.0,1.5
107187,4.0,1.5
107188,4.0,1.5
107193,3.0,1.5
107203,2.0,1.5
107210,4.0,1.5
107212,4.0,1.5
107214,4.5,1.5
107219,3.0,1.5
107232,4.0,1.5
107236,5.0,1.5
107248,3.0,1.5
107256,4.0,1.5
107262,5.0,1.5
107264,4.0,1.5
107266,5.0,1.5
107270,5.0,1.5
107284,3.5,1.5
107285,3.0,1.5
107302,3.0,1.5
107304,4.0,1.5
107307,3.0,1.5
107308,3.0,1.5
107311,3.0,1.5
107313,2.0,1.5
107314,4.0,1.5
107317,3.0,1.5
107324,5.0,1.5
107326,4.0,1.5
107329,4.0,1.5
107334,5.0,1.5
107344,3.0,1.5
107346,5.0,1.5
107348,4.0,1.5
107356,3.5,1.5
107358,4.0,1.5
107363,3.0,1.5
107382,5.0,1.5
107402,3.0,1.5
107409,5.0,1.5
107423,4.0,1.5
107424,4.0,1.5
107437,1.0,1.5
107457,5.0,1.5
107460,5.0,1.5
107461,4.0,1.5
107468,3.0,1.5
107481,4.0,1.5
107494,5.0,1.5
107495,3.5,1.5
107537,4.0,1.5
107543,3.5,1.5
107561,5.0,1.5
107572,4.0,1.5
107578,3.0,1.5
107579,2.0,1.5
107581,4.0,1.5
107582,4.0,1.5
107603,4.5,1.5
107604,4.0,1.5
107618,3.0,1.5
107625,3.5,1.5
107638,3.0,1.5
107640,3.0,1.5
107667,5.0,1.5
107674,5.0,1.5
107675,4.0,1.5
107688,3.0,1.5
107704,4.0,1.5
107709,4.0,1.5
107715,4.5,1.5
107719,3.0,1.5
107720,3.0,1.5
107731,4.0,1.5
107732,3.0,1.5
107740,3.0,1.5
107754,4.0,1.5
107755,5.0,1.5
107761,5.0,1.5
107767,3.0,1.5
107791,3.0,1.5
107800,4.0,1.5
107802,3.0,1.5
107806,3.0,1.5
107819,2.5,1.5
107823,3.0,1.5
107824,4.0,1.5
107826,3.0,1.5
107847,3.0,1.5
107874,4.5,1.5
107885,3.0,1.5
107890,3.0,1.5
107895,3.0,1.5
107904,3.0,1.5
107909,4.0,1.5
107913,5.0,1.5
107914,4.0,1.5
107918,4.5,1.5
107955,4.0,1.5
107963,4.0,1.5
107966,4.0,1.5
107975,4.0,1.5
107981,3.0,1.5
107984,3.5,1.5
107987,3.0,1.5
107993,3.0,1.5
108004,3.0,1.5
108005,4.0,1.5
108016,4.0,1.5
108028,3.0,1.5
108037,4.0,1.5
108048,3.0,1.5
108052,3.0,1.5
108067,3.0,1.5
108087,4.0,1.5
108089,3.5,1.5
108107,3.0,1.5
108109,5.0,1.5
108119,5.0,1.5
108122,5.0,1.5
108123,4.0,1.5
108127,3.0,1.5
108131,4.0,1.5
108138,3.0,1.5
108140,3.0,1.5
108141,4.0,1.5
108142,3.5,1.5
108169,2.5,1.5
108173,2.0,1.5
108187,4.0,1.5
108189,3.0,1.5
108195,3.5,1.5
108199,4.0,1.5
108201,4.0,1.5
108204,5.0,1.5
108222,2.0,1.5
108232,3.0,1.5
108235,4.5,1.5
108248,3.0,1.5
108266,4.0,1.5
108280,3.0,1.5
108285,3.0,1.5
108307,4.0,1.5
108332,5.0,1.5
108357,3.5,1.5
108359,2.0,1.5
108365,4.0,1.5
108368,3.0,1.5
108374,3.0,1.5
108377,3.0,1.5
108385,3.0,1.5
108393,3.5,1.5
108397,5.0,1.5
108400,5.0,1.5
108401,4.0,1.5
108403,3.5,1.5
108408,4.0,1.5
108423,4.0,1.5
108424,5.0,1.5
108429,3.0,1.5
108436,3.0,1.5
108439,5.0,1.5
108460,4.0,1.5
108467,5.0,1.5
108472,3.0,1.5
108476,2.5,1.5
108478,4.0,1.5
108486,4.0,1.5
108491,0.5,1.5
108493,4.0,1.5
108502,1.0,1.5
108514,4.0,1.5
108515,3.0,1.5
108520,4.0,1.5
108524,4.0,1.5
108533,4.5,1.5
108545,4.0,1.5
108558,3.0,1.5
108579,5.0,1.5
108606,4.0,1.5
108613,3.0,1.5
108617,4.0,1.5
108620,3.0,1.5
108623,4.0,1.5
108643,4.0,1.5
108646,3.0,1.5
108655,2.5,1.5
108659,5.0,1.5
108670,4.0,1.5
108673,3.0,1.5
108674,4.5,1.5
108679,4.0,1.5
108684,3.5,1.5
108696,3.0,1.5
108741,2.0,1.5
108745,4.0,1.5
108748,5.0,1.5
108762,1.0,1.5
108765,3.0,1.5
108773,4.0,1.5
108774,4.0,1.5
108781,4.0,1.5
108792,5.0,1.5
108795,3.0,1.5
108800,3.5,1.5
108806,4.0,1.5
108822,4.0,1.5
108844,5.0,1.5
108847,4.5,1.5
108848,4.0,1.5
108850,3.5,1.5
108859,4.0,1.5
108875,3.0,1.5
108878,4.5,1.5
108883,3.0,1.5
108901,3.0,1.5
108902,5.0,1.5
108907,4.0,1.5
108909,4.0,1.5
108910,3.0,1.5
108929,4.0,1.5
108934,4.0,1.5
108939,4.0,1.5
108947,4.0,1.5
108950,3.5,1.5
108967,3.0,1.5
108968,2.0,1.5
108972,1.0,1.5
109003,3.0,1.5
109010,4.0,1.5
109011,2.0,1.5
109014,4.0,1.5
109057,4.5,1.5
109060,4.0,1.5
109090,3.5,1.5
109102,3.0,1.5
109114,2.0,1.5
109116,2.5,1.5
109130,5.0,1.5
109144,3.0,1.5
109145,3.0,1.5
109149,4.0,1.5
109152,3.0,1.5
109161,4.0,1.5
109163,4.0,1.5
109165,4.0,1.5
109175,3.0,1.5
109179,2.5,1.5
109184,4.0,1.5
109185,3.5,1.5
109203,3.0,1.5
109211,3.0,1.5
109224,2.0,1.5
109231,3.0,1.5
109236,4.0,1.5
109239,4.0,1.5
109243,2.0,1.5
109245,3.5,1.5
109252,4.0,1.5
109253,3.0,1.5
109254,5.0,1.5
109282,5.0,1.5
109283,3.0,1.5
109294,4.0,1.5
109306,4.0,1.5
109308,4.0,1.5
109322,4.0,1.5
109330,3.0,1.5
109331,4.0,1.5
109339,2.0,1.5
109347,3.0,1.5
109351,5.0,1.5
109358,5.0,1.5
109360,4.0,1.5
109395,3.0,1.5
109409,3.5,1.5
109414,4.0,1.5
109427,3.0,1.5
109429,4.0,1.5
109435,5.0,1.5
109439,3.0,1.5
109460,4.5,1.5
109466,4.0,1.5
109467,3.0,1.5
109469,4.0,1.5
109472,4.0,1.5
109474,3.0,1.5
109484,5.0,1.5
109490,5.0,1.5
109497,4.5,1.5
109504,4.0,1.5
109505,3.0,1.5
109528,4.0,1.5
109550,3.0,1.5
109553,5.0,1.5
109559,4.0,1.5
109562,4.0,1.5
109565,4.0,1.5
109569,2.5,1.5
109575,3.0,1.5
109583,5.0,1.5
109586,3.0,1.5
109588,4.0,1.5
109591,4.5,1.5
109597,3.0,1.5
109599,3.5,1.5
109620,2.5,1.5
109661,3.0,1.5
109673,4.0,1.5
109684,5.0,1.5
109692,2.5,1.5
109693,4.0,1.5
109695,3.5,1.5
109700,5.0,1.5
109702,4.0,1.5
109704,4.0,1.5
109718,4.0,1.5
109725,5.0,1.5
109738,4.5,1.5
109744,3.0,1.5
109762,5.0,1.5
109764,3.5,1.5
109765,5.0,1.5
109770,4.0,1.5
109777,4.0,1.5
109782,3.0,1.5
109783,3.0,1.5
109800,4.0,1.5
109802,3.0,1.5
109803,5.0,1.5
109806,5.0,1.5
109826,4.5,1.5
109831,3.0,1.5
109864,2.0,1.5
109882,3.0,1.5
109883,3.0,1.5
109906,5.0,1.5
109914,3.5,1.5
109920,3.5,1.5
109925,4.0,1.5
109933,4.5,1.5
109934,4.0,1.5
109939,4.0,1.5
109941,5.0,1.5
109942,4.0,1.5
109943,3.0,1.5
109962,3.0,1.5
109972,4.0,1.5
109995,3.0,1.5
109996,4.0,1.5
110001,4.0,1.5
110044,2.0,1.5
110047,5.0,1.5
110048,4.0,1.5
110060,4.0,1.5
110063,3.0,1.5
110065,4.5,1.5
110086,4.0,1.5
110100,3.0,1.5
110113,3.0,1.5
110116,4.0,1.5
110130,2.5,1.5
110131,2.0,1.5
110133,3.0,1.5
110139,4.0,1.5
110151,1.0,1.5
110154,3.5,1.5
110158,3.0,1.5
110163,5.0,1.5
110171,1.0,1.5
110178,3.0,1.5
110181,4.0,1.5
110182,4.0,1.5
110190,3.5,1.5
110203,3.0,1.5
110206,4.0,1.5
110227,4.0,1.5
110243,1.0,1.5
110247,3.5,1.5
110253,4.0,1.5
110260,3.0,1.5
110269,4.0,1.5
110284,4.0,1.5
110300,4.5,1.5
110302,4.0,1.5
110307,3.0,1.5
110328,3.0,1.5
110353,3.0,1.5
110355,3.0,1.5
110369,4.0,1.5
110372,3.0,1.5
110392,4.5,1.5
110397,3.0,1.5
110414,4.0,1.5
110418,4.0,1.5
110439,4.0,1.5
110447,4.0,1.5
110452,4.0,1.5
110468,2.5,1.5
110489,5.0,1.5
110503,2.0,1.5
110504,3.0,1.5
110505,4.0,1.5
110513,5.0,1.5
110514,4.0,1.5
110515,5.0,1.5
110525,3.0,1.5
110543,2.0,1.5
110549,3.0,1.5
110552,3.0,1.5
110558,5.0,1.5
110577,5.0,1.5
110581,4.0,1.5
110583,5.0,1.5
110587,4.5,1.5
110588,5.0,1.5
110597,3.0,1.5
110607,4.0,1.5
110615,3.5,1.5
110617,4.0,1.5
110618,4.0,1.5
110622,5.0,1.5
110623,5.0,1.5
110639,5.0,1.5
110644,3.0,1.5
110645,5.0,1.5
110656,3.0,1.5
110659,4.0,1.5
110674,2.0,1.5
110675,3.0,1.5
110685,3.0,1.5
110698,3.0,1.5
110714,5.0,1.5
110720,4.0,1.5
110733,3.0,1.5
110758,4.0,1.5
110769,3.5,1.5
110770,4.5,1.5
110786,4.0,1.5
110787,3.5,1.5
110792,4.0,1.5
110797,4.0,1.5
110802,2.0,1.5
110812,4.0,1.5
110819,3.0,1.5
110824,4.0,1.5
110829,3.5,1.5
110839,1.0,1.5
110846,3.0,1.5
110858,4.0,1.5
110861,4.0,1.5
110864,4.0,1.5
110880,4.0,1.5
110890,4.0,1.5
110897,4.0,1.5
110903,4.0,1.5
110912,3.0,1.5
110919,3.0,1.5
110925,3.0,1.5
110929,3.0,1.5
110934,2.0,1.5
110936,3.0,1.5
110991,2.0,1.5
111016,3.0,1.5
111023,4.0,1.5
111028,4.0,1.5
111037,5.0,1.5
111038,4.0,1.5
111055,5.0,1.5
111058,3.0,1.5
111060,5.0,1.5
111087,3.5,1.5
111088,5.0,1.5
111117,5.0,1.5
111118,4.0,1.5
111124,3.0,1.5
111137,4.0,1.5
111141,4.0,1.5
111146,4.5,1.5
111151,4.0,1.5
111152,4.5,1.5
111155,3.5,1.5
111163,5.0,1.5
111177,2.5,1.5
111196,4.0,1.5
111197,4.0,1.5
111212,5.0,1.5
111213,4.0,1.5
111232,5.0,1.5
111237,4.0,1.5
111243,3.0,1.5
111249,4.0,1.5
111251,2.5,1.5
111267,4.0,1.5
111269,3.0,1.5
111271,4.0,1.5
111276,4.0,1.5
111288,2.0,1.5
111301,4.0,1.5
111305,4.0,1.5
111314,4.0,1.5
111317,3.5,1.5
111319,3.0,1.5
111357,3.0,1.5
111359,5.0,1.5
111363,3.0,1.5
111371,4.5,1.5
111375,4.0,1.5
111411,3.0,1.5
111422,3.5,1.5
111425,3.0,1.5
111426,5.0,1.5
111434,5.0,1.5
111437,4.0,1.5
111440,4.0,1.5
111472,4.5,1.5
111484,4.0,1.5
111513,2.0,1.5
111516,4.0,1.5
111523,5.0,1.5
111540,5.0,1.5
111549,4.0,1.5
111554,4.5,1.5
111583,3.0,1.5
111605,2.0,1.5
111611,3.5,1.5
111612,3.0,1.5
111618,4.0,1.5
111620,4.0,1.5
111627,3.0,1.5
111631,5.0,1.5
111632,3.0,1.5
111635,3.0,1.5
111636,3.0,1.5
111645,4.0,1.5
111655,2.0,1.5
111657,3.5,1.5
111658,3.0,1.5
111662,3.5,1.5
111677,5.0,1.5
111712,5.0,1.5
111722,2.0,1.5
111741,3.0,1.5
111743,5.0,1.5
111748,4.0,1.5
111750,3.0,1.5
111753,3.5,1.5
111796,4.0,1.5
111807,4.0,1.5
111813,3.0,1.5
111823,3.0,1.5
111834,3.0,1.5
111839,3.5,1.5
111844,2.0,1.5
111859,3.5,1.5
111861,3.5,1.5
111862,3.0,1.5
111875,4.0,1.5
111878,4.0,1.5
111880,5.0,1.5
111884,3.0,1.5
111887,3.5,1.5
111888,3.0,1.5
111893,4.0,1.5
111899,3.5,1.5
111903,5.0,1.5
111912,4.5,1.5
111927,3.0,1.5
111943,3.5,1.5
111945,3.0,1.5
111962,4.0,1.5
111973,3.0,1.5
111982,4.0,1.5
111985,3.0,1.5
111988,4.0,1.5
111990,4.0,1.5
112008,3.0,1.5
112011,3.0,1.5
112013,4.0,1.5
112017,3.0,1.5
112028,3.0,1.5
112042,4.0,1.5
112045,4.0,1.5
112059,4.0,1.5
112075,1.0,1.5
112076,4.5,1.5
112091,4.0,1.5
112094,3.0,1.5
112103,4.0,1.5
112105,5.0,1.5
112120,4.5,1.5
112124,4.0,1.5
112127,4.0,1.5
112134,4.0,1.5
112142,3.0,1.5
112147,4.0,1.5
112172,5.0,1.5
112173,1.0,1.5
112188,4.0,1.5
112200,3.0,1.5
112202,4.0,1.5
112203,4.0,1.5
112209,4.0,1.5
112218,5.0,1.5
112258,4.5,1.5
112275,4.0,1.5
112282,3.0,1.5
112297,4.0,1.5
112301,4.5,1.5
112308,4.0,1.5
112337,3.0,1.5
112338,2.0,1.5
112365,4.0,1.5
112371,3.0,1.5
112374,2.0,1.5
112379,4.5,1.5
112410,4.0,1.5
112454,3.0,1.5
112455,5.0,1.5
112460,4.0,1.5
112468,5.0,1.5
112473,3.0,1.5
112495,4.0,1.5
112497,3.0,1.5
112514,4.0,1.5
112518,0.5,1.5
112523,4.0,1.5
112529,4.0,1.5
112530,5.0,1.5
112532,5.0,1.5
112537,4.0,1.5
112553,5.0,1.5
112562,4.0,1.5
112567,4.5,1.5
112570,3.0,1.5
112574,3.5,1.5
112578,3.0,1.5
112588,3.0,1.5
112611,5.0,1.5
112635,5.0,1.5
112646,4.5,1.5
112653,4.0,1.5
112671,5.0,1.5
112680,3.5,1.5
112690,4.0,1.5
112696,5.0,1.5
112697,5.0,1.5
112698,3.0,1.5
112705,5.0,1.5
112725,2.0,1.5
112730,4.0,1.5
112732,3.0,1.5
112748,5.0,1.5
112762,4.0,1.5
112808,4.0,1.5
112816,3.5,1.5
112826,2.0,1.5
112833,4.0,1.5
112843,5.0,1.5
112852,3.5,1.5
112853,4.0,1.5
112861,3.5,1.5
112893,3.0,1.5
112907,3.0,1.5
112909,3.5,1.5
112913,5.0,1.5
112920,5.0,1.5
112921,3.0,1.5
112927,2.0,1.5
112939,3.0,1.5
112940,4.5,1.5
112943,4.0,1.5
112948,4.0,1.5
112955,3.0,1.5
112969,4.0,1.5
112973,5.0,1.5
112983,4.0,1.5
112988,4.0,1.5
112994,5.0,1.5
113009,4.5,1.5
113017,3.0,1.5
113071,3.0,1.5
113074,3.0,1.5
113075,4.5,1.5
113081,4.0,1.5
113113,3.0,1.5
113121,5.0,1.5
113159,3.0,1.5
113177,3.0,1.5
113181,4.0,1.5
113184,4.0,1.5
113194,3.0,1.5
113205,5.0,1.5
113209,2.5,1.5
113227,5.0,1.5
113229,3.5,1.5
113246,5.0,1.5
113256,3.0,1.5
113260,3.0,1.5
113261,3.0,1.5
113262,3.0,1.5
113273,4.0,1.5
113301,1.0,1.5
113336,3.5,1.5
113348,5.0,1.5
113353,4.0,1.5
113366,3.0,1.5
113369,2.5,1.5
113370,5.0,1.5
113374,3.0,1.5
113385,3.0,1.5
113386,4.0,1.5
113392,3.0,1.5
113401,4.0,1.5
113412,3.0,1.5
113413,3.5,1.5
113414,5.0,1.5
113415,5.0,1.5
113429,4.0,1.5
113438,2.0,1.5
113445,4.0,1.5
113451,4.0,1.5
113456,4.0,1.5
113459,4.0,1.5
113464,5.0,1.5
113470,3.0,1.5
113480,2.5,1.5
113515,4.0,1.5
113523,3.0,1.5
113540,3.0,1.5
113556,4.0,1.5
113564,4.5,1.5
113571,3.5,1.5
113573,4.0,1.5
113576,4.0,1.5
113589,4.0,1.5
113601,5.0,1.5
113613,3.0,1.5
113626,3.5,1.5
113632,4.0,1.5
113650,2.0,1.5
113653,3.0,1.5
113654,1.0,1.5
113668,4.0,1.5
113670,3.0,1.5
113699,4.0,1.5
113703,5.0,1.5
113716,4.0,1.5
113718,2.5,1.5
113729,1.5,1.5
113731,3.0,1.5
113740,4.0,1.5
113757,5.0,1.5
113758,5.0,1.5
113769,5.0,1.5
113772,2.0,1.5
113778,5.0,1.5
113783,3.0,1.5
113793,4.0,1.5
113805,3.0,1.5
113806,4.5,1.5
113823,3.5,1.5
113828,3.0,1.5
113831,4.0,1.5
113836,4.5,1.5
113846,2.0,1.5
113849,1.0,1.5
113861,4.0,1.5
113863,3.0,1.5
113869,3.5,1.5
113873,5.0,1.5
113876,3.0,1.5
113890,3.0,1.5
113895,5.0,1.5
113904,4.0,1.5
113906,4.0,1.5
113907,5.0,1.5
113909,4.0,1.5
113911,3.5,1.5
113912,4.0,1.5
113913,3.0,1.5
113917,4.0,1.5
113919,3.0,1.5
113934,4.0,1.5
113939,2.0,1.5
113949,3.0,1.5
113954,1.0,1.5
113968,4.5,1.5
113991,4.0,1.5
113996,3.0,1.5
114009,3.5,1.5
114010,2.5,1.5
114011,4.0,1.5
114026,3.0,1.5
114038,5.0,1.5
114039,3.0,1.5
114045,4.0,1.5
114057,3.5,1.5
114080,5.0,1.5
114105,5.0,1.5
114119,3.0,1.5
114123,2.0,1.5
114127,4.0,1.5
114129,4.0,1.5
114138,2.0,1.5
114148,3.0,1.5
114176,1.0,1.5
114184,3.0,1.5
114185,3.0,1.5
114193,3.0,1.5
114204,5.0,1.5
114208,5.0,1.5
114221,3.0,1.5
114244,3.5,1.5
114255,3.5,1.5
114259,3.0,1.5
114267,2.5,1.5
114276,4.0,1.5
114284,4.0,1.5
114294,5.0,1.5
114299,5.0,1.5
114303,3.5,1.5
114304,3.0,1.5
114305,3.5,1.5
114326,4.0,1.5
114347,4.5,1.5
114395,4.0,1.5
114406,4.5,1.5
114409,3.0,1.5
114412,4.5,1.5
114419,4.5,1.5
114436,3.0,1.5
114461,2.0,1.5
114465,4.0,1.5
114471,5.0,1.5
114476,5.0,1.5
114480,3.0,1.5
114482,2.5,1.5
114488,5.0,1.5
114495,3.0,1.5
114509,4.0,1.5
114528,5.0,1.5
114531,5.0,1.5
114534,5.0,1.5
114535,4.0,1.5
114538,3.0,1.5
114539,3.0,1.5
114541,3.0,1.5
114544,2.0,1.5
114552,4.0,1.5
114554,3.0,1.5
114569,4.0,1.5
114570,3.0,1.5
114579,5.0,1.5
114588,3.0,1.5
114591,4.0,1.5
114595,3.0,1.5
114597,3.0,1.5
114601,5.0,1.5
114612,5.0,1.5
114614,3.0,1.5
114617,3.5,1.5
114624,4.0,1.5
114633,4.0,1.5
114643,3.0,1.5
114659,4.5,1.5
114671,3.5,1.5
114687,4.5,1.5
114694,3.0,1.5
114701,5.0,1.5
114713,3.0,1.5
114720,3.5,1.5
114733,3.0,1.5
114736,4.0,1.5
114738,4.0,1.5
114753,3.0,1.5
114758,3.0,1.5
114764,3.0,1.5
114766,3.0,1.5
114784,2.0,1.5
114787,4.5,1.5
114797,4.0,1.5
114801,3.0,1.5
114805,4.0,1.5
114817,3.5,1.5
114824,3.0,1.5
114836,4.0,1.5
114837,4.0,1.5
114849,4.0,1.5
114850,3.0,1.5
114898,4.0,1.5
114919,2.5,1.5
114928,3.0,1.5
114940,4.0,1.5
114948,4.0,1.5
114958,3.5,1.5
114963,3.5,1.5
114982,3.5,1.5
114992,3.0,1.5
114993,4.0,1.5
114995,3.0,1.5
115011,4.0,1.5
115016,4.0,1.5
115032,3.0,1.5
115035,3.5,1.5
115037,3.0,1.5
115047,4.0,1.5
115051,3.0,1.5
115058,4.0,1.5
115061,5.0,1.5
115080,4.0,1.5
115084,2.0,1.5
115087,5.0,1.5
115100,3.0,1.5
115105,4.0,1.5
115114,4.0,1.5
115123,4.0,1.5
115125,3.0,1.5
115130,5.0,1.5
115133,4.0,1.5
115136,4.0,1.5
115138,3.0,1.5
115152,3.0,1.5
115156,5.0,1.5
115165,4.5,1.5
115168,1.5,1.5
115172,3.0,1.5
115176,3.0,1.5
115184,4.0,1.5
115188,5.0,1.5
115197,3.0,1.5
115200,3.5,1.5
115210,5.0,1.5
115221,4.0,1.5
115222,3.0,1.5
115223,3.0,1.5
115226,3.5,1.5
115233,3.0,1.5
115234,3.0,1.5
115241,4.0,1.5
115244,2.5,1.5
115265,3.5,1.5
115268,3.5,1.5
115281,5.0,1.5
115282,4.0,1.5
115287,5.0,1.5
115297,4.0,1.5
115300,4.0,1.5
115303,5.0,1.5
115306,3.0,1.5
115314,3.0,1.5
115322,3.0,1.5
115323,2.5,1.5
115324,5.0,1.5
115336,3.0,1.5
115338,4.0,1.5
115350,4.0,1.5
115358,3.0,1.5
115365,4.0,1.5
115372,4.5,1.5
115374,4.0,1.5
115383,5.0,1.5
115394,4.0,1.5
115408,4.0,1.5
115416,5.0,1.5
115424,3.0,1.5
115450,4.0,1.5
115459,4.0,1.5
115462,2.0,1.5
115463,4.0,1.5
115465,4.5,1.5
115473,4.5,1.5
115480,3.0,1.5
115483,4.0,1.5
115486,1.0,1.5
115487,5.0,1.5
115511,4.0,1.5
115512,3.0,1.5
115516,3.0,1.5
115520,3.0,1.5
115523,2.0,1.5
115558,5.0,1.5
115562,5.0,1.5
115564,5.0,1.5
115575,3.5,1.5
115577,4.0,1.5
115578,4.0,1.5
115582,3.0,1.5
115604,4.0,1.5
115606,4.5,1.5
115611,4.0,1.5
115622,5.0,1.5
115631,4.0,1.5
115638,3.0,1.5
115639,4.0,1.5
115662,3.0,1.5
115672,5.0,1.5
115681,5.0,1.5
115692,5.0,1.5
115715,5.0,1.5
115724,2.5,1.5
115732,5.0,1.5
115743,3.0,1.5
115746,4.0,1.5
115749,4.5,1.5
115753,2.0,1.5
115756,4.0,1.5
115767,3.0,1.5
115782,4.5,1.5
115785,4.5,1.5
115788,3.0,1.5
115800,3.0,1.5
115801,5.0,1.5
115806,3.0,1.5
115811,5.0,1.5
115821,3.0,1.5
115824,4.0,1.5
115825,4.0,1.5
115829,4.5,1.5
115843,3.5,1.5
115848,4.0,1.5
115888,3.5,1.5
115893,4.0,1.5
115904,4.0,1.5
115929,4.0,1.5
115930,3.0,1.5
115958,4.0,1.5
115970,3.0,1.5
115978,3.5,1.5
115998,4.0,1.5
116003,5.0,1.5
116007,3.0,1.5
116015,5.0,1.5
116017,4.0,1.5
116025,4.0,1.5
116030,3.0,1.5
116033,3.5,1.5
116047,4.0,1.5
116084,4.5,1.5
116086,3.0,1.5
116095,4.0,1.5
116104,1.5,1.5
116111,4.0,1.5
116118,3.0,1.5
116121,3.0,1.5
116127,3.0,1.5
116143,1.0,1.5
116149,5.0,1.5
116189,4.0,1.5
116230,4.0,1.5
116238,3.0,1.5
116241,2.5,1.5
116251,4.0,1.5
116265,3.0,1.5
116291,5.0,1.5
116302,4.0,1.5
116317,0.5,1.5
116319,4.0,1.5
116324,4.0,1.5
116351,3.0,1.5
116358,4.0,1.5
116359,5.0,1.5
116360,4.0,1.5
116361,3.5,1.5
116368,5.0,1.5
116378,4.0,1.5
116390,2.0,1.5
116397,3.0,1.5
116413,3.0,1.5
116415,3.0,1.5
116416,4.5,1.5
116422,3.0,1.5
116430,5.0,1.5
116455,4.0,1.5
116461,3.0,1.5
116474,4.0,1.5
116478,4.0,1.5
116485,4.0,1.5
116491,4.0,1.5
116497,4.0,1.5
116498,3.5,1.5
116503,4.0,1.5
116504,4.0,1.5
116512,1.5,1.5
116523,4.0,1.5
116537,2.5,1.5
116543,4.0,1.5
116554,5.0,1.5
116555,2.0,1.5
116556,5.0,1.5
116557,4.5,1.5
116562,4.0,1.5
116569,3.0,1.5
116587,4.0,1.5
116590,4.0,1.5
116615,4.5,1.5
116626,4.0,1.5
116630,4.0,1.5
116631,4.0,1.5
116640,3.0,1.5
116653,2.0,1.5
116675,3.0,1.5
116709,5.0,1.5
116710,4.0,1.5
116718,3.0,1.5
116725,3.5,1.5
116730,3.0,1.5
116731,4.0,1.5
116737,4.0,1.5
116748,3.0,1.5
116757,2.0,1.5
116758,4.0,1.5
116759,3.0,1.5
116764,4.0,1.5
116783,5.0,1.5
116785,4.0,1.5
116789,2.0,1.5
116824,5.0,1.5
116838,4.0,1.5
116839,3.0,1.5
116855,4.5,1.5
116858,4.0,1.5
116859,2.0,1.5
116874,5.0,1.5
116875,3.0,1.5
116883,5.0,1.5
116884,1.0,1.5
116888,4.0,1.5
116895,2.0,1.5
116898,1.0,1.5
116900,5.0,1.5
116916,4.0,1.5
116918,4.0,1.5
116919,4.0,1.5
116937,5.0,1.5
116950,3.5,1.5
116959,3.0,1.5
116960,4.5,1.5
116961,1.0,1.5
116982,2.0,1.5
116996,3.5,1.5
117000,1.0,1.5
117006,4.0,1.5
117026,4.0,1.5
117029,4.0,1.5
117035,5.0,1.5
117053,2.5,1.5
117054,4.0,1.5
117060,4.0,1.5
117070,4.5,1.5
117076,4.0,1.5
117116,4.0,1.5
117117,5.0,1.5
117121,4.0,1.5
117139,2.0,1.5
117140,3.0,1.5
117141,2.0,1.5
117143,3.0,1.5
117146,2.0,1.5
117148,3.0,1.5
117156,4.0,1.5
117157,3.0,1.5
117171,3.5,1.5
117173,3.5,1.5
117190,4.5,1.5
117193,3.0,1.5
117203,4.0,1.5
117217,4.0,1.5
117238,3.0,1.5
117257,3.0,1.5
117267,2.0,1.5
117280,4.5,1.5
117292,5.0,1.5
117302,5.0,1.5
117305,5.0,1.5
117310,4.5,1.5
117315,5.0,1.5
117318,3.5,1.5
117323,3.0,1.5
117336,5.0,1.5
117344,4.0,1.5
117349,4.0,1.5
117350,1.5,1.5
117355,3.5,1.5
117356,4.0,1.5
117370,5.0,1.5
117379,4.0,1.5
117384,4.0,1.5
117411,4.5,1.5
117417,1.0,1.5
117422,4.0,1.5
117428,3.0,1.5
117435,4.0,1.5
117444,4.0,1.5
117453,4.0,1.5
117456,3.0,1.5
117458,3.0,1.5
117459,4.0,1.5
117465,2.0,1.5
117473,3.0,1.5
117476,3.0,1.5
117479,3.0,1.5
117493,5.0,1.5
117523,5.0,1.5
117529,4.0,1.5
117549,3.0,1.5
117568,4.0,1.5
117575,5.0,1.5
117581,1.0,1.5
117590,3.5,1.5
117616,4.0,1.5
117617,4.0,1.5
117639,3.0,1.5
117643,3.0,1.5
117658,3.0,1.5
117669,3.0,1.5
117677,2.0,1.5
117688,3.0,1.5
117701,3.0,1.5
117702,3.0,1.5
117708,4.0,1.5
117716,3.0,1.5
117731,3.0,1.5
117745,4.5,1.5
117760,5.0,1.5
117777,4.0,1.5
117794,5.0,1.5
117800,5.0,1.5
117807,3.0,1.5
117811,4.0,1.5
117812,4.0,1.5
117826,2.0,1.5
117838,2.0,1.5
117850,3.5,1.5
117856,3.0,1.5
117857,4.0,1.5
117886,3.5,1.5
117893,3.0,1.5
117903,5.0,1.5
117904,4.0,1.5
117912,3.0,1.5
117917,5.0,1.5
117923,3.0,1.5
117925,4.0,1.5
117933,4.0,1.5
117938,4.0,1.5
117948,4.0,1.5
117954,3.0,1.5
117961,2.0,1.5
117970,3.0,1.5
117977,4.0,1.5
118004,3.0,1.5
118019,3.0,1.5
118030,3.0,1.5
118058,3.0,1.5
118068,4.0,1.5
118079,4.0,1.5
118082,4.0,1.5
118107,1.0,1.5
118111,4.0,1.5
118112,3.0,1.5
118127,3.5,1.5
118130,3.0,1.5
118134,3.5,1.5
118135,2.0,1.5
118142,3.0,1.5
118143,3.0,1.5
118145,3.0,1.5
118150,3.0,1.5
118174,3.0,1.5
118182,2.0,1.5
118194,5.0,1.5
118205,4.0,1.5
118229,4.0,1.5
118236,2.0,1.5
118243,3.0,1.5
118254,3.5,1.5
118257,4.0,1.5
118266,4.0,1.5
118295,4.0,1.5
118299,3.0,1.5
118300,4.0,1.5
118303,1.0,1.5
118326,5.0,1.5
118333,5.0,1.5
118351,3.0,1.5
118357,3.0,1.5
118365,5.0,1.5
118389,3.0,1.5
118390,4.0,1.5
118393,3.0,1.5
118404,5.0,1.5
118413,4.0,1.5
118429,4.0,1.5
118437,4.0,1.5
118439,3.5,1.5
118478,4.0,1.5
118483,4.0,1.5
118492,4.0,1.5
118503,2.5,1.5
118508,4.0,1.5
118514,4.0,1.5
118537,3.0,1.5
118543,5.0,1.5
118561,2.0,1.5
118566,3.0,1.5
118567,4.0,1.5
118587,3.0,1.5
118594,5.0,1.5
118603,2.0,1.5
118619,4.0,1.5
118626,5.0,1.5
118633,3.0,1.5
118638,3.0,1.5
118648,3.5,1.5
118660,3.0,1.5
118661,5.0,1.5
118665,3.0,1.5
118666,3.0,1.5
118673,5.0,1.5
118698,3.5,1.5
118703,4.0,1.5
118711,4.0,1.5
118718,3.0,1.5
118722,4.0,1.5
118723,3.0,1.5
118728,3.0,1.5
118741,3.0,1.5
118754,4.5,1.5
118760,2.0,1.5
118762,2.5,1.5
118767,4.5,1.5
118783,4.0,1.5
118795,5.0,1.5
118800,3.0,1.5
118820,2.0,1.5
118821,2.5,1.5
118827,4.0,1.5
118848,4.5,1.5
118864,5.0,1.5
118882,4.0,1.5
118887,5.0,1.5
118895,4.0,1.5
118898,3.0,1.5
118902,4.0,1.5
118947,4.5,1.5
118955,4.0,1.5
118957,3.5,1.5
118998,1.0,1.5
118999,5.0,1.5
119010,2.5,1.5
119012,5.0,1.5
119013,4.0,1.5
119028,5.0,1.5
119046,3.5,1.5
119048,5.0,1.5
119055,5.0,1.5
119066,3.0,1.5
119075,4.0,1.5
119086,3.0,1.5
119089,2.0,1.5
119092,3.0,1.5
119098,4.5,1.5
119112,4.0,1.5
119118,3.0,1.5
119124,4.0,1.5
119125,4.0,1.5
119126,5.0,1.5
119132,4.0,1.5
119141,3.0,1.5
119145,3.0,1.5
119148,4.0,1.5
119175,5.0,1.5
119179,3.0,1.5
119180,5.0,1.5
119182,4.5,1.5
119188,3.0,1.5
119203,5.0,1.5
119212,3.0,1.5
119236,3.0,1.5
119242,4.0,1.5
119259,3.5,1.5
119271,4.0,1.5
119273,5.0,1.5
119274,4.0,1.5
119275,4.0,1.5
119305,5.0,1.5
119310,3.5,1.5
119339,5.0,1.5
119344,1.0,1.5
119358,3.0,1.5
119367,4.0,1.5
119371,4.0,1.5
119374,4.5,1.5
119383,5.0,1.5
119386,2.0,1.5
119408,2.0,1.5
119416,3.5,1.5
119421,3.0,1.5
119437,4.0,1.5
119438,3.0,1.5
119443,3.0,1.5
119444,3.0,1.5
119445,4.0,1.5
119460,4.0,1.5
119467,4.5,1.5
119470,5.0,1.5
119474,3.0,1.5
119476,5.0,1.5
119486,3.5,1.5
119496,5.0,1.5
119506,4.5,1.5
119508,4.0,1.5
119531,4.0,1.5
119535,4.5,1.5
119556,4.0,1.5
119585,5.0,1.5
119586,3.0,1.5
119589,5.0,1.5
119608,5.0,1.5
119632,4.5,1.5
119646,4.0,1.5
119654,5.0,1.5
119661,5.0,1.5
119664,4.0,1.5
119674,3.0,1.5
119675,3.0,1.5
119677,4.0,1.5
119680,5.0,1.5
119688,4.0,1.5
119693,4.0,1.5
119705,3.0,1.5
119707,3.0,1.5
119714,5.0,1.5
119715,4.0,1.5
119724,3.0,1.5
119731,4.0,1.5
119733,5.0,1.5
119748,4.0,1.5
119756,4.0,1.5
119757,4.5,1.5
119758,3.0,1.5
119762,5.0,1.5
119787,4.0,1.5
119791,4.5,1.5
119792,4.0,1.5
119800,3.5,1.5
119819,3.0,1.5
119822,3.0,1.5
119830,4.0,1.5
119842,5.0,1.5
119847,4.0,1.5
119849,4.0,1.5
119858,4.0,1.5
119876,4.0,1.5
119879,4.5,1.5
119894,4.0,1.5
119900,5.0,1.5
119901,4.0,1.5
119903,3.0,1.5
119913,4.0,1.5
119915,3.5,1.5
119924,5.0,1.5
119925,3.0,1.5
119927,3.0,1.5
119932,4.0,1.5
119935,3.5,1.5
119942,5.0,1.5
119963,4.0,1.5
119979,4.0,1.5
119983,4.0,1.5
119989,4.5,1.5
120014,5.0,1.5
120016,5.0,1.5
120030,5.0,1.5
120034,4.0,1.5
120042,4.0,1.5
120048,4.5,1.5
120063,3.0,1.5
120067,4.0,1.5
120083,3.0,1.5
120084,3.0,1.5
120090,4.0,1.5
120094,4.0,1.5
120100,3.0,1.5
120105,5.0,1.5
120118,4.0,1.5
120122,5.0,1.5
120150,4.5,1.5
120178,3.0,1.5
120180,4.0,1.5
120196,2.0,1.5
120208,4.0,1.5
120209,3.0,1.5
120233,5.0,1.5
120246,4.0,1.5
120249,5.0,1.5
120250,2.5,1.5
120253,4.0,1.5
120256,2.5,1.5
120271,3.5,1.5
120286,2.0,1.5
120294,2.0,1.5
120312,4.0,1.5
120322,5.0,1.5
120362,5.0,1.5
120379,3.0,1.5
120382,3.0,1.5
120391,4.0,1.5
120395,3.0,1.5
120397,3.5,1.5
120404,2.5,1.5
120416,3.0,1.5
120426,2.0,1.5
120450,5.0,1.5
120455,4.0,1.5
120458,4.0,1.5
120460,4.0,1.5
120479,3.5,1.5
120486,4.0,1.5
120499,4.0,1.5
120509,1.0,1.5
120518,4.0,1.5
120519,3.0,1.5
120524,1.0,1.5
120525,3.0,1.5
120529,3.0,1.5
120535,5.0,1.5
120537,3.0,1.5
120543,3.0,1.5
120544,4.0,1.5
120550,3.0,1.5
120564,4.0,1.5
120572,4.0,1.5
120575,1.0,1.5
120578,4.0,1.5
120583,5.0,1.5
120593,3.0,1.5
120599,2.0,1.5
120600,3.0,1.5
120619,5.0,1.5
120623,1.0,1.5
120624,4.0,1.5
120637,4.0,1.5
120642,3.0,1.5
120666,5.0,1.5
120668,4.5,1.5
120674,4.0,1.5
120678,3.0,1.5
120707,2.0,1.5
120709,4.0,1.5
120735,5.0,1.5
120742,4.0,1.5
120754,4.0,1.5
120758,3.5,1.5
120761,3.0,1.5
120771,4.0,1.5
120773,5.0,1.5
120776,4.0,1.5
120777,4.0,1.5
120789,3.0,1.5
120794,3.5,1.5
120804,4.0,1.5
120818,2.0,1.5
120834,3.0,1.5
120890,5.0,1.5
120895,4.5,1.5
120902,2.0,1.5
120926,4.0,1.5
120932,4.0,1.5
120937,3.5,1.5
120942,4.0,1.5
120948,4.5,1.5
120959,3.0,1.5
120965,5.0,1.5
120973,3.0,1.5
120980,4.0,1.5
120989,2.0,1.5
121001,3.5,1.5
121004,3.0,1.5
121010,4.5,1.5
121013,5.0,1.5
121016,4.5,1.5
121019,4.0,1.5
121024,4.0,1.5
121044,3.0,1.5
121052,3.0,1.5
121055,4.0,1.5
121064,3.5,1.5
121065,4.0,1.5
121079,3.0,1.5
121092,3.5,1.5
121096,3.0,1.5
121097,0.5,1.5
121114,3.0,1.5
121128,2.0,1.5
121139,2.0,1.5
121141,3.0,1.5
121144,5.0,1.5
121146,3.0,1.5
121155,3.0,1.5
121157,4.0,1.5
121158,2.0,1.5
121161,5.0,1.5
121175,5.0,1.5
121185,4.5,1.5
121197,5.0,1.5
121202,2.0,1.5
121214,4.0,1.5
121215,5.0,1.5
121224,4.0,1.5
121233,4.5,1.5
121252,3.0,1.5
121287,4.0,1.5
121292,4.0,1.5
121303,2.5,1.5
121304,4.0,1.5
121308,4.0,1.5
121311,3.5,1.5
121328,3.0,1.5
121333,5.0,1.5
121334,2.5,1.5
121335,4.0,1.5
121341,3.0,1.5
121353,4.0,1.5
121355,3.0,1.5
121356,3.0,1.5
121381,3.5,1.5
121394,3.0,1.5
121401,5.0,1.5
121408,2.0,1.5
121411,4.0,1.5
121416,1.0,1.5
121434,3.5,1.5
121442,1.0,1.5
121447,1.5,1.5
121449,4.0,1.5
121459,4.0,1.5
121464,2.0,1.5
121487,4.0,1.5
121497,1.0,1.5
121505,4.0,1.5
121507,4.0,1.5
121511,3.0,1.5
121512,3.0,1.5
121516,4.0,1.5
121535,2.0,1.5
121538,2.0,1.5
121543,4.5,1.5
121544,3.0,1.5
121547,3.0,1.5
121558,5.0,1.5
121559,1.0,1.5
121561,4.0,1.5
121562,2.0,1.5
121569,3.0,1.5
121572,5.0,1.5
121588,4.0,1.5
121600,4.0,1.5
121608,5.0,1.5
121609,5.0,1.5
121612,3.5,1.5
121628,4.5,1.5
121636,4.0,1.5
121637,4.0,1.5
121640,2.0,1.5
121647,4.5,1.5
121650,4.0,1.5
121676,3.0,1.5
121681,3.0,1.5
121713,4.0,1.5
121721,4.0,1.5
121729,4.0,1.5
121735,4.0,1.5
121741,3.0,1.5
121749,3.0,1.5
121751,4.5,1.5
121796,3.0,1.5
121814,3.0,1.5
121820,5.0,1.5
121822,4.0,1.5
121833,5.0,1.5
121844,3.0,1.5
121847,4.0,1.5
121849,5.0,1.5
121867,2.0,1.5
121868,1.5,1.5
121869,4.5,1.5
121870,4.0,1.5
121894,3.0,1.5
121895,3.5,1.5
121902,4.0,1.5
121903,3.0,1.5
121907,4.0,1.5
121913,2.0,1.5
121930,4.5,1.5
121936,4.0,1.5
121952,5.0,1.5
121956,4.0,1.5
121961,4.0,1.5
121963,3.0,1.5
121982,3.0,1.5
121986,4.0,1.5
122016,5.0,1.5
122022,4.0,1.5
122034,1.0,1.5
122037,5.0,1.5
122040,3.0,1.5
122044,4.0,1.5
122049,4.0,1.5
122055,4.0,1.5
122105,4.0,1.5
122112,4.0,1.5
122115,3.0,1.5
122131,3.0,1.5
122134,3.0,1.5
122143,4.5,1.5
122151,2.5,1.5
122160,4.0,1.5
122161,2.0,1.5
122164,4.0,1.5
122169,3.0,1.5
122174,4.5,1.5
122182,3.0,1.5
122188,4.0,1.5
122199,3.0,1.5
122203,5.0,1.5
122206,5.0,1.5
122210,4.0,1.5
122214,4.0,1.5
122222,3.0,1.5
122223,3.0,1.5
122224,4.0,1.5
122246,4.0,1.5
122267,4.0,1.5
122271,4.0,1.5
122286,5.0,1.5
122289,4.5,1.5
122290,4.0,1.5
122310,4.5,1.5
122311,4.0,1.5
122314,4.0,1.5
122317,3.0,1.5
122319,2.5,1.5
122322,1.0,1.5
122328,3.0,1.5
122333,4.5,1.5
122354,4.5,1.5
122355,4.0,1.5
122360,4.0,1.5
122364,4.0,1.5
122371,3.5,1.5
122376,5.0,1.5
122380,4.0,1.5
122383,5.0,1.5
122404,3.0,1.5
122411,3.0,1.5
122421,3.5,1.5
122426,3.5,1.5
122430,4.0,1.5
122432,4.0,1.5
122436,5.0,1.5
122443,3.0,1.5
122451,4.0,1.5
122487,5.0,1.5
122493,5.0,1.5
122508,4.0,1.5
122510,4.0,1.5
122516,4.0,1.5
122519,3.0,1.5
122528,4.0,1.5
122545,5.0,1.5
122556,4.0,1.5
122559,3.5,1.5
122564,4.0,1.5
122575,4.0,1.5
122579,5.0,1.5
122588,5.0,1.5
122593,4.5,1.5
122603,5.0,1.5
122610,4.5,1.5
122611,5.0,1.5
122615,5.0,1.5
122616,3.0,1.5
122625,4.0,1.5
122639,4.0,1.5
122642,4.0,1.5
122652,4.0,1.5
122656,5.0,1.5
122660,4.0,1.5
122661,2.0,1.5
122665,3.0,1.5
122667,4.0,1.5
122679,3.0,1.5
122686,4.0,1.5
122690,5.0,1.5
122694,1.0,1.5
122704,4.0,1.5
122706,4.0,1.5
122709,4.0,1.5
122731,4.5,1.5
122737,3.0,1.5
122743,4.0,1.5
122764,1.5,1.5
122781,3.0,1.5
122784,5.0,1.5
122803,4.0,1.5
122806,4.0,1.5
122808,4.5,1.5
122814,4.0,1.5
122829,5.0,1.5
122837,3.0,1.5
122851,4.0,1.5
122860,5.0,1.5
122876,3.0,1.5
122879,4.5,1.5
122881,3.0,1.5
122890,2.0,1.5
122915,3.0,1.5
122918,1.0,1.5
122919,2.5,1.5
122924,3.0,1.5
122939,3.5,1.5
122940,3.0,1.5
122943,3.0,1.5
122948,3.0,1.5
122968,4.5,1.5
122973,4.0,1.5
122982,5.0,1.5
122983,4.5,1.5
122984,4.5,1.5
123010,4.0,1.5
123011,4.0,1.5
123030,4.0,1.5
123033,5.0,1.5
123050,3.0,1.5
123055,5.0,1.5
123059,4.0,1.5
123061,5.0,1.5
123067,3.0,1.5
123068,5.0,1.5
123077,3.0,1.5
123088,4.0,1.5
123090,4.0,1.5
123099,4.0,1.5
123107,4.0,1.5
123115,3.5,1.5
123125,4.0,1.5
123128,5.0,1.5
123131,3.0,1.5
123137,5.0,1.5
123138,2.0,1.5
123143,3.0,1.5
123144,4.0,1.5
123150,4.0,1.5
123155,4.0,1.5
123163,3.0,1.5
123166,5.0,1.5
123168,5.0,1.5
123169,4.0,1.5
123189,4.0,1.5
123201,4.0,1.5
123228,3.0,1.5
123239,2.0,1.5
123244,4.0,1.5
123246,5.0,1.5
123248,5.0,1.5
123259,3.0,1.5
123269,3.5,1.5
123280,5.0,1.5
123285,3.0,1.5
123289,3.0,1.5
123297,4.0,1.5
123300,3.0,1.5
123307,5.0,1.5
123309,3.0,1.5
123314,2.0,1.5
123322,4.0,1.5
123327,3.0,1.5
123328,3.0,1.5
123341,5.0,1.5
123343,3.0,1.5
123344,4.0,1.5
123345,4.0,1.5
123347,3.0,1.5
123358,4.5,1.5
123360,3.0,1.5
123402,3.0,1.5
123405,3.0,1.5
123406,4.0,1.5
123411,3.0,1.5
123449,3.5,1.5
123461,4.0,1.5
123467,3.0,1.5
123469,4.5,1.5
123475,3.0,1.5
123501,3.0,1.5
123514,5.0,1.5
123523,4.0,1.5
123535,3.0,1.5
123564,4.0,1.5
123570,5.0,1.5
123571,3.0,1.5
123574,4.0,1.5
123581,4.0,1.5
123588,2.0,1.5
123593,5.0,1.5
123594,3.0,1.5
123598,4.0,1.5
123601,4.5,1.5
123606,5.0,1.5
123608,3.0,1.5
123630,3.0,1.5
123639,5.0,1.5
123653,4.0,1.5
123654,4.0,1.5
123657,4.0,1.5
123660,1.0,1.5
123671,4.0,1.5
123689,5.0,1.5
123703,4.0,1.5
123707,3.5,1.5
123709,4.0,1.5
123711,3.5,1.5
123717,3.0,1.5
123721,3.0,1.5
123723,4.0,1.5
123727,3.0,1.5
123728,5.0,1.5
123729,4.0,1.5
123736,3.0,1.5
123741,4.5,1.5
123745,4.0,1.5
123750,2.0,1.5
123754,5.0,1.5
123755,4.0,1.5
123764,2.5,1.5
123769,4.5,1.5
123781,3.0,1.5
123797,4.0,1.5
123811,3.5,1.5
123815,4.0,1.5
123817,4.0,1.5
123826,4.5,1.5
123834,5.0,1.5
123843,3.5,1.5
123846,4.0,1.5
123850,3.5,1.5
123855,4.0,1.5
123866,2.5,1.5
123874,3.0,1.5
123881,4.0,1.5
123882,3.0,1.5
123889,3.0,1.5
123896,4.0,1.5
123897,3.0,1.5
123914,4.0,1.5
123924,4.0,1.5
123926,3.0,1.5
123934,4.0,1.5
123936,5.0,1.5
123945,4.0,1.5
123946,4.0,1.5
123950,3.0,1.5
123953,2.0,1.5
123960,1.0,1.5
123964,4.0,1.5
123967,4.0,1.5
123979,4.0,1.5
123981,3.5,1.5
123986,3.0,1.5
123990,4.0,1.5
124001,5.0,1.5
124007,4.0,1.5
124013,5.0,1.5
124026,1.5,1.5
124052,3.0,1.5
124062,4.0,1.5
124075,5.0,1.5
124078,4.5,1.5
124083,5.0,1.5
124088,5.0,1.5
124107,5.0,1.5
124121,3.0,1.5
124124,4.0,1.5
124144,3.0,1.5
124146,4.0,1.5
124150,5.0,1.5
124163,4.0,1.5
124169,3.0,1.5
124179,3.0,1.5
124184,4.0,1.5
124190,3.0,1.5
124198,3.0,1.5
124205,3.0,1.5
124211,5.0,1.5
124216,4.0,1.5
124229,5.0,1.5
124253,3.0,1.5
124263,4.5,1.5
124267,2.0,1.5
124268,4.0,1.5
124272,5.0,1.5
124275,3.5,1.5
124276,3.0,1.5
124278,3.0,1.5
124280,3.5,1.5
124297,4.0,1.5
124298,1.0,1.5
124300,5.0,1.5
124313,4.0,1.5
124315,2.0,1.5
124318,1.5,1.5
124331,5.0,1.5
124340,4.0,1.5
124342,3.0,1.5
124352,3.0,1.5
124380,3.0,1.5
124388,4.0,1.5
124390,3.0,1.5
124406,4.0,1.5
124409,4.0,1.5
124410,4.0,1.5
124415,4.0,1.5
124432,5.0,1.5
124442,3.0,1.5
124469,4.0,1.5
124471,3.0,1.5
124479,4.0,1.5
124483,4.0,1.5
124484,3.0,1.5
124500,4.0,1.5
124501,3.0,1.5
124516,5.0,1.5
124519,4.0,1.5
124528,4.0,1.5
124531,2.5,1.5
124532,4.0,1.5
124535,4.0,1.5
124537,3.5,1.5
124540,3.5,1.5
124544,3.0,1.5
124552,4.0,1.5
124563,5.0,1.5
124570,1.0,1.5
124573,2.0,1.5
124576,4.5,1.5
124577,4.0,1.5
124580,4.0,1.5
124586,3.5,1.5
124588,4.0,1.5
124591,5.0,1.5
124607,3.0,1.5
124615,2.0,1.5
124628,1.0,1.5
124633,3.5,1.5
124655,4.0,1.5
124660,2.0,1.5
124664,5.0,1.5
124668,5.0,1.5
124673,4.5,1.5
124674,5.0,1.5
124697,3.0,1.5
124700,3.0,1.5
124701,4.5,1.5
124716,3.0,1.5
124722,3.0,1.5
124723,4.0,1.5
124726,4.0,1.5
124727,4.0,1.5
124732,4.0,1.5
124742,4.0,1.5
124745,4.5,1.5
124750,3.0,1.5
124753,3.0,1.5
124756,5.0,1.5
124764,4.0,1.5
124766,3.5,1.5
124773,5.0,1.5
124790,4.0,1.5
124795,1.5,1.5
124818,3.0,1.5
124821,5.0,1.5
124822,4.0,1.5
124831,5.0,1.5
124832,3.0,1.5
124835,1.0,1.5
124873,4.0,1.5
124888,4.0,1.5
124893,2.0,1.5
124931,5.0,1.5
124958,2.0,1.5
124968,3.0,1.5
124982,4.5,1.5
124986,3.0,1.5
125002,3.0,1.5
125003,4.0,1.5
125007,4.0,1.5
125024,3.5,1.5
125025,4.0,1.5
125027,3.0,1.5
125041,2.0,1.5
125051,4.0,1.5
125073,4.0,1.5
125081,1.0,1.5
125096,3.0,1.5
125103,4.0,1.5
125104,3.0,1.5
125122,3.0,1.5
125124,4.0,1.5
125125,4.0,1.5
125140,4.0,1.5
125150,1.0,1.5
125159,4.0,1.5
125161,4.0,1.5
125166,3.5,1.5
125171,2.0,1.5
125178,5.0,1.5
125185,4.0,1.5
125188,4.0,1.5
125202,4.0,1.5
125224,3.0,1.5
125226,4.5,1.5
125228,3.0,1.5
125233,4.0,1.5
125236,3.0,1.5
125240,4.0,1.5
125241,4.5,1.5
125243,3.0,1.5
125247,3.0,1.5
125250,4.0,1.5
125257,3.0,1.5
125268,5.0,1.5
125310,4.0,1.5
125320,3.0,1.5
125323,5.0,1.5
125339,4.0,1.5
125343,5.0,1.5
125351,4.5,1.5
125360,5.0,1.5
125382,4.0,1.5
125386,4.5,1.5
125391,3.0,1.5
125401,3.0,1.5
125404,5.0,1.5
125435,4.0,1.5
125436,3.0,1.5
125456,3.0,1.5
125461,3.0,1.5
125483,4.0,1.5
125487,4.0,1.5
125497,4.0,1.5
125513,4.0,1.5
125517,4.5,1.5
125525,3.0,1.5
125528,4.0,1.5
125549,4.0,1.5
125551,3.5,1.5
125561,2.0,1.5
125569,3.0,1.5
125577,4.0,1.5
125580,5.0,1.5
125581,4.0,1.5
125585,4.0,1.5
125587,5.0,1.5
125603,3.0,1.5
125613,5.0,1.5
125616,3.0,1.5
125621,5.0,1.5
125624,3.0,1.5
125630,2.0,1.5
125633,5.0,1.5
125645,4.0,1.5
125650,3.5,1.5
125659,4.0,1.5
125661,1.0,1.5
125678,4.0,1.5
125681,3.5,1.5
125682,4.0,1.5
125690,4.0,1.5
125692,3.0,1.5
125696,3.0,1.5
125700,4.0,1.5
125701,1.0,1.5
125703,4.0,1.5
125721,4.0,1.5
125752,4.0,1.5
125753,3.0,1.5
125766,5.0,1.5
125780,3.0,1.5
125783,5.0,1.5
125794,3.0,1.5
125795,3.0,1.5
125808,4.0,1.5
125815,3.0,1.5
125850,4.0,1.5
125855,4.0,1.5
125879,5.0,1.5
125901,3.0,1.5
125912,4.0,1.5
125924,3.0,1.5
125930,3.0,1.5
125933,4.0,1.5
125938,4.0,1.5
125943,1.0,1.5
125945,4.0,1.5
125950,4.0,1.5
125959,4.0,1.5
125965,4.0,1.5
125969,4.0,1.5
125972,4.0,1.5
125978,2.0,1.5
126023,3.0,1.5
126028,1.5,1.5
126062,5.0,1.5
126066,5.0,1.5
126075,2.5,1.5
126122,4.0,1.5
126127,5.0,1.5
126132,4.0,1.5
126134,4.0,1.5
126142,4.0,1.5
126146,4.5,1.5
126153,3.0,1.5
126161,4.0,1.5
126166,3.0,1.5
126169,2.0,1.5
126172,3.0,1.5
126177,3.0,1.5
126191,4.0,1.5
126192,3.0,1.5
126200,5.0,1.5
126213,4.0,1.5
126222,4.0,1.5
126232,4.0,1.5
126239,4.0,1.5
126252,4.0,1.5
126253,3.0,1.5
126260,4.0,1.5
126270,3.0,1.5
126273,4.0,1.5
126290,5.0,1.5
126293,3.0,1.5
126294,3.5,1.5
126296,5.0,1.5
126298,4.0,1.5
126304,4.5,1.5
126313,3.0,1.5
126335,4.0,1.5
126348,3.0,1.5
126369,4.0,1.5
126370,4.0,1.5
126376,4.0,1.5
126379,4.5,1.5
126384,5.0,1.5
126387,3.0,1.5
126395,4.0,1.5
126397,4.0,1.5
126417,3.0,1.5
126422,2.0,1.5
126428,3.0,1.5
126432,2.0,1.5
126465,3.0,1.5
126474,4.0,1.5
126475,3.0,1.5
126476,3.0,1.5
126478,4.0,1.5
126488,3.0,1.5
126493,2.0,1.5
126494,4.0,1.5
126500,2.0,1.5
126511,5.0,1.5
126554,3.5,1.5
126563,4.0,1.5
126566,1.0,1.5
126571,3.0,1.5
126574,2.0,1.5
126579,1.0,1.5
126582,3.0,1.5
126587,4.0,1.5
126610,1.0,1.5
126646,3.0,1.5
126661,5.0,1.5
126668,4.0,1.5
126679,4.0,1.5
126688,4.0,1.5
126700,4.0,1.5
126708,3.0,1.5
126714,3.5,1.5
126718,2.0,1.5
126723,4.0,1.5
126724,5.0,1.5
126729,2.0,1.5
126732,4.0,1.5
126735,2.5,1.5
126736,2.0,1.5
126739,3.0,1.5
126753,2.5,1.5
126783,3.0,1.5
126790,4.0,1.5
126797,3.0,1.5
126824,5.0,1.5
126825,4.0,1.5
126831,4.0,1.5
126847,4.0,1.5
126852,5.0,1.5
126858,4.0,1.5
126870,5.0,1.5
126871,4.0,1.5
126872,5.0,1.5
126877,4.0,1.5
126878,5.0,1.5
126890,1.0,1.5
126906,1.0,1.5
126908,2.5,1.5
126909,5.0,1.5
126912,4.0,1.5
126923,4.0,1.5
126945,3.0,1.5
126955,4.0,1.5
126959,2.0,1.5
126968,4.5,1.5
126970,4.0,1.5
126979,4.0,1.5
126984,5.0,1.5
126991,4.0,1.5
126998,3.0,1.5
126999,1.0,1.5
127016,5.0,1.5
127025,4.5,1.5
127026,3.0,1.5
127032,4.0,1.5
127035,5.0,1.5
127065,5.0,1.5
127080,4.0,1.5
127087,5.0,1.5
127095,5.0,1.5
127116,5.0,1.5
127131,4.0,1.5
127139,3.0,1.5
127140,3.0,1.5
127141,4.0,1.5
127162,3.0,1.5
127179,2.0,1.5
127180,4.0,1.5
127184,3.0,1.5
127189,2.5,1.5
127191,3.5,1.5
127206,3.0,1.5
127215,2.0,1.5
127221,3.0,1.5
127235,4.0,1.5
127256,4.0,1.5
127272,4.0,1.5
127276,2.0,1.5
127296,4.0,1.5
127297,3.0,1.5
127301,3.0,1.5
127302,3.0,1.5
127307,4.0,1.5
127311,3.0,1.5
127322,3.0,1.5
127330,4.0,1.5
127332,4.0,1.5
127344,5.0,1.5
127365,4.0,1.5
127381,3.5,1.5
127390,4.0,1.5
127399,3.0,1.5
127401,4.0,1.5
127404,5.0,1.5
127423,3.0,1.5
127425,2.5,1.5
127434,3.5,1.5
127443,4.0,1.5
127447,3.0,1.5
127453,1.0,1.5
127455,4.0,1.5
127460,3.0,1.5
127476,5.0,1.5
127482,4.0,1.5
127484,2.0,1.5
127495,4.0,1.5
127522,4.0,1.5
127555,5.0,1.5
127559,4.5,1.5
127569,4.0,1.5
127574,4.0,1.5
127577,4.0,1.5
127593,5.0,1.5
127597,4.0,1.5
127604,3.0,1.5
127612,3.0,1.5
127615,3.0,1.5
127618,3.0,1.5
127625,3.0,1.5
127633,5.0,1.5
127639,3.0,1.5
127650,3.0,1.5
127660,3.0,1.5
127664,4.0,1.5
127675,3.0,1.5
127683,4.0,1.5
127689,3.0,1.5
127696,4.0,1.5
127697,3.0,1.5
127700,5.0,1.5
127712,2.0,1.5
127713,3.5,1.5
127719,3.0,1.5
127723,4.0,1.5
127744,4.0,1.5
127756,4.0,1.5
127763,4.0,1.5
127769,5.0,1.5
127775,1.0,1.5
127784,5.0,1.5
127788,2.0,1.5
127796,3.0,1.5
127806,5.0,1.5
127822,5.0,1.5
127831,4.0,1.5
127840,4.0,1.5
127843,4.0,1.5
127846,4.0,1.5
127847,4.0,1.5
127850,3.0,1.5
127869,2.0,1.5
127871,4.0,1.5
127875,4.0,1.5
127876,2.0,1.5
127882,3.0,1.5
127903,5.0,1.5
127925,4.0,1.5
127930,4.0,1.5
127933,3.0,1.5
127948,4.0,1.5
127966,3.0,1.5
127971,4.0,1.5
127978,3.0,1.5
127989,4.0,1.5
127994,5.0,1.5
128018,5.0,1.5
128028,3.0,1.5
128031,4.0,1.5
128050,3.0,1.5
128055,5.0,1.5
128057,4.0,1.5
128068,4.0,1.5
128070,4.0,1.5
128073,4.0,1.5
128076,5.0,1.5
128077,3.5,1.5
128078,4.0,1.5
128095,4.0,1.5
128113,3.0,1.5
128114,4.0,1.5
128120,4.0,1.5
128133,3.0,1.5
128135,2.0,1.5
128144,4.0,1.5
128147,5.0,1.5
128175,4.5,1.5
128190,3.0,1.5
128197,4.0,1.5
128203,3.0,1.5
128210,3.0,1.5
128216,4.0,1.5
128220,5.0,1.5
128231,4.5,1.5
128233,4.0,1.5
128238,2.0,1.5
128239,5.0,1.5
128241,4.0,1.5
128251,1.0,1.5
128252,3.0,1.5
128278,5.0,1.5
128285,2.0,1.5
128294,5.0,1.5
128303,3.5,1.5
128309,4.0,1.5
128310,3.0,1.5
128325,3.5,1.5
128337,3.0,1.5
128354,4.0,1.5
128360,3.0,1.5
128365,3.0,1.5
128370,5.0,1.5
128372,3.0,1.5
128384,4.5,1.5
128389,4.0,1.5
128398,3.5,1.5
128403,3.0,1.5
128411,5.0,1.5
128416,4.0,1.5
128420,4.5,1.5
128422,3.0,1.5
128427,4.0,1.5
128436,5.0,1.5
128438,4.0,1.5
128453,2.0,1.5
128459,5.0,1.5
128460,2.5,1.5
128461,3.0,1.5
128465,3.0,1.5
128467,4.0,1.5
128470,4.0,1.5
128479,2.0,1.5
128494,4.0,1.5
128497,5.0,1.5
128500,1.5,1.5
128503,3.0,1.5
128505,3.0,1.5
128509,5.0,1.5
128514,2.0,1.5
128541,4.0,1.5
128542,4.5,1.5
128544,4.0,1.5
128552,4.0,1.5
128554,5.0,1.5
128569,2.0,1.5
128576,4.0,1.5
128581,4.0,1.5
128598,3.0,1.5
128603,4.0,1.5
128615,3.0,1.5
128617,4.0,1.5
128621,3.0,1.5
128643,4.0,1.5
128645,4.0,1.5
128649,3.0,1.5
128653,4.0,1.5
128664,2.5,1.5
128677,4.0,1.5
128685,4.0,1.5
128686,4.0,1.5
128690,3.5,1.5
128693,5.0,1.5
128731,4.0,1.5
128760,5.0,1.5
128763,4.5,1.5
128768,4.0,1.5
128773,4.0,1.5
128780,4.0,1.5
128791,3.0,1.5
128835,2.0,1.5
128844,3.5,1.5
128851,3.0,1.5
128885,3.0,1.5
128890,5.0,1.5
128893,4.0,1.5
128898,3.0,1.5
128905,2.0,1.5
128910,3.0,1.5
128912,4.0,1.5
128918,4.5,1.5
128952,4.0,1.5
128972,4.0,1.5
128986,5.0,1.5
128998,4.0,1.5
129001,3.0,1.5
129004,5.0,1.5
129006,4.0,1.5
129007,4.0,1.5
129025,3.5,1.5
129030,4.0,1.5
129033,3.5,1.5
129035,4.0,1.5
129065,3.0,1.5
129067,1.0,1.5
129074,5.0,1.5
129084,1.0,1.5
129108,3.5,1.5
129117,2.0,1.5
129126,3.0,1.5
129133,3.0,1.5
129145,4.0,1.5
129146,5.0,1.5
129147,4.0,1.5
129152,5.0,1.5
129159,4.0,1.5
129191,4.5,1.5
129193,3.0,1.5
129207,4.0,1.5
129226,5.0,1.5
129229,3.0,1.5
129234,4.0,1.5
129249,3.5,1.5
129277,4.0,1.5
129280,4.0,1.5
129283,3.0,1.5
129294,5.0,1.5
129302,4.0,1.5
129303,2.0,1.5
129306,3.0,1.5
129320,5.0,1.5
129326,4.0,1.5
129330,2.0,1.5
129334,2.0,1.5
129338,4.5,1.5
129351,5.0,1.5
129359,4.0,1.5
129376,5.0,1.5
129388,3.5,1.5
129390,3.0,1.5
129398,3.0,1.5
129402,4.0,1.5
129413,5.0,1.5
129422,3.0,1.5
129426,3.0,1.5
129430,4.0,1.5
129447,3.0,1.5
129460,5.0,1.5
129461,1.0,1.5
129463,4.0,1.5
129468,3.0,1.5
129472,4.0,1.5
129474,3.5,1.5
129479,5.0,1.5
129512,3.5,1.5
129522,5.0,1.5
129525,4.0,1.5
129540,2.0,1.5
129557,3.0,1.5
129565,5.0,1.5
129568,4.5,1.5
129583,3.5,1.5
129611,4.0,1.5
129620,5.0,1.5
129629,3.0,1.5
129630,3.0,1.5
129664,5.0,1.5
129666,3.0,1.5
129687,3.0,1.5
129689,5.0,1.5
129694,3.0,1.5
129724,3.0,1.5
129746,2.5,1.5
129753,3.0,1.5
129757,3.0,1.5
129763,3.5,1.5
129773,3.0,1.5
129779,1.0,1.5
129802,3.5,1.5
129806,4.0,1.5
129811,3.0,1.5
129815,3.0,1.5
129819,4.0,1.5
129822,5.0,1.5
129837,1.0,1.5
129840,3.0,1.5
129851,5.0,1.5
129860,3.0,1.5
129867,3.0,1.5
129880,4.0,1.5
129890,5.0,1.5
129900,4.0,1.5
129903,3.5,1.5
129909,4.0,1.5
129912,3.0,1.5
129934,3.0,1.5
129938,4.0,1.5
129995,5.0,1.5
130000,3.0,1.5
130006,4.5,1.5
130019,5.0,1.5
130020,4.5,1.5
130036,3.0,1.5
130047,4.0,1.5
130052,4.0,1.5
130065,5.0,1.5
130076,4.0,1.5
130079,4.0,1.5
130081,5.0,1.5
130100,4.5,1.5
130102,5.0,1.5
130110,4.0,1.5
130112,4.0,1.5
130117,3.0,1.5
130119,4.0,1.5
130122,3.0,1.5
130163,5.0,1.5
130164,3.0,1.5
130181,5.0,1.5
130191,5.0,1.5
130192,3.0,1.5
130193,3.5,1.5
130209,4.0,1.5
130210,3.0,1.5
130216,2.5,1.5
130234,2.0,1.5
130236,4.5,1.5
130241,2.0,1.5
130252,2.0,1.5
130253,4.0,1.5
130277,4.0,1.5
130280,2.5,1.5
130286,3.5,1.5
130297,4.0,1.5
130302,4.0,1.5
130304,4.0,1.5
130310,4.0,1.5
130313,5.0,1.5
130330,5.0,1.5
130337,3.0,1.5
130338,5.0,1.5
130364,3.0,1.5
130371,3.0,1.5
130373,4.5,1.5
130382,5.0,1.5
130392,4.0,1.5
130399,1.5,1.5
130406,3.0,1.5
130411,3.0,1.5
130435,5.0,1.5
130442,5.0,1.5
130446,4.0,1.5
130450,4.0,1.5
130459,3.0,1.5
130463,3.0,1.5
130475,2.5,1.5
130480,4.0,1.5
130491,2.0,1.5
130498,5.0,1.5
130517,4.0,1.5
130523,3.0,1.5
130525,5.0,1.5
130526,5.0,1.5
130531,1.0,1.5
130532,3.0,1.5
130533,4.0,1.5
130537,1.0,1.5
130540,5.0,1.5
130550,2.0,1.5
130551,4.0,1.5
130554,3.0,1.5
130555,4.5,1.5
130558,5.0,1.5
130573,4.0,1.5
130582,3.0,1.5
130584,4.0,1.5
130588,4.5,1.5
130594,5.0,1.5
130603,4.5,1.5
130617,3.0,1.5
130622,4.0,1.5
130623,5.0,1.5
130634,2.0,1.5
130638,3.0,1.5
130686,2.5,1.5
130690,2.0,1.5
130697,4.0,1.5
130703,5.0,1.5
130707,2.0,1.5
130710,3.0,1.5
130721,4.0,1.5
130723,5.0,1.5
130728,4.0,1.5
130736,5.0,1.5
130745,3.0,1.5
130754,4.5,1.5
130767,4.5,1.5
130771,4.0,1.5
130774,4.0,1.5
130793,4.0,1.5
130798,4.0,1.5
130800,2.0,1.5
130802,3.0,1.5
130803,4.0,1.5
130804,5.0,1.5
130811,3.5,1.5
130818,4.5,1.5
130820,4.0,1.5
130832,5.0,1.5
130833,1.0,1.5
130845,4.0,1.5
130852,4.0,1.5
130859,2.0,1.5
130871,3.0,1.5
130876,3.0,1.5
130883,4.0,1.5
130886,4.0,1.5
130909,2.0,1.5
130910,3.0,1.5
130912,5.0,1.5
130960,3.0,1.5
130961,4.0,1.5
130971,3.5,1.5
130986,4.0,1.5
131027,2.0,1.5
131031,4.0,1.5
131032,4.0,1.5
131037,4.0,1.5
131041,4.0,1.5
131043,3.0,1.5
131057,3.5,1.5
131061,4.0,1.5
131068,3.0,1.5
131077,4.5,1.5
131080,4.0,1.5
131082,4.0,1.5
131088,4.0,1.5
131093,3.0,1.5
131095,5.0,1.5
131100,4.0,1.5
131105,4.0,1.5
131111,5.0,1.5
131133,4.0,1.5
131141,5.0,1.5
131164,4.0,1.5
131168,2.5,1.5
131173,4.5,1.5
131180,3.5,1.5
131196,4.5,1.5
131213,3.5,1.5
131224,2.0,1.5
131228,3.5,1.5
131232,3.0,1.5
131233,4.0,1.5
131248,4.0,1.5
131255,5.0,1.5
131260,2.0,1.5
131269,5.0,1.5
131270,4.0,1.5
131275,4.0,1.5
131277,4.5,1.5
131283,4.0,1.5
131286,4.0,1.5
131292,5.0,1.5
131293,1.0,1.5
131295,4.0,1.5
131300,4.0,1.5
131310,4.0,1.5
131321,4.5,1.5
131329,1.0,1.5
131334,5.0,1.5
131345,5.0,1.5
131347,4.0,1.5
131349,3.0,1.5
131351,4.5,1.5
131355,1.0,1.5
131382,5.0,1.5
131388,5.0,1.5
131404,4.0,1.5
131406,4.0,1.5
131410,4.0,1.5
131422,3.0,1.5
131426,4.0,1.5
131434,3.0,1.5
131470,4.0,1.5
131479,4.0,1.5
131482,3.0,1.5
131484,4.0,1.5
131492,5.0,1.5
131498,3.0,1.5
131505,4.0,1.5
131516,2.5,1.5
131518,5.0,1.5
131521,4.0,1.5
131531,5.0,1.5
131554,4.0,1.5
131556,4.0,1.5
131568,4.0,1.5
131578,5.0,1.5
131585,4.5,1.5
131588,4.0,1.5
131594,4.0,1.5
131626,4.0,1.5
131630,3.0,1.5
131644,4.0,1.5
131648,5.0,1.5
131651,4.5,1.5
131661,5.0,1.5
131674,5.0,1.5
131684,4.5,1.5
131690,4.0,1.5
131695,4.0,1.5
131698,3.5,1.5
131704,3.5,1.5
131710,4.0,1.5
131721,3.5,1.5
131727,5.0,1.5
131740,3.0,1.5
131745,3.0,1.5
131746,4.5,1.5
131755,4.0,1.5
131810,3.0,1.5
131824,2.5,1.5
131828,5.0,1.5
131837,4.0,1.5
131838,5.0,1.5
131844,5.0,1.5
131846,2.0,1.5
131856,3.0,1.5
131872,3.0,1.5
131873,3.0,1.5
131887,3.5,1.5
131896,5.0,1.5
131901,5.0,1.5
131903,4.0,1.5
131904,3.5,1.5
131909,3.0,1.5
131910,2.5,1.5
131921,4.0,1.5
131922,4.0,1.5
131930,3.0,1.5
131933,5.0,1.5
131961,4.5,1.5
131984,5.0,1.5
132000,4.0,1.5
132030,5.0,1.5
132040,1.0,1.5
132050,4.0,1.5
132065,3.0,1.5
132066,3.0,1.5
132071,5.0,1.5
132076,5.0,1.5
132077,4.0,1.5
132082,2.5,1.5
132093,3.0,1.5
132123,5.0,1.5
132146,4.0,1.5
132152,3.5,1.5
132168,2.0,1.5
132178,3.0,1.5
132185,4.0,1.5
132208,3.0,1.5
132212,4.5,1.5
132231,4.0,1.5
132240,3.5,1.5
132253,4.0,1.5
132257,5.0,1.5
132260,4.0,1.5
132266,3.5,1.5
132272,3.0,1.5
132283,5.0,1.5
132300,3.0,1.5
132319,3.0,1.5
132321,4.0,1.5
132322,4.0,1.5
132324,4.0,1.5
132331,4.0,1.5
132332,4.0,1.5
132350,3.5,1.5
132353,2.0,1.5
132357,4.0,1.5
132366,4.0,1.5
132386,4.5,1.5
132392,4.0,1.5
132393,5.0,1.5
132398,4.0,1.5
132408,3.0,1.5
132415,5.0,1.5
132426,3.5,1.5
132427,5.0,1.5
132441,3.0,1.5
132450,4.0,1.5
132463,2.0,1.5
132466,4.0,1.5
132493,3.0,1.5
132496,4.0,1.5
132497,5.0,1.5
132499,5.0,1.5
132500,5.0,1.5
132512,1.0,1.5
132520,4.0,1.5
132540,4.0,1.5
132547,3.0,1.5
132582,4.0,1.5
132586,5.0,1.5
132603,4.0,1.5
132605,2.0,1.5
132612,4.0,1.5
132615,5.0,1.5
132618,4.5,1.5
132620,3.0,1.5
132624,4.0,1.5
132636,4.0,1.5
132648,3.0,1.5
132661,4.0,1.5
132666,3.0,1.5
132667,4.0,1.5
132674,4.0,1.5
132683,3.0,1.5
132691,3.0,1.5
132695,3.0,1.5
132698,5.0,1.5
132712,5.0,1.5
132726,4.0,1.5
132731,3.0,1.5
132732,4.0,1.5
132734,4.0,1.5
132736,2.0,1.5
132747,4.0,1.5
132780,4.0,1.5
132784,5.0,1.5
132788,2.0,1.5
132810,4.0,1.5
132832,5.0,1.5
132846,1.0,1.5
132852,4.0,1.5
132865,4.0,1.5
132866,3.0,1.5
132877,4.0,1.5
132882,3.0,1.5
132883,3.0,1.5
132887,4.0,1.5
132888,4.0,1.5
132889,4.0,1.5
132896,4.0,1.5
132907,5.0,1.5
132925,4.0,1.5
132932,3.0,1.5
132936,4.5,1.5
132937,3.5,1.5
132947,3.0,1.5
132950,3.0,1.5
132962,4.0,1.5
132969,3.5,1.5
132973,4.5,1.5
132977,2.0,1.5
132986,4.5,1.5
132992,3.0,1.5
133006,5.0,1.5
133022,3.0,1.5
133033,4.0,1.5
133042,3.0,1.5
133048,4.0,1.5
133076,4.0,1.5
133082,4.0,1.5
133110,3.0,1.5
133133,4.0,1.5
133143,4.5,1.5
133145,4.5,1.5
133152,5.0,1.5
133155,5.0,1.5
133158,4.0,1.5
133164,3.0,1.5
133165,4.5,1.5
133184,3.5,1.5
133187,4.0,1.5
133196,3.5,1.5
133214,4.0,1.5
133228,3.0,1.5
133240,4.0,1.5
133247,2.0,1.5
133252,3.5,1.5
133256,2.0,1.5
133259,2.0,1.5
133264,4.0,1.5
133266,5.0,1.5
133275,4.0,1.5
133280,4.0,1.5
133284,4.5,1.5
133290,3.0,1.5
133298,1.0,1.5
133321,4.0,1.5
133324,2.0,1.5
133329,3.5,1.5
133330,4.0,1.5
133351,5.0,1.5
133353,4.0,1.5
133354,0.5,1.5
133355,3.5,1.5
133357,4.5,1.5
133359,4.0,1.5
133362,4.0,1.5
133365,4.0,1.5
133371,3.0,1.5
133372,4.0,1.5
133376,4.5,1.5
133403,4.0,1.5
133404,5.0,1.5
133410,5.0,1.5
133431,4.0,1.5
133447,4.5,1.5
133459,3.0,1.5
133466,5.0,1.5
133472,4.0,1.5
133475,3.5,1.5
133480,3.0,1.5
133490,3.0,1.5
133496,3.0,1.5
133513,3.0,1.5
133518,4.0,1.5
133531,1.0,1.5
133541,2.0,1.5
133564,5.0,1.5
133565,1.0,1.5
133571,4.0,1.5
133572,4.0,1.5
133582,3.0,1.5
133606,3.5,1.5
133617,4.0,1.5
133624,4.5,1.5
133625,3.5,1.5
133629,2.5,1.5
133631,3.0,1.5
133644,3.0,1.5
133652,4.0,1.5
133663,3.0,1.5
133667,1.0,1.5
133694,1.0,1.5
133696,5.0,1.5
133697,3.0,1.5
133698,4.0,1.5
133703,3.5,1.5
133705,3.0,1.5
133707,5.0,1.5
133722,5.0,1.5
133736,4.0,1.5
133740,5.0,1.5
133762,4.5,1.5
133764,5.0,1.5
133773,5.0,1.5
133777,4.0,1.5
133786,4.0,1.5
133809,3.5,1.5
133811,3.0,1.5
133821,3.0,1.5
133825,4.0,1.5
133834,2.5,1.5
133843,5.0,1.5
133845,4.0,1.5
133854,4.0,1.5
133864,3.0,1.5
133871,2.0,1.5
133873,3.0,1.5
133890,3.5,1.5
133894,2.0,1.5
133909,5.0,1.5
133914,2.0,1.5
133925,4.0,1.5
133942,4.0,1.5
133950,4.0,1.5
133956,4.0,1.5
133967,5.0,1.5
133972,2.0,1.5
133999,2.0,1.5
134000,4.0,1.5
134001,4.0,1.5
134002,3.0,1.5
134019,1.0,1.5
134025,5.0,1.5
134027,3.5,1.5
134028,4.5,1.5
134029,3.0,1.5
134042,3.0,1.5
134044,4.5,1.5
134070,5.0,1.5
134081,4.0,1.5
134083,5.0,1.5
134093,1.0,1.5
134095,4.0,1.5
134116,1.0,1.5
134123,5.0,1.5
134136,4.5,1.5
134138,5.0,1.5
134141,3.0,1.5
134159,5.0,1.5
134175,4.0,1.5
134181,4.0,1.5
134209,3.5,1.5
134210,4.0,1.5
134215,4.0,1.5
134221,5.0,1.5
134228,5.0,1.5
134238,2.0,1.5
134257,3.0,1.5
134264,2.5,1.5
134267,4.0,1.5
134282,5.0,1.5
134309,1.0,1.5
134313,2.0,1.5
134317,4.0,1.5
134323,3.0,1.5
134324,4.0,1.5
134326,1.0,1.5
134328,3.5,1.5
134330,3.0,1.5
134346,3.0,1.5
134352,3.5,1.5
134354,3.0,1.5
134356,3.0,1.5
134357,3.0,1.5
134366,2.0,1.5
134382,3.0,1.5
134383,3.0,1.5
134401,3.5,1.5
134405,4.0,1.5
134407,5.0,1.5
134409,5.0,1.5
134411,4.0,1.5
134419,4.5,1.5
134426,3.0,1.5
134434,4.0,1.5
134435,4.0,1.5
134436,4.0,1.5
134457,4.0,1.5
134466,4.0,1.5
134485,2.0,1.5
134489,3.0,1.5
134494,4.0,1.5
134495,4.0,1.5
134497,5.0,1.5
134502,4.0,1.5
134508,4.5,1.5
134518,3.0,1.5
134521,4.0,1.5
134523,3.0,1.5
134538,5.0,1.5
134539,4.0,1.5
134554,4.0,1.5
134566,5.0,1.5
134567,5.0,1.5
134574,1.0,1.5
134576,3.5,1.5
134581,5.0,1.5
134585,5.0,1.5
134587,3.0,1.5
134588,4.0,1.5
134589,3.0,1.5
134607,3.0,1.5
134614,3.0,1.5
134627,3.0,1.5
134637,2.0,1.5
134638,4.0,1.5
134641,3.0,1.5
134643,3.0,1.5
134644,4.0,1.5
134653,3.5,1.5
134675,4.0,1.5
134676,3.5,1.5
134684,1.0,1.5
134688,2.0,1.5
134689,5.0,1.5
134690,4.0,1.5
134694,4.0,1.5
134707,3.5,1.5
134714,3.0,1.5
134716,4.0,1.5
134720,3.0,1.5
134728,3.5,1.5
134729,3.0,1.5
134734,3.0,1.5
134740,3.0,1.5
134756,0.5,1.5
134773,3.0,1.5
134779,3.0,1.5
134781,4.0,1.5
134785,5.0,1.5
134793,4.0,1.5
134807,5.0,1.5
134814,3.0,1.5
134830,2.0,1.5
134833,5.0,1.5
134840,4.5,1.5
134842,4.0,1.5
134848,5.0,1.5
134850,3.5,1.5
134854,4.0,1.5
134857,1.0,1.5
134859,4.5,1.5
134866,3.0,1.5
134867,3.0,1.5
134873,5.0,1.5
134882,5.0,1.5
134886,4.0,1.5
134898,4.0,1.5
134906,3.0,1.5
134911,2.0,1.5
134919,2.5,1.5
134936,4.0,1.5
134952,4.0,1.5
134972,4.0,1.5
134977,3.0,1.5
134985,5.0,1.5
134986,4.0,1.5
135008,4.0,1.5
135009,4.0,1.5
135015,3.0,1.5
135033,4.0,1.5
135041,4.0,1.5
135042,2.0,1.5
135050,5.0,1.5
135071,3.0,1.5
135072,4.0,1.5
135075,4.0,1.5
135082,4.0,1.5
135084,5.0,1.5
135090,3.5,1.5
135097,5.0,1.5
135102,2.5,1.5
135112,3.0,1.5
135123,4.5,1.5
135146,0.5,1.5
135152,4.5,1.5
135155,4.0,1.5
135166,5.0,1.5
135174,4.0,1.5
135186,4.0,1.5
135192,3.0,1.5
135198,4.0,1.5
135227,4.0,1.5
135232,4.0,1.5
135244,5.0,1.5
135248,3.0,1.5
135266,4.0,1.5
135289,5.0,1.5
135295,4.0,1.5
135298,3.0,1.5
135302,3.5,1.5
135309,5.0,1.5
135337,1.0,1.5
135340,5.0,1.5
135364,3.0,1.5
135370,4.0,1.5
135375,3.0,1.5
135397,4.5,1.5
135399,5.0,1.5
135403,4.0,1.5
135405,5.0,1.5
135419,4.0,1.5
135425,3.5,1.5
135438,3.0,1.5
135441,3.0,1.5
135446,5.0,1.5
135458,3.0,1.5
135461,5.0,1.5
135464,4.0,1.5
135483,1.0,1.5
135503,4.0,1.5
135505,4.5,1.5
135509,3.0,1.5
135518,4.0,1.5
135522,3.5,1.5
135526,3.0,1.5
135530,4.5,1.5
135535,4.0,1.5
135539,4.5,1.5
135541,4.0,1.5
135542,4.0,1.5
135546,5.0,1.5
135550,2.5,1.5
135563,4.0,1.5
135570,3.5,1.5
135580,3.0,1.5
135591,3.0,1.5
135592,3.5,1.5
135595,2.5,1.5
135597,3.5,1.5
135599,4.0,1.5
135610,3.0,1.5
135611,4.0,1.5
135621,3.0,1.5
135622,2.0,1.5
135632,5.0,1.5
135635,3.0,1.5
135640,5.0,1.5
135654,3.0,1.5
135676,3.0,1.5
135677,4.0,1.5
135687,4.5,1.5
135695,4.0,1.5
135696,1.0,1.5
135701,3.0,1.5
135753,5.0,1.5
135757,4.0,1.5
135765,4.0,1.5
135781,5.0,1.5
135788,4.0,1.5
135790,4.0,1.5
135793,3.0,1.5
135807,5.0,1.5
135814,3.5,1.5
135815,3.5,1.5
135826,3.5,1.5
135827,5.0,1.5
135831,3.0,1.5
135840,4.0,1.5
135851,4.0,1.5
135864,3.0,1.5
135871,5.0,1.5
135894,5.0,1.5
135908,3.0,1.5
135912,5.0,1.5
135927,3.0,1.5
135943,4.0,1.5
135951,4.0,1.5
135952,4.0,1.5
135969,5.0,1.5
135976,4.5,1.5
135984,2.5,1.5
135993,4.0,1.5
136001,4.5,1.5
136005,5.0,1.5
136012,4.0,1.5
136041,4.0,1.5
136046,4.0,1.5
136047,4.0,1.5
136087,4.0,1.5
136094,4.0,1.5
136095,4.0,1.5
136116,4.0,1.5
136121,5.0,1.5
136124,4.0,1.5
136130,3.0,1.5
136132,3.0,1.5
136134,3.0,1.5
136141,4.0,1.5
136151,2.0,1.5
136160,4.0,1.5
136165,4.0,1.5
136183,4.5,1.5
136186,3.0,1.5
136194,4.0,1.5
136202,4.0,1.5
136205,4.0,1.5
136228,4.0,1.5
136229,3.0,1.5
136234,3.0,1.5
136246,5.0,1.5
136259,4.0,1.5
136264,4.0,1.5
136265,3.0,1.5
136266,4.0,1.5
136268,4.0,1.5
136274,4.0,1.5
136301,3.5,1.5
136304,4.0,1.5
136320,3.0,1.5
136328,4.0,1.5
136340,5.0,1.5
136357,3.0,1.5
136362,5.0,1.5
136370,4.0,1.5
136383,5.0,1.5
136389,3.0,1.5
136393,2.5,1.5
136405,3.0,1.5
136412,3.0,1.5
136423,3.0,1.5
136426,4.0,1.5
136431,4.0,1.5
136438,4.0,1.5
136466,4.0,1.5
136498,4.5,1.5
136516,3.0,1.5
136526,4.0,1.5
136531,4.0,1.5
136548,1.5,1.5
136563,4.0,1.5
136578,2.0,1.5
136582,5.0,1.5
136593,4.0,1.5
136595,3.0,1.5
136599,4.0,1.5
136600,3.0,1.5
136628,5.0,1.5
136642,3.5,1.5
136647,5.0,1.5
136662,5.0,1.5
136670,2.0,1.5
136671,3.0,1.5
136679,2.5,1.5
136680,2.0,1.5
136683,2.0,1.5
136701,3.0,1.5
136708,5.0,1.5
136709,3.0,1.5
136712,4.0,1.5
136734,3.0,1.5
136746,3.0,1.5
136752,5.0,1.5
136761,4.0,1.5
136770,4.0,1.5
136773,4.0,1.5
136780,1.0,1.5
136794,4.0,1.5
136796,4.0,1.5
136806,4.0,1.5
136807,4.5,1.5
136819,3.5,1.5
136826,3.0,1.5
136844,5.0,1.5
136849,3.5,1.5
136852,5.0,1.5
136854,3.0,1.5
136855,3.0,1.5
136860,5.0,1.5
136861,4.0,1.5
136862,5.0,1.5
136875,4.0,1.5
136879,3.5,1.5
136886,3.0,1.5
136888,4.0,1.5
136889,5.0,1.5
136894,5.0,1.5
136897,3.5,1.5
136921,5.0,1.5
136922,3.0,1.5
136931,4.0,1.5
136932,5.0,1.5
136940,4.5,1.5
136941,4.0,1.5
136956,3.0,1.5
136958,5.0,1.5
136960,2.0,1.5
136977,3.0,1.5
136980,3.0,1.5
136984,5.0,1.5
136989,4.0,1.5
137018,5.0,1.5
137029,5.0,1.5
137032,4.0,1.5
137048,4.5,1.5
137057,3.0,1.5
137064,4.0,1.5
137072,3.0,1.5
137080,4.0,1.5
137090,5.0,1.5
137097,5.0,1.5
137112,5.0,1.5
137121,4.0,1.5
137130,4.5,1.5
137131,4.5,1.5
137139,3.0,1.5
137143,4.0,1.5
137162,4.0,1.5
137182,4.0,1.5
137186,4.0,1.5
137191,3.5,1.5
137202,3.5,1.5
137207,4.0,1.5
137226,4.0,1.5
137232,3.5,1.5
137237,4.0,1.5
137243,3.0,1.5
137249,3.5,1.5
137251,4.0,1.5
137255,4.0,1.5
137277,4.0,1.5
137279,4.0,1.5
137280,4.0,1.5
137286,5.0,1.5
137302,4.0,1.5
137310,4.5,1.5
137313,0.5,1.5
137348,5.0,1.5
137354,3.0,1.5
137360,4.5,1.5
137366,3.0,1.5
137369,5.0,1.5
137375,3.5,1.5
137377,4.0,1.5
137387,4.0,1.5
137391,3.0,1.5
137393,4.0,1.5
137404,4.0,1.5
137410,4.0,1.5
137429,2.5,1.5
137467,4.5,1.5
137476,4.0,1.5
137482,3.0,1.5
137486,4.0,1.5
137495,1.0,1.5
137508,4.0,1.5
137525,4.0,1.5
137527,4.0,1.5
137530,5.0,1.5
137550,5.0,1.5
137552,3.5,1.5
137563,5.0,1.5
137571,3.5,1.5
137579,2.0,1.5
137581,2.5,1.5
137598,3.5,1.5
137603,3.0,1.5
137650,3.5,1.5
137682,4.0,1.5
137686,4.0,1.5
137699,3.0,1.5
137704,3.0,1.5
137708,3.0,1.5
137709,3.5,1.5
137713,3.0,1.5
137715,4.0,1.5
137716,4.0,1.5
137731,4.0,1.5
137741,4.0,1.5
137746,2.0,1.5
137759,4.5,1.5
137774,5.0,1.5
137782,1.5,1.5
137791,4.5,1.5
137793,5.0,1.5
137802,3.0,1.5
137807,4.5,1.5
137809,3.0,1.5
137835,3.0,1.5
137839,4.0,1.5
137849,4.0,1.5
137850,4.0,1.5
137852,3.0,1.5
137854,4.0,1.5
137856,5.0,1.5
137871,3.0,1.5
137881,4.0,1.5
137883,5.0,1.5
137885,4.0,1.5
137890,5.0,1.5
137894,4.0,1.5
137905,2.0,1.5
137911,3.0,1.5
137925,4.0,1.5
137928,2.0,1.5
137940,4.0,1.5
137946,4.0,1.5
137949,4.0,1.5
137951,3.5,1.5
137954,1.0,1.5
137976,5.0,1.5
137993,4.0,1.5
137995,2.0,1.5
137997,5.0,1.5
138019,4.0,1.5
138040,4.0,1.5
138042,3.5,1.5
138047,3.0,1.5
138065,4.0,1.5
138092,3.5,1.5
138098,4.0,1.5
138107,5.0,1.5
138110,3.5,1.5
138114,4.0,1.5
138115,4.0,1.5
138134,5.0,1.5
138146,4.0,1.5
138150,3.0,1.5
138162,4.0,1.5
138164,4.0,1.5
138185,5.0,1.5
138192,3.0,1.5
138208,3.5,1.5
138211,4.5,1.5
138215,1.0,1.5
138235,4.5,1.5
138256,4.0,1.5
138267,4.0,1.5
138279,5.0,1.5
138281,4.0,1.5
138301,3.0,1.5
138317,2.0,1.5
138325,4.5,1.5
138342,4.0,1.5
138353,3.5,1.5
138364,4.0,1.5
138387,4.5,1.5
138404,2.5,1.5
138415,3.0,1.5
138419,4.5,1.5
138431,3.0,1.5
138432,3.0,1.5
138437,4.5,1.5
138444,5.0,1.5
138452,5.0,1.5
138454,3.0,1.5
138477,1.0,1.5
138483,4.0,1.5
138490,4.0,1.5
138493,5.0,1.5
