userId,peer_118758
5,0.0
20,0.0
21,0.0
23,0.0
27,0.0
29,0.0
32,0.0
46,0.0
54,0.0
58,0.0
69,0.0
88,0.0
91,0.0
100,0.0
101,0.0
104,0.0
108,0.0
112,0.0
133,0.0
134,0.0
147,0.0
152,0.0
154,0.0
158,0.0
202,0.0
204,0.0
215,0.0
224,0.0
228,0.0
249,0.0
263,0.0
264,0.0
278,0.0
283,0.0
295,0.0
310,0.0
330,0.0
348,0.0
358,0.0
381,0.0
387,0.0
394,0.0
406,0.0
413,0.0
414,0.0
425,0.0
427,0.0
435,0.0
445,0.0
448,0.0
457,0.0
461,0.0
463,0.0
466,0.0
473,0.0
490,0.0
492,0.0
496,0.0
525,0.0
532,0.0
537,0.0
552,0.0
566,0.0
569,0.0
579,0.0
587,0.0
603,0.0
614,0.0
620,0.0
647,0.0
648,0.0
650,0.0
652,0.0
662,0.0
672,0.0
699,0.0
702,0.0
705,0.0
710,0.0
721,0.0
722,0.0
725,0.0
741,0.0
749,0.0
775,0.0
777,0.0
782,0.0
796,0.0
799,0.0
802,0.0
846,0.0
848,0.0
853,0.0
857,0.0
868,0.0
903,0.0
907,0.0
910,0.0
911,0.0
918,0.0
920,0.0
936,0.0
950,0.0
955,0.0
971,0.0
978,0.0
982,0.0
984,0.0
986,0.0
993,0.0
1007,0.0
1011,0.0
1012,0.0
1030,0.0
1041,0.0
1045,0.0
1052,0.0
1058,0.0
1072,0.0
1082,0.0
1087,0.0
1093,0.0
1095,0.0
1102,0.0
1105,0.0
1116,0.0
1126,0.0
1133,0.0
1144,0.0
1147,0.0
1154,0.0
1165,0.0
1174,0.0
1186,0.0
1191,0.0
1200,0.0
1208,0.0
1209,0.0
1212,0.0
1215,0.0
1222,0.0
1228,0.0
1258,0.0
1259,0.0
1264,0.0
1276,0.0
1280,0.0
1296,0.0
1301,0.0
1313,0.0
1326,0.0
1338,0.0
1350,0.0
1357,0.0
1359,0.0
1362,0.0
1376,0.0
1391,0.0
1392,0.0
1400,0.0
1403,0.0
1406,0.0
1411,0.0
1412,0.0
1422,0.0
1423,0.0
1436,0.0
1439,0.0
1450,0.0
1453,0.0
1470,0.0
1500,0.0
1507,0.0
1513,0.0
1514,0.0
1515,0.0
1523,0.0
1525,0.0
1530,0.0
1555,0.0
1567,0.0
1568,0.0
1592,0.0
1595,0.0
1616,0.0
1617,0.0
1627,0.0
1628,0.0
1635,0.0
1638,0.0
1640,0.0
1643,0.0
1644,0.0
1645,0.0
1667,0.0
1672,0.0
1676,0.0
1698,0.0
1702,0.0
1709,0.0
1715,0.0
1718,0.0
1729,0.0
1753,0.0
1763,0.0
1764,0.0
1769,0.0
1771,0.0
1772,0.0
1792,0.0
1807,0.0
1808,0.0
1813,0.0
1815,0.0
1825,0.0
1845,0.0
1849,0.0
1851,0.0
1855,0.0
1864,0.0
1869,0.0
1876,0.0
1889,0.0
1902,0.0
1908,0.0
1928,0.0
1931,0.0
1937,0.0
1942,0.0
1951,0.0
1963,0.0
1970,0.0
1972,0.0
1983,0.0
1985,0.0
2001,0.0
2006,0.0
2008,0.0
2013,0.0
2034,0.0
2051,0.0
2066,0.0
2071,0.0
2080,0.0
2083,0.0
2084,0.0
2088,0.0
2094,0.0
2099,0.0
2116,0.0
2126,0.0
2127,0.0
2130,0.0
2139,0.0
2171,0.0
2191,0.0
2198,0.0
2209,0.0
2229,0.0
2232,0.0
2233,0.0
2234,0.0
2241,0.0
2256,0.0
2257,0.0
2261,0.0
2269,0.0
2270,0.0
2271,0.0
2278,0.0
2279,0.0
2296,0.0
2311,0.0
2313,0.0
2323,0.0
2324,0.0
2330,0.0
2344,0.0
2349,0.0
2352,0.0
2362,0.0
2378,0.0
2397,0.0
2412,0.0
2424,0.0
2430,0.0
2436,0.0
2462,0.0
2467,0.0
2468,0.0
2476,0.0
2514,0.0
2527,0.0
2540,0.0
2543,0.0
2554,0.0
2558,0.0
2562,0.0
2568,0.0
2576,0.0
2577,0.0
2580,0.0
2590,0.0
2595,0.0
2602,0.0
2614,0.0
2616,0.0
2631,0.0
2633,0.0
2638,0.0
2640,0.0
2643,0.0
2647,0.0
2649,0.0
2653,0.0
2661,0.0
2669,0.0
2671,0.0
2675,0.0
2678,0.0
2691,0.0
2707,0.0
2711,0.0
2720,0.0
2732,0.0
2734,0.0
2740,0.0
2743,0.0
2757,0.0
2762,0.0
2772,0.0
2773,0.0
2777,0.0
2780,0.0
2784,0.0
2793,0.0
2816,0.0
2841,0.0
2842,0.0
2848,0.0
2883,0.0
2885,0.0
2900,0.0
2902,0.0
2903,0.0
2910,0.0
2914,0.0
2915,0.0
2919,0.0
2926,0.0
2937,0.0
2942,0.0
2945,0.0
2958,0.0
2974,0.0
2979,0.0
2982,0.0
2988,0.0
3011,0.0
3013,0.0
3018,0.0
3020,0.0
3028,0.0
3031,0.0
3033,0.0
3051,0.0
3053,0.0
3068,0.0
3072,0.0
3074,0.0
3080,0.0
3086,0.0
3090,0.0
3094,0.0
3097,0.0
3101,0.0
3109,0.0
3138,0.0
3148,0.0
3184,0.0
3192,0.0
3197,0.0
3199,0.0
3202,0.0
3207,0.0
3208,0.0
3236,0.0
3239,0.0
3249,0.0
3254,0.0
3257,0.0
3264,0.0
3268,0.0
3269,0.0
3273,0.0
3274,0.0
3275,0.0
3284,0.0
3295,0.0
3311,0.0
3316,0.0
3318,0.0
3327,0.0
3338,0.0
3340,0.0
3352,0.0
3360,0.0
3369,0.0
3371,0.0
3393,0.0
3398,0.0
3399,0.0
3406,0.0
3417,0.0
3427,0.0
3433,0.0
3435,0.0
3439,0.0
3450,0.0
3473,0.0
3490,0.0
3499,0.0
3502,0.0
3504,0.0
3515,0.0
3534,0.0
3538,0.0
3543,0.0
3545,0.0
3565,0.0
3569,0.0
3572,0.0
3576,0.0
3585,0.0
3589,0.0
3604,0.0
3609,0.0
3621,0.0
3622,0.0
3625,0.0
3628,0.0
3629,0.0
3639,0.0
3641,0.0
3648,0.0
3651,0.0
3654,0.0
3660,0.0
3664,0.0
3670,0.0
3673,0.0
3676,0.0
3681,0.0
3688,0.0
3697,0.0
3700,0.0
3704,0.0
3726,0.0
3728,0.0
3729,0.0
3743,0.0
3768,0.0
3793,0.0
3797,0.0
3803,0.0
3816,0.0
3827,0.0
3851,0.0
3858,0.0
3862,0.0
3870,0.0
3874,0.0
3890,0.0
3894,0.0
3899,0.0
3907,0.0
3928,0.0
3930,0.0
3934,0.0
3955,0.0
3965,0.0
3984,0.0
3990,0.0
3998,0.0
3999,0.0
4008,0.0
4020,0.0
4084,0.0
4087,0.0
4101,0.0
4105,0.0
4110,0.0
4116,0.0
4125,0.0
4129,0.0
4133,0.0
4135,0.0
4137,0.0
4138,0.0
4140,0.0
4150,0.0
4155,0.0
4158,0.0
4178,0.0
4191,0.0
4193,0.0
4197,0.0
4215,0.0
4222,0.0
4229,0.0
4237,0.0
4254,0.0
4275,0.0
4276,0.0
4285,0.0
4287,0.0
4290,0.0
4295,0.0
4302,0.0
4324,0.0
4331,0.0
4347,0.0
4358,0.0
4366,0.0
4367,0.0
4369,0.0
4370,0.0
4392,0.0
4402,0.0
4417,0.0
4420,0.0
4421,0.0
4423,0.0
4436,0.0
4454,0.0
4459,0.0
4466,0.0
4469,0.0
4497,0.0
4507,0.0
4526,0.0
4529,0.0
4531,0.0
4548,0.0
4551,0.0
4556,0.0
4560,0.0
4562,0.0
4563,0.0
4569,0.0
4581,0.0
4590,0.0
4594,0.0
4598,0.0
4601,0.0
4603,0.0
4615,0.0
4618,0.0
4619,0.0
4624,0.0
4629,0.0
4635,0.0
4636,0.0
4642,0.0
4644,0.0
4649,0.0
4661,0.0
4664,0.0
4671,0.0
4677,0.0
4686,0.0
4695,0.0
4696,0.0
4699,0.0
4701,0.0
4702,0.0
4721,0.0
4722,0.0
4728,0.0
4736,0.0
4758,0.0
4759,0.0
4763,0.0
4765,0.0
4776,0.0
4784,0.0
4797,0.0
4810,0.0
4828,0.0
4832,0.0
4864,0.0
4865,0.0
4870,0.0
4883,0.0
4884,0.0
4888,0.0
4892,0.0
4902,0.0
4907,0.0
4914,0.0
4916,0.0
4918,0.0
4934,0.0
4941,0.0
4948,0.0
4955,0.0
4962,0.0
4967,0.0
4974,0.0
4975,0.0
4986,0.0
4992,0.0
5000,0.0
5007,0.0
5008,0.0
5014,0.0
5017,0.0
5021,0.0
5030,0.0
5034,0.0
5046,0.0
5048,0.0
5063,0.0
5065,0.0
5082,0.0
5084,0.0
5092,0.0
5094,0.0
5102,0.0
5107,0.0
5110,0.0
5138,0.0
5156,0.0
5186,0.0
5195,0.0
5209,0.0
5210,0.0
5223,0.0
5264,0.0
5265,0.0
5269,0.0
5276,0.0
5293,0.0
5296,0.0
5334,0.0
5337,0.0
5350,0.0
5352,0.0
5365,0.0
5366,0.0
5382,0.0
5384,0.0
5393,0.0
5398,0.0
5399,0.0
5406,0.0
5410,0.0
5412,0.0
5414,0.0
5418,0.0
5425,0.0
5441,0.0
5465,0.0
5475,0.0
5483,0.0
5495,0.0
5510,0.0
5513,0.0
5518,0.0
5524,0.0
5543,0.0
5544,0.0
5556,0.0
5558,0.0
5561,0.0
5576,0.0
5592,0.0
5596,0.0
5604,0.0
5613,0.0
5615,0.0
5621,0.0
5623,0.0
5630,0.0
5636,0.0
5638,0.0
5640,0.0
5642,0.0
5658,0.0
5662,0.0
5664,0.0
5691,0.0
5698,0.0
5699,0.0
5723,0.0
5726,0.0
5729,0.0
5730,0.0
5737,0.0
5745,0.0
5771,0.0
5789,0.0
5798,0.0
5814,0.0
5825,0.0
5826,0.0
5827,0.0
5838,0.0
5843,0.0
5851,0.0
5875,0.0
5877,0.0
5878,0.0
5881,0.0
5896,0.0
5906,0.0
5921,0.0
5922,0.0
5927,0.0
5950,0.0
5958,0.0
5967,0.0
5970,0.0
5972,0.0
5984,0.0
5993,0.0
6000,0.0
6008,0.0
6012,0.0
6015,0.0
6017,0.0
6020,0.0
6026,0.0
6027,0.0
6031,0.0
6038,0.0
6040,0.0
6047,0.0
6050,0.0
6060,0.0
6083,0.0
6099,0.0
6114,0.0
6116,0.0
6129,0.0
6137,0.0
6142,0.0
6145,0.0
6165,0.0
6166,0.0
6167,0.0
6168,0.0
6169,0.0
6175,0.0
6177,0.0
6190,0.0
6198,0.0
6200,0.0
6201,0.0
6206,0.0
6228,0.0
6232,0.0
6241,0.0
6247,0.0
6260,0.0
6289,0.0
6314,0.0
6319,0.0
6337,0.0
6348,0.0
6349,0.0
6351,0.0
6356,0.0
6366,0.0
6369,0.0
6371,0.0
6373,0.0
6389,0.0
6409,0.0
6418,0.0
6424,0.0
6448,0.0
6467,0.0
6468,0.0
6475,0.0
6480,0.0
6486,0.0
6497,0.0
6501,0.0
6506,0.0
6514,0.0
6559,0.0
6561,0.0
6569,0.0
6574,0.0
6575,0.0
6586,0.0
6593,0.0
6602,0.0
6607,0.0
6611,0.0
6621,0.0
6625,0.0
6628,0.0
6630,0.0
6636,0.0
6638,0.0
6639,0.0
6670,0.0
6676,0.0
6719,0.0
6720,0.0
6722,0.0
6734,0.0
6739,0.0
6740,0.0
6764,0.0
6766,0.0
6775,0.0
6792,0.0
6800,0.0
6803,0.0
6804,0.0
6814,0.0
6815,0.0
6816,0.0
6825,0.0
6836,0.0
6843,0.0
6847,0.0
6854,0.0
6873,0.0
6880,0.0
6890,0.0
6912,0.0
6917,0.0
6921,0.0
6940,0.0
6959,0.0
6964,0.0
6978,0.0
6988,0.0
7025,0.0
7043,0.0
7044,0.0
7048,0.0
7051,0.0
7055,0.0
7056,0.0
7061,0.0
7067,0.0
7077,0.0
7084,0.0
7102,0.0
7107,0.0
7115,0.0
7122,0.0
7131,0.0
7133,0.0
7161,0.0
7186,0.0
7187,0.0
7194,0.0
7201,0.0
7229,0.0
7243,0.0
7256,0.0
7261,0.0
7266,0.0
7286,0.0
7300,0.0
7301,0.0
7307,0.0
7321,0.0
7334,0.0
7335,0.0
7355,0.0
7362,0.0
7370,0.0
7377,0.0
7383,0.0
7403,0.0
7419,0.0
7439,0.0
7444,0.0
7459,0.0
7469,0.0
7482,0.0
7487,0.0
7488,0.0
7509,0.0
7531,0.0
7542,0.0
7546,0.0
7552,0.0
7557,0.0
7577,0.0
7581,0.0
7588,0.0
7590,0.0
7595,0.0
7608,0.0
7609,0.0
7614,0.0
7618,0.0
7623,0.0
7629,0.0
7635,0.0
7648,0.0
7651,0.0
7653,0.0
7664,0.0
7668,0.0
7670,0.0
7691,0.0
7693,0.0
7697,0.0
7699,0.0
7713,0.0
7717,0.0
7723,0.0
7724,0.0
7727,0.0
7735,0.0
7739,0.0
7766,0.0
7775,0.0
7778,0.0
7784,0.0
7786,0.0
7795,0.0
7807,0.0
7815,0.0
7823,0.0
7824,0.0
7836,0.0
7858,0.0
7877,0.0
7880,0.0
7899,0.0
7908,0.0
7916,0.0
7920,0.0
7945,0.0
7955,0.0
7956,0.0
7985,0.0
7987,0.0
7991,0.0
7996,0.0
7997,0.0
7998,0.0
8004,0.0
8016,0.0
8060,0.0
8066,0.0
8072,0.0
8076,0.0
8081,0.0
8082,0.0
8095,0.0
8099,0.0
8104,0.0
8118,0.0
8119,0.0
8138,0.0
8152,0.0
8162,0.0
8167,0.0
8169,0.0
8172,0.0
8182,0.0
8184,0.0
8187,0.0
8189,0.0
8198,0.0
8204,0.0
8207,0.0
8218,0.0
8230,0.0
8231,0.0
8233,0.0
8239,0.0
8249,0.0
8263,0.0
8272,0.0
8278,0.0
8281,0.0
8293,0.0
8300,0.0
8312,0.0
8322,0.0
8324,0.0
8325,0.0
8343,0.0
8352,0.0
8360,0.0
8362,0.0
8382,0.0
8394,0.0
8405,0.0
8406,0.0
8418,0.0
8423,0.0
8432,0.0
8454,0.0
8459,0.0
8470,0.0
8479,0.0
8482,0.0
8492,0.0
8495,0.0
8498,0.0
8503,0.0
8505,0.0
8530,0.0
8538,0.0
8562,0.0
8568,0.0
8575,0.0
8589,0.0
8596,0.0
8598,0.0
8600,0.0
8607,0.0
8613,0.0
8620,0.0
8623,0.0
8639,0.0
8644,0.0
8647,0.0
8651,0.0
8652,0.0
8654,0.0
8669,0.0
8713,0.0
8720,0.0
8741,0.0
8772,0.0
8784,0.0
8786,0.0
8787,0.0
8797,0.0
8802,0.0
8805,0.0
8807,0.0
8809,0.0
8825,0.0
8864,0.0
8868,0.0
8872,0.0
8876,0.0
8882,0.0
8883,0.0
8891,0.0
8895,0.0
8896,0.0
8900,0.0
8903,0.0
8909,0.0
8916,0.0
8923,0.0
8932,0.0
8935,0.0
8943,0.0
8962,0.0
8963,0.0
8966,0.0
8967,0.0
8973,0.0
8977,0.0
8991,0.0
8996,0.0
9002,0.0
9026,0.0
9032,0.0
9034,0.0
9035,0.0
9037,0.0
9039,0.0
9041,0.0
9050,0.0
9086,0.0
9087,0.0
9096,0.0
9101,0.0
9121,0.0
9129,0.0
9133,0.0
9140,0.0
9145,0.0
9154,0.0
9157,0.0
9160,0.0
9173,0.0
9174,0.0
9175,0.0
9195,0.0
9205,0.0
9230,0.0
9231,0.0
9235,0.0
9244,0.0
9245,0.0
9246,0.0
9267,0.0
9278,0.0
9284,0.0
9285,0.0
9291,0.0
9300,0.0
9314,0.0
9321,0.0
9322,0.0
9325,0.0
9347,0.0
9359,0.0
9362,0.0
9363,0.0
9367,0.0
9369,0.0
9381,0.0
9383,0.0
9389,0.0
9391,0.0
9394,0.0
9396,0.0
9412,0.0
9422,0.0
9428,0.0
9443,0.0
9452,0.0
9463,0.0
9465,0.0
9478,0.0
9485,0.0
9490,0.0
9495,0.0
9503,0.0
9511,0.0
9512,0.0
9519,0.0
9523,0.0
9545,0.0
9551,0.0
9562,0.0
9574,0.0
9577,0.0
9579,0.0
9605,0.0
9609,0.0
9619,0.0
9646,0.0
9649,0.0
9651,0.0
9653,0.0
9663,0.0
9670,0.0
9681,0.0
9689,0.0
9693,0.0
9712,0.0
9732,0.0
9734,0.0
9744,0.0
9759,0.0
9762,0.0
9768,0.0
9770,0.0
9783,0.0
9790,0.0
9797,0.0
9799,0.0
9801,0.0
9815,0.0
9841,0.0
9843,0.0
9880,0.0
9888,0.0
9917,0.0
9929,0.0
9934,0.0
9952,0.0
9957,0.0
9959,0.0
9964,0.0
9988,0.0
9995,0.0
10005,0.0
10024,0.0
10026,0.0
10027,0.0
10055,0.0
10059,0.0
10062,0.0
10078,0.0
10092,0.0
10105,0.0
10106,0.0
10129,0.0
10158,0.0
10172,0.0
10175,0.0
10177,0.0
10178,0.0
10179,0.0
10190,0.0
10198,0.0
10205,0.0
10213,0.0
10224,0.0
10228,0.0
10248,0.0
10257,0.0
10261,0.0
10263,0.0
10271,0.0
10276,0.0
10280,0.0
10284,0.0
10291,0.0
10293,0.0
10295,0.0
10296,0.0
10298,0.0
10301,0.0
10303,0.0
10317,0.0
10321,0.0
10337,0.0
10339,0.0
10347,0.0
10357,0.0
10365,0.0
10368,0.0
10374,0.0
10383,0.0
10389,0.0
10398,0.0
10399,0.0
10418,0.0
10419,0.0
10430,0.0
10431,0.0
10434,0.0
10437,0.0
10446,0.0
10456,0.0
10458,0.0
10461,0.0
10487,0.0
10497,0.0
10502,0.0
10514,0.0
10522,0.0
10523,0.0
10534,0.0
10540,0.0
10549,0.0
10553,0.0
10557,0.0
10560,0.0
10581,0.0
10585,0.0
10588,0.0
10601,0.0
10606,0.0
10616,0.0
10622,0.0
10627,0.0
10629,0.0
10641,0.0
10651,0.0
10673,0.0
10678,0.0
10682,0.0
10686,0.0
10694,0.0
10711,0.0
10721,0.0
10732,0.0
10733,0.0
10760,0.0
10761,0.0
10772,0.0
10774,0.0
10803,0.0
10808,0.0
10817,0.0
10818,0.0
10831,0.0
10844,0.0
10850,0.0
10855,0.0
10857,0.0
10882,0.0
10898,0.0
10906,0.0
10916,0.0
10922,0.0
10934,0.0
10937,0.0
10940,0.0
10943,0.0
10953,0.0
10958,0.0
10969,0.0
10977,0.0
10978,0.0
10990,0.0
11005,0.0
11019,0.0
11035,0.0
11036,0.0
11038,0.0
11068,0.0
11073,0.0
11074,0.0
11081,0.0
11097,0.0
11118,0.0
11121,0.0
11153,0.0
11154,0.0
11155,0.0
11166,0.0
11184,0.0
11187,0.0
11189,0.0
11197,0.0
11203,0.0
11217,0.0
11220,0.0
11227,0.0
11230,0.0
11246,0.0
11248,0.0
11254,0.0
11257,0.0
11259,0.0
11265,0.0
11274,0.0
11278,0.0
11292,0.0
11293,0.0
11304,0.0
11311,0.0
11318,0.0
11329,0.0
11330,0.0
11357,0.0
11367,0.0
11378,0.0
11381,0.0
11393,0.0
11401,0.0
11402,0.0
11417,0.0
11424,0.0
11425,0.0
11426,0.0
11434,0.0
11436,0.0
11443,0.0
11461,0.0
11474,0.0
11493,0.0
11501,0.0
11515,0.0
11517,0.0
11524,0.0
11525,0.0
11548,0.0
11549,0.0
11557,0.0
11560,0.0
11579,0.0
11591,0.0
11615,0.0
11618,0.0
11622,0.0
11624,0.0
11635,0.0
11636,0.0
11639,0.0
11641,0.0
11653,0.0
11672,0.0
11675,0.0
11682,0.0
11684,0.0
11692,0.0
11702,0.0
11706,0.0
11711,0.0
11713,0.0
11717,0.0
11719,0.0
11728,0.0
11734,0.0
11741,0.0
11747,0.0
11761,0.0
11766,0.0
11767,0.0
11794,0.0
11800,0.0
11808,0.0
11813,0.0
11814,0.0
11817,0.0
11821,0.0
11825,0.0
11831,0.0
11843,0.0
11861,0.0
11865,0.0
11869,0.0
11886,0.0
11888,0.0
11889,0.0
11900,0.0
11902,0.0
11910,0.0
11914,0.0
11924,0.0
11943,0.0
11950,0.0
11953,0.0
11984,0.0
12002,0.0
12008,0.0
12015,0.0
12026,0.0
12036,0.0
12037,0.0
12046,0.0
12055,0.0
12057,0.0
12063,0.0
12066,0.0
12069,0.0
12085,0.0
12091,0.0
12092,0.0
12098,0.0
12100,0.0
12110,0.0
12118,0.0
12122,0.0
12126,0.0
12128,0.0
12130,0.0
12131,0.0
12134,0.0
12147,0.0
12149,0.0
12152,0.0
12158,0.0
12161,0.0
12165,0.0
12169,0.0
12170,0.0
12175,0.0
12192,0.0
12200,0.0
12202,0.0
12207,0.0
12217,0.0
12239,0.0
12246,0.0
12247,0.0
12258,0.0
12271,0.0
12275,0.0
12277,0.0
12285,0.0
12288,0.0
12291,0.0
12315,0.0
12322,0.0
12340,0.0
12344,0.0
12350,0.0
12387,0.0
12389,0.0
12390,0.0
12393,0.0
12402,0.0
12406,0.0
12415,0.0
12417,0.0
12419,0.0
12428,0.0
12435,0.0
12436,0.0
12437,0.0
12452,0.0
12468,0.0
12473,0.0
12480,0.0
12485,0.0
12518,0.0
12531,0.0
12535,0.0
12548,0.0
12553,0.0
12569,0.0
12571,0.0
12576,0.0
12590,0.0
12606,0.0
12611,0.0
12615,0.0
12619,0.0
12649,0.0
12653,0.0
12662,0.0
12665,0.0
12668,0.0
12670,0.0
12677,0.0
12679,0.0
12702,0.0
12707,0.0
12717,0.0
12722,0.0
12725,0.0
12726,0.0
12736,0.0
12740,0.0
12753,0.0
12754,0.0
12767,0.0
12768,0.0
12774,0.0
12778,0.0
12783,0.0
12793,0.0
12801,0.0
12802,0.0
12811,0.0
12848,0.0
12850,0.0
12859,0.0
12860,0.0
12866,0.0
12881,0.0
12892,0.0
12893,0.0
12901,0.0
12907,0.0
12918,0.0
12935,0.0
12965,0.0
12973,0.0
12975,0.0
12992,0.0
12994,0.0
13005,0.0
13019,0.0
13026,0.0
13049,0.0
13064,0.0
13068,0.0
13069,0.0
13075,0.0
13085,0.0
13087,0.0
13088,0.0
13090,0.0
13102,0.0
13141,0.0
13147,0.0
13170,0.0
13172,0.0
13174,0.0
13195,0.0
13196,0.0
13205,0.0
13214,0.0
13222,0.0
13231,0.0
13232,0.0
13247,0.0
13259,0.0
13261,0.0
13264,0.0
13281,0.0
13285,0.0
13286,0.0
13289,0.0
13290,0.0
13301,0.0
13302,0.0
13322,0.0
13328,0.0
13333,0.0
13338,0.0
13339,0.0
13341,0.0
13343,0.0
13345,0.0
13348,0.0
13357,0.0
13360,0.0
13361,0.0
13363,0.0
13367,0.0
13368,0.0
13373,0.0
13379,0.0
13385,0.0
13397,0.0
13398,0.0
13416,0.0
13444,0.0
13454,0.0
13460,0.0
13465,0.0
13485,0.0
13491,0.0
13495,0.0
13528,0.0
13535,0.0
13538,0.0
13543,0.0
13549,0.0
13554,0.0
13576,0.0
13591,0.0
13604,0.0
13606,0.0
13607,0.0
13608,0.0
13615,0.0
13634,0.0
13644,0.0
13649,0.0
13666,0.0
13680,0.0
13684,0.0
13687,0.0
13689,0.0
13707,0.0
13718,0.0
13720,0.0
13723,0.0
13732,0.0
13737,0.0
13753,0.0
13760,0.0
13762,0.0
13763,0.0
13779,0.0
13781,0.0
13784,0.0
13786,0.0
13787,0.0
13788,0.0
13799,0.0
13803,0.0
13822,0.0
13828,0.0
13848,0.0
13849,0.0
13858,0.0
13864,0.0
13868,0.0
13889,0.0
13891,0.0
13899,0.0
13915,0.0
13916,0.0
13922,0.0
13929,0.0
13931,0.0
13938,0.0
13939,0.0
13942,0.0
13955,0.0
13957,0.0
13970,0.0
13984,0.0
13989,0.0
13991,0.0
13997,0.0
13998,0.0
14001,0.0
14018,0.0
14022,0.0
14028,0.0
14032,0.0
14034,0.0
14036,0.0
14042,0.0
14046,0.0
14052,0.0
14056,0.0
14058,0.0
14059,0.0
14060,0.0
14076,0.0
14089,0.0
14099,0.0
14112,0.0
14117,0.0
14132,0.0
14141,0.0
14148,0.0
14151,0.0
14154,0.0
14155,0.0
14159,0.0
14164,0.0
14172,0.0
14175,0.0
14196,0.0
14203,0.0
14208,0.0
14231,0.0
14249,0.0
14253,0.0
14257,0.0
14261,0.0
14274,0.0
14280,0.0
14296,0.0
14303,0.0
14313,0.0
14331,0.0
14341,0.0
14348,0.0
14354,0.0
14355,0.0
14359,0.0
14389,0.0
14392,0.0
14398,0.0
14407,0.0
14412,0.0
14421,0.0
14432,0.0
14434,0.0
14435,0.0
14446,0.0
14449,0.0
14451,0.0
14456,0.0
14461,0.0
14476,0.0
14485,0.0
14489,0.0
14491,0.0
14512,0.0
14516,0.0
14518,0.0
14519,0.0
14528,0.0
14534,0.0
14551,0.0
14558,0.0
14559,0.0
14562,0.0
14572,0.0
14593,0.0
14622,0.0
14628,0.0
14655,0.0
14656,0.0
14665,0.0
14678,0.0
14705,0.0
14721,0.0
14724,0.0
14742,0.0
14745,0.0
14746,0.0
14751,0.0
14771,0.0
14780,0.0
14784,0.0
14789,0.0
14798,0.0
14799,0.0
14804,0.0
14814,0.0
14830,0.0
14831,0.0
14834,0.0
14845,0.0
14850,0.0
14855,0.0
14863,0.0
14869,0.0
14878,0.0
14880,0.0
14881,0.0
14893,0.0
14896,0.0
14902,0.0
14930,0.0
14935,0.0
14943,0.0
14949,0.0
14950,0.0
14953,0.0
14958,0.0
14977,0.0
14986,0.0
15002,0.0
15010,0.0
15024,0.0
15025,0.0
15030,0.0
15033,0.0
15042,0.0
15047,0.0
15049,0.0
15051,0.0
15058,0.0
15065,0.0
15066,0.0
15075,0.0
15083,0.0
15092,0.0
15094,0.0
15095,0.0
15108,0.0
15116,0.0
15136,0.0
15157,0.0
15161,0.0
15177,0.0
15189,0.0
15194,0.0
15203,0.0
15205,0.0
15208,0.0
15218,0.0
15221,0.0
15222,0.0
15229,0.0
15235,0.0
15238,0.0
15245,0.0
15249,0.0
15266,0.0
15284,0.0
15290,0.0
15299,0.0
15303,0.0
15313,0.0
15320,0.0
15322,0.0
15330,0.0
15344,0.0
15357,0.0
15364,0.0
15366,0.0
15374,0.0
15377,0.0
15398,0.0
15408,0.0
15447,0.0
15452,0.0
15455,0.0
15457,0.0
15465,0.0
15467,0.0
15477,0.0
15478,0.0
15481,0.0
15486,0.0
15490,0.0
15494,0.0
15495,0.0
15496,0.0
15497,0.0
15503,0.0
15504,0.0
15506,0.0
15513,0.0
15517,0.0
15519,0.0
15522,0.0
15523,0.0
15529,0.0
15537,0.0
15543,0.0
15550,0.0
15551,0.0
15575,0.0
15585,0.0
15586,0.0
15589,0.0
15606,0.0
15616,0.0
15617,0.0
15619,0.0
15627,0.0
15643,0.0
15648,0.0
15649,0.0
15654,0.0
15656,0.0
15665,0.0
15686,0.0
15694,0.0
15701,0.0
15706,0.0
15720,0.0
15733,0.0
15741,0.0
15750,0.0
15751,0.0
15755,0.0
15762,0.0
15768,0.0
15780,0.0
15781,0.0
15789,0.0
15802,0.0
15803,0.0
15805,0.0
15812,0.0
15814,0.0
15822,0.0
15831,0.0
15838,0.0
15842,0.0
15855,0.0
15865,0.0
15873,0.0
15882,0.0
15893,0.0
15905,0.0
15911,0.0
15919,0.0
15922,0.0
15927,0.0
15936,0.0
15939,0.0
15967,0.0
15974,0.0
15976,0.0
15985,0.0
15997,0.0
16031,0.0
16034,0.0
16041,0.0
16044,0.0
16045,0.0
16046,0.0
16048,0.0
16062,0.0
16075,0.0
16081,0.0
16092,0.0
16097,0.0
16100,0.0
16102,0.0
16104,0.0
16105,0.0
16107,0.0
16127,0.0
16132,0.0
16135,0.0
16140,0.0
16174,0.0
16175,0.0
16189,0.0
16198,0.0
16206,0.0
16234,0.0
16237,0.0
16238,0.0
16243,0.0
16253,0.0
16271,0.0
16280,0.0
16295,0.0
16297,0.0
16305,0.0
16312,0.0
16318,0.0
16343,0.0
16345,0.0
16358,0.0
16364,0.0
16378,0.0
16388,0.0
16391,0.0
16398,0.0
16400,0.0
16412,0.0
16425,0.0
16430,0.0
16433,0.0
16440,0.0
16443,0.0
16447,0.0
16451,0.0
16455,0.0
16463,0.0
16475,0.0
16480,0.0
16505,0.0
16516,0.0
16527,0.0
16532,0.0
16543,0.0
16546,0.0
16547,0.0
16550,0.0
16551,0.0
16562,0.0
16576,0.0
16581,0.0
16606,0.0
16607,0.0
16608,0.0
16610,0.0
16624,0.0
16626,0.0
16634,0.0
16645,0.0
16676,0.0
16688,0.0
16689,0.0
16699,0.0
16708,0.0
16738,0.0
16750,0.0
16753,0.0
16774,0.0
16780,0.0
16785,0.0
16795,0.0
16808,0.0
16822,0.0
16831,0.0
16840,0.0
16865,0.0
16867,0.0
16893,0.0
16924,0.0
16925,0.0
16930,0.0
16936,0.0
16938,0.0
16946,0.0
16955,0.0
16960,0.0
16977,0.0
17003,0.0
17005,0.0
17009,0.0
17015,0.0
17022,0.0
17040,0.0
17044,0.0
17050,0.0
17068,0.0
17075,0.0
17086,0.0
17090,0.0
17094,0.0
17105,0.0
17107,0.0
17108,0.0
17118,0.0
17133,0.0
17138,0.0
17157,0.0
17161,0.0
17163,0.0
17164,0.0
17190,0.0
17198,0.0
17207,0.0
17214,0.0
17230,0.0
17235,0.0
17250,0.0
17270,0.0
17293,0.0
17307,0.0
17311,0.0
17319,0.0
17333,0.0
17377,0.0
17380,0.0
17382,0.0
17399,0.0
17409,0.0
17417,0.0
17421,0.0
17426,0.0
17438,0.0
17440,0.0
17446,0.0
17448,0.0
17450,0.0
17455,0.0
17457,0.0
17458,0.0
17459,0.0
17462,0.0
17470,0.0
17483,0.0
17486,0.0
17488,0.0
17492,0.0
17503,0.0
17514,0.0
17515,0.0
17523,0.0
17538,0.0
17540,0.0
17566,0.0
17569,0.0
17571,0.0
17586,0.0
17589,0.0
17595,0.0
17600,0.0
17614,0.0
17631,0.0
17633,0.0
17640,0.0
17670,0.0
17683,0.0
17699,0.0
17703,0.0
17709,0.0
17711,0.0
17712,0.0
17719,0.0
17736,0.0
17741,0.0
17747,0.0
17762,0.0
17764,0.0
17769,0.0
17770,0.0
17781,0.0
17800,0.0
17807,0.0
17827,0.0
17830,0.0
17834,0.0
17845,0.0
17851,0.0
17857,0.0
17859,0.0
17862,0.0
17866,0.0
17873,0.0
17884,0.0
17892,0.0
17905,0.0
17917,0.0
17918,0.0
17930,0.0
17940,0.0
17941,0.0
17958,0.0
17970,0.0
17977,0.0
17996,0.0
17998,0.0
18004,0.0
18007,0.0
18009,0.0
18018,0.0
18027,0.0
18031,0.0
18044,0.0
18057,0.0
18081,0.0
18082,0.0
18089,0.0
18105,0.0
18112,0.0
18117,0.0
18120,0.0
18132,0.0
18138,0.0
18140,0.0
18145,0.0
18161,0.0
18167,0.0
18185,0.0
18189,0.0
18191,0.0
18193,0.0
18198,0.0
18214,0.0
18216,0.0
18238,0.0
18240,0.0
18247,0.0
18250,0.0
18251,0.0
18255,0.0
18259,0.0
18263,0.0
18265,0.0
18270,0.0
18272,0.0
18274,0.0
18275,0.0
18278,0.0
18280,0.0
18299,0.0
18327,0.0
18334,0.0
18338,0.0
18353,0.0
18354,0.0
18365,0.0
18367,0.0
18368,0.0
18376,0.0
18390,0.0
18391,0.0
18400,0.0
18407,0.0
18409,0.0
18415,0.0
18416,0.0
18442,0.0
18448,0.0
18449,0.0
18458,0.0
18461,0.0
18467,0.0
18471,0.0
18473,0.0
18479,0.0
18480,0.0
18485,0.0
18496,0.0
18513,0.0
18515,0.0
18518,0.0
18540,0.0
18554,0.0
18555,0.0
18569,0.0
18574,0.0
18576,0.0
18580,0.0
18588,0.0
18589,0.0
18597,0.0
18604,0.0
18605,0.0
18606,0.0
18611,0.0
18628,0.0
18670,0.0
18673,0.0
18684,0.0
18686,0.0
18692,0.0
18700,0.0
18704,0.0
18706,0.0
18709,0.0
18711,0.0
18712,0.0
18716,0.0
18744,0.0
18745,0.0
18755,0.0
18764,0.0
18765,0.0
18791,0.0
18795,0.0
18797,0.0
18801,0.0
18815,0.0
18831,0.0
18833,0.0
18842,0.0
18849,0.0
18860,0.0
18875,0.0
18877,0.0
18892,0.0
18897,0.0
18901,0.0
18903,0.0
18915,0.0
18925,0.0
18929,0.0
18932,0.0
18958,0.0
18971,0.0
18972,0.0
18975,0.0
18977,0.0
18980,0.0
18987,0.0
18992,0.0
19007,0.0
19017,0.0
19031,0.0
19032,0.0
19057,0.0
19066,0.0
19067,0.0
19077,0.0
19085,0.0
19104,0.0
19107,0.0
19108,0.0
19134,0.0
19137,0.0
19139,0.0
19147,0.0
19148,0.0
19155,0.0
19176,0.0
19184,0.0
19186,0.0
19203,0.0
19212,0.0
19223,0.0
19228,0.0
19231,0.0
19248,0.0
19258,0.0
19261,0.0
19279,0.0
19290,0.0
19305,0.0
19310,0.0
19322,0.0
19326,0.0
19333,0.0
19337,0.0
19345,0.0
19346,0.0
19377,0.0
19383,0.0
19385,0.0
19387,0.0
19399,0.0
19404,0.0
19406,0.0
19409,0.0
19414,0.0
19429,0.0
19431,0.0
19434,0.0
19439,0.0
19446,0.0
19451,0.0
19457,0.0
19463,0.0
19477,0.0
19482,0.0
19496,0.0
19501,0.0
19515,0.0
19518,0.0
19522,0.0
19528,0.0
19530,0.0
19531,0.0
19540,0.0
19546,0.0
19550,0.0
19556,0.0
19560,0.0
19579,0.0
19590,0.0
19602,0.0
19617,0.0
19632,0.0
19657,0.0
19667,0.0
19687,0.0
19724,0.0
19732,0.0
19740,0.0
19741,0.0
19748,0.0
19761,0.0
19762,0.0
19763,0.0
19776,0.0
19794,0.0
19797,0.0
19834,0.0
19837,0.0
19855,0.0
19861,0.0
19865,0.0
19873,0.0
19875,0.0
19881,0.0
19897,0.0
19910,0.0
19929,0.0
19938,0.0
19941,0.0
19950,0.0
19953,0.0
19954,0.0
19961,0.0
19963,0.0
19965,0.0
19981,0.0
19995,0.0
20004,0.0
20011,0.0
20022,0.0
20028,0.0
20031,0.0
20034,0.0
20040,0.0
20042,0.0
20057,0.0
20079,0.0
20090,0.0
20093,0.0
20116,0.0
20119,0.0
20132,0.0
20133,0.0
20165,0.0
20173,0.0
20179,0.0
20180,0.0
20198,0.0
20202,0.0
20215,0.0
20225,0.0
20228,0.0
20235,0.0
20247,0.0
20252,0.0
20257,0.0
20262,0.0
20267,0.0
20268,0.0
20273,0.0
20285,0.0
20296,0.0
20342,0.0
20344,0.0
20357,0.0
20372,0.0
20441,0.0
20457,0.0
20465,0.0
20475,0.0
20506,0.0
20528,0.0
20529,0.0
20530,0.0
20538,0.0
20543,0.0
20549,0.0
20569,0.0
20574,0.0
20575,0.0
20579,0.0
20583,0.0
20593,0.0
20616,0.0
20621,0.0
20622,0.0
20627,0.0
20634,0.0
20635,0.0
20636,0.0
20637,0.0
20638,0.0
20650,0.0
20667,0.0
20672,0.0
20682,0.0
20685,0.0
20686,0.0
20689,0.0
20690,0.0
20695,0.0
20701,0.0
20713,0.0
20723,0.0
20737,0.0
20770,0.0
20785,0.0
20788,0.0
20789,0.0
20795,0.0
20811,0.0
20813,0.0
20816,0.0
20817,0.0
20820,0.0
20836,0.0
20844,0.0
20850,0.0
20874,0.0
20875,0.0
20877,0.0
20883,0.0
20905,0.0
20907,0.0
20921,0.0
20942,0.0
20948,0.0
20955,0.0
20972,0.0
20975,0.0
20981,0.0
20984,0.0
20987,0.0
21000,0.0
21001,0.0
21012,0.0
21013,0.0
21016,0.0
21017,0.0
21018,0.0
21022,0.0
21037,0.0
21044,0.0
21055,0.0
21061,0.0
21067,0.0
21071,0.0
21078,0.0
21106,0.0
21122,0.0
21132,0.0
21142,0.0
21145,0.0
21157,0.0
21163,0.0
21173,0.0
21179,0.0
21181,0.0
21182,0.0
21186,0.0
21218,0.0
21242,0.0
21245,0.0
21247,0.0
21249,0.0
21264,0.0
21280,0.0
21287,0.0
21312,0.0
21326,0.0
21331,0.0
21337,0.0
21340,0.0
21347,0.0
21353,0.0
21356,0.0
21362,0.0
21363,0.0
21383,0.0
21391,0.0
21398,0.0
21403,0.0
21404,0.0
21409,0.0
21411,0.0
21421,0.0
21422,0.0
21426,0.0
21430,0.0
21431,0.0
21433,0.0
21484,0.0
21503,0.0
21506,0.0
21516,0.0
21523,0.0
21531,0.0
21533,0.0
21537,0.0
21543,0.0
21563,0.0
21581,0.0
21593,0.0
21603,0.0
21606,0.0
21609,0.0
21634,0.0
21655,0.0
21664,0.0
21668,0.0
21670,0.0
21690,0.0
21709,0.0
21711,0.0
21714,0.0
21715,0.0
21717,0.0
21718,0.0
21719,0.0
21748,0.0
21767,0.0
21777,0.0
21781,0.0
21789,0.0
21806,0.0
21810,0.0
21840,0.0
21845,0.0
21850,0.0
21861,0.0
21866,0.0
21884,0.0
21885,0.0
21886,0.0
21890,0.0
21895,0.0
21902,0.0
21922,0.0
21933,0.0
21938,0.0
21942,0.0
21953,0.0
21960,0.0
21968,0.0
21969,0.0
21973,0.0
21995,0.0
22001,0.0
22010,0.0
22011,0.0
22016,0.0
22020,0.0
22030,0.0
22058,0.0
22060,0.0
22063,0.0
22070,0.0
22090,0.0
22094,0.0
22099,0.0
22100,0.0
22110,0.0
22112,0.0
22115,0.0
22122,0.0
22131,0.0
22133,0.0
22141,0.0
22157,0.0
22160,0.0
22163,0.0
22179,0.0
22184,0.0
22189,0.0
22205,0.0
22209,0.0
22231,0.0
22234,0.0
22235,0.0
22252,0.0
22259,0.0
22264,0.0
22266,0.0
22279,0.0
22283,0.0
22285,0.0
22290,0.0
22298,0.0
22303,0.0
22307,0.0
22311,0.0
22313,0.0
22321,0.0
22330,0.0
22352,0.0
22357,0.0
22371,0.0
22372,0.0
22378,0.0
22395,0.0
22401,0.0
22402,0.0
22408,0.0
22411,0.0
22414,0.0
22415,0.0
22417,0.0
22427,0.0
22442,0.0
22443,0.0
22445,0.0
22447,0.0
22456,0.0
22470,0.0
22481,0.0
22488,0.0
22489,0.0
22503,0.0
22507,0.0
22524,0.0
22528,0.0
22539,0.0
22550,0.0
22569,0.0
22573,0.0
22574,0.0
22576,0.0
22581,0.0
22584,0.0
22598,0.0
22601,0.0
22614,0.0
22656,0.0
22657,0.0
22659,0.0
22664,0.0
22665,0.0
22683,0.0
22684,0.0
22723,0.0
22744,0.0
22746,0.0
22754,0.0
22755,0.0
22758,0.0
22761,0.0
22762,0.0
22764,0.0
22782,0.0
22784,0.0
22787,0.0
22806,0.0
22812,0.0
22818,0.0
22855,0.0
22857,0.0
22860,0.0
22861,0.0
22863,0.0
22867,0.0
22882,0.0
22884,0.0
22898,0.0
22901,0.0
22914,0.0
22926,0.0
22929,0.0
22930,0.0
22934,0.0
22949,0.0
22983,0.0
22991,0.0
22994,0.0
23012,0.0
23030,0.0
23033,0.0
23037,0.0
23039,0.0
23045,0.0
23054,0.0
23055,0.0
23061,0.0
23074,0.0
23078,0.0
23082,0.0
23088,0.0
23091,0.0
23118,0.0
23127,0.0
23130,0.0
23135,0.0
23141,0.0
23149,0.0
23165,0.0
23173,0.0
23176,0.0
23177,0.0
23180,0.0
23186,0.0
23192,0.0
23198,0.0
23202,0.0
23205,0.0
23234,0.0
23235,0.0
23250,0.0
23251,0.0
23260,0.0
23268,0.0
23274,0.0
23299,0.0
23303,0.0
23308,0.0
23317,0.0
23330,0.0
23333,0.0
23363,0.0
23375,0.0
23376,0.0
23390,0.0
23394,0.0
23400,0.0
23421,0.0
23426,0.0
23429,0.0
23436,0.0
23437,0.0
23438,0.0
23452,0.0
23454,0.0
23459,0.0
23467,0.0
23472,0.0
23495,0.0
23509,0.0
23520,0.0
23523,0.0
23526,0.0
23528,0.0
23539,0.0
23549,0.0
23575,0.0
23596,0.0
23607,0.0
23614,0.0
23618,0.0
23625,0.0
23627,0.0
23628,0.0
23631,0.0
23634,0.0
23639,0.0
23659,0.0
23688,0.0
23689,0.0
23691,0.0
23699,0.0
23704,0.0
23708,0.0
23714,0.0
23719,0.0
23725,0.0
23730,0.0
23733,0.0
23735,0.0
23736,0.0
23741,0.0
23750,0.0
23751,0.0
23753,0.0
23768,0.0
23778,0.0
23787,0.0
23790,0.0
23804,0.0
23807,0.0
23815,0.0
23824,0.0
23828,0.0
23833,0.0
23841,0.0
23843,0.0
23845,0.0
23868,0.0
23873,0.0
23877,0.0
23890,0.0
23892,0.0
23905,0.0
23911,0.0
23913,0.0
23933,0.0
23957,0.0
23983,0.0
24004,0.0
24024,0.0
24027,0.0
24042,0.0
24048,0.0
24071,0.0
24075,0.0
24077,0.0
24107,0.0
24108,0.0
24115,0.0
24116,0.0
24117,0.0
24122,0.0
24127,0.0
24129,0.0
24143,0.0
24151,0.0
24167,0.0
24171,0.0
24172,0.0
24174,0.0
24180,0.0
24187,0.0
24196,0.0
24201,0.0
24213,0.0
24214,0.0
24219,0.0
24220,0.0
24245,0.0
24253,0.0
24256,0.0
24260,0.0
24269,0.0
24270,0.0
24273,0.0
24278,0.0
24279,0.0
24283,0.0
24291,0.0
24292,0.0
24295,0.0
24302,0.0
24310,0.0
24322,0.0
24360,0.0
24373,0.0
24374,0.0
24381,0.0
24388,0.0
24423,0.0
24425,0.0
24428,0.0
24429,0.0
24431,0.0
24452,0.0
24475,0.0
24479,0.0
24504,0.0
24505,0.0
24512,0.0
24533,0.0
24537,0.0
24543,0.0
24565,0.0
24569,0.0
24572,0.0
24585,0.0
24604,0.0
24643,0.0
24652,0.0
24661,0.0
24671,0.0
24678,0.0
24682,0.0
24683,0.0
24688,0.0
24691,0.0
24695,0.0
24696,0.0
24709,0.0
24718,0.0
24719,0.0
24740,0.0
24743,0.0
24749,0.0
24757,0.0
24761,0.0
24778,0.0
24784,0.0
24787,0.0
24792,0.0
24796,0.0
24800,0.0
24813,0.0
24816,0.0
24818,0.0
24819,0.0
24840,0.0
24859,0.0
24888,0.0
24889,0.0
24893,0.0
24903,0.0
24905,0.0
24909,0.0
24915,0.0
24916,0.0
24926,0.0
24931,0.0
24934,0.0
24945,0.0
24946,0.0
24967,0.0
24990,0.0
24995,0.0
25002,0.0
25008,0.0
25050,0.0
25064,0.0
25071,0.0
25080,0.0
25084,0.0
25093,0.0
25101,0.0
25106,0.0
25121,0.0
25126,0.0
25128,0.0
25129,0.0
25131,0.0
25137,0.0
25144,0.0
25156,0.0
25163,0.0
25174,0.0
25178,0.0
25188,0.0
25190,0.0
25192,0.0
25199,0.0
25208,0.0
25215,0.0
25221,0.0
25228,0.0
25237,0.0
25241,0.0
25245,0.0
25260,0.0
25270,0.0
25280,0.0
25287,0.0
25290,0.0
25296,0.0
25298,0.0
25302,0.0
25304,0.0
25306,0.0
25310,0.0
25327,0.0
25336,0.0
25339,0.0
25344,0.0
25345,0.0
25348,0.0
25357,0.0
25383,0.0
25426,0.0
25438,0.0
25441,0.0
25448,0.0
25450,0.0
25456,0.0
25465,0.0
25467,0.0
25470,0.0
25477,0.0
25478,0.0
25479,0.0
25485,0.0
25507,0.0
25508,0.0
25509,0.0
25510,0.0
25511,0.0
25515,0.0
25524,0.0
25556,0.0
25566,0.0
25587,0.0
25588,0.0
25592,0.0
25601,0.0
25607,0.0
25610,0.0
25627,0.0
25630,0.0
25650,0.0
25656,0.0
25671,0.0
25676,0.0
25680,0.0
25684,0.0
25692,0.0
25695,0.0
25716,0.0
25723,0.0
25729,0.0
25732,0.0
25755,0.0
25771,0.0
25786,0.0
25795,0.0
25826,0.0
25827,0.0
25830,0.0
25846,0.0
25869,0.0
25879,0.0
25893,0.0
25898,0.0
25901,0.0
25911,0.0
25913,0.0
25918,0.0
25920,0.0
25924,0.0
25935,0.0
25946,0.0
25949,0.0
25959,0.0
25964,0.0
25972,0.0
25977,0.0
25978,0.0
26004,0.0
26005,0.0
26006,0.0
26012,0.0
26016,0.0
26021,0.0
26028,0.0
26035,0.0
26036,0.0
26040,0.0
26047,0.0
26051,0.0
26067,0.0
26068,0.0
26086,0.0
26089,0.0
26098,0.0
26107,0.0
26111,0.0
26112,0.0
26123,0.0
26127,0.0
26131,0.0
26147,0.0
26148,0.0
26151,0.0
26153,0.0
26179,0.0
26180,0.0
26185,0.0
26193,0.0
26197,0.0
26198,0.0
26199,0.0
26201,0.0
26202,0.0
26205,0.0
26206,0.0
26213,0.0
26214,0.0
26222,0.0
26227,0.0
26236,0.0
26274,0.0
26277,0.0
26279,0.0
26280,0.0
26288,0.0
26296,0.0
26299,0.0
26316,0.0
26321,0.0
26322,0.0
26335,0.0
26337,0.0
26338,0.0
26345,0.0
26354,0.0
26374,0.0
26382,0.0
26386,0.0
26392,0.0
26396,0.0
26403,0.0
26413,0.0
26426,0.0
26444,0.0
26452,0.0
26453,0.0
26480,0.0
26488,0.0
26490,0.0
26503,0.0
26511,0.0
26522,0.0
26528,0.0
26540,0.0
26544,0.0
26554,0.0
26566,0.0
26572,0.0
26582,0.0
26591,0.0
26596,0.0
26612,0.0
26615,0.0
26622,0.0
26623,0.0
26638,0.0
26640,0.0
26670,0.0
26672,0.0
26673,0.0
26681,0.0
26685,0.0
26691,0.0
26708,0.0
26761,0.0
26770,0.0
26772,0.0
26774,0.0
26780,0.0
26786,0.0
26787,0.0
26809,0.0
26815,0.0
26819,0.0
26821,0.0
26848,0.0
26856,0.0
26860,0.0
26865,0.0
26867,0.0
26874,0.0
26885,0.0
26887,0.0
26915,0.0
26926,0.0
26931,0.0
26944,0.0
26969,0.0
26986,0.0
26998,0.0
27007,0.0
27014,0.0
27032,0.0
27034,0.0
27035,0.0
27053,0.0
27054,0.0
27057,0.0
27073,0.0
27076,0.0
27097,0.0
27104,0.0
27117,0.0
27119,0.0
27157,0.0
27179,0.0
27182,0.0
27189,0.0
27190,0.0
27195,0.0
27205,0.0
27209,0.0
27213,0.0
27222,0.0
27230,0.0
27231,0.0
27235,0.0
27239,0.0
27248,0.0
27255,0.0
27257,0.0
27278,0.0
27279,0.0
27296,0.0
27316,0.0
27320,0.0
27321,0.0
27343,0.0
27349,0.0
27353,0.0
27366,0.0
27370,0.0
27371,0.0
27379,0.0
27383,0.0
27390,0.0
27406,0.0
27409,0.0
27418,0.0
27426,0.0
27431,0.0
27437,0.0
27441,0.0
27444,0.0
27448,0.0
27451,0.0
27460,0.0
27463,0.0
27468,0.0
27469,0.0
27473,0.0
27479,0.0
27482,0.0
27485,0.0
27500,0.0
27503,0.0
27506,0.0
27526,0.0
27529,0.0
27530,0.0
27531,0.0
27532,0.0
27553,0.0
27558,0.0
27570,0.0
27574,0.0
27586,0.0
27589,0.0
27606,0.0
27613,0.0
27617,0.0
27630,0.0
27638,0.0
27647,0.0
27651,0.0
27657,0.0
27665,0.0
27673,0.0
27679,0.0
27689,0.0
27691,0.0
27695,0.0
27697,0.0
27703,0.0
27729,0.0
27733,0.0
27744,0.0
27749,0.0
27759,0.0
27762,0.0
27783,0.0
27810,0.0
27819,0.0
27836,0.0
27846,0.0
27853,0.0
27854,0.0
27861,0.0
27867,0.0
27873,0.0
27884,0.0
27894,0.0
27897,0.0
27898,0.0
27899,0.0
27902,0.0
27905,0.0
27913,0.0
27921,0.0
27927,0.0
27937,0.0
27939,0.0
27942,0.0
27961,0.0
27962,0.0
27963,0.0
27990,0.0
28012,0.0
28023,0.0
28027,0.0
28043,0.0
28051,0.0
28055,0.0
28058,0.0
28065,0.0
28070,0.0
28092,0.0
28099,0.0
28104,0.0
28116,0.0
28123,0.0
28145,0.0
28163,0.0
28176,0.0
28194,0.0
28195,0.0
28203,0.0
28205,0.0
28215,0.0
28224,0.0
28234,0.0
28235,0.0
28239,0.0
28248,0.0
28283,0.0
28287,0.0
28292,0.0
28298,0.0
28312,0.0
28316,0.0
28326,0.0
28328,0.0
28333,0.0
28335,0.0
28340,0.0
28349,0.0
28359,0.0
28363,0.0
28370,0.0
28379,0.0
28383,0.0
28386,0.0
28398,0.0
28406,0.0
28427,0.0
28440,0.0
28443,0.0
28447,0.0
28449,0.0
28466,0.0
28513,0.0
28529,0.0
28538,0.0
28541,0.0
28556,0.0
28560,0.0
28564,0.0
28569,0.0
28598,0.0
28609,0.0
28611,0.0
28613,0.0
28616,0.0
28617,0.0
28618,0.0
28625,0.0
28629,0.0
28631,0.0
28634,0.0
28637,0.0
28645,0.0
28653,0.0
28657,0.0
28663,0.0
28673,0.0
28688,0.0
28696,0.0
28702,0.0
28709,0.0
28724,0.0
28744,0.0
28748,0.0
28749,0.0
28751,0.0
28758,0.0
28780,0.0
28782,0.0
28789,0.0
28792,0.0
28797,0.0
28799,0.0
28830,0.0
28831,0.0
28852,0.0
28856,0.0
28858,0.0
28866,0.0
28878,0.0
28896,0.0
28906,0.0
28910,0.0
28916,0.0
28920,0.0
28925,0.0
28933,0.0
28943,0.0
28947,0.0
28953,0.0
28954,0.0
28955,0.0
28956,0.0
28959,0.0
28960,0.0
28963,0.0
28966,0.0
28971,0.0
28982,0.0
28996,0.0
29015,0.0
29022,0.0
29035,0.0
29037,0.0
29040,0.0
29044,0.0
29056,0.0
29068,0.0
29069,0.0
29085,0.0
29087,0.0
29094,0.0
29107,0.0
29112,0.0
29117,0.0
29128,0.0
29146,0.0
29147,0.0
29155,0.0
29166,0.0
29176,0.0
29216,0.0
29217,0.0
29218,0.0
29250,0.0
29259,0.0
29261,0.0
29270,0.0
29290,0.0
29310,0.0
29317,0.0
29323,0.0
29334,0.0
29343,0.0
29363,0.0
29373,0.0
29398,0.0
29412,0.0
29414,0.0
29417,0.0
29418,0.0
29420,0.0
29443,0.0
29449,0.0
29458,0.0
29472,0.0
29476,0.0
29478,0.0
29485,0.0
29486,0.0
29490,0.0
29492,0.0
29499,0.0
29515,0.0
29516,0.0
29521,0.0
29531,0.0
29532,0.0
29541,0.0
29543,0.0
29546,0.0
29549,0.0
29555,0.0
29556,0.0
29575,0.0
29586,0.0
29598,0.0
29603,0.0
29616,0.0
29630,0.0
29632,0.0
29634,0.0
29637,0.0
29641,0.0
29657,0.0
29665,0.0
29669,0.0
29673,0.0
29681,0.0
29687,0.0
29695,0.0
29696,0.0
29710,0.0
29721,0.0
29726,0.0
29730,0.0
29738,0.0
29745,0.0
29764,0.0
29776,0.0
29797,0.0
29806,0.0
29809,0.0
29810,0.0
29819,0.0
29841,0.0
29850,0.0
29851,0.0
29853,0.0
29861,0.0
29862,0.0
29876,0.0
29890,0.0
29895,0.0
29925,0.0
29929,0.0
29931,0.0
29934,0.0
29940,0.0
29968,0.0
29973,0.0
29974,0.0
30000,0.0
30003,0.0
30011,0.0
30017,0.0
30018,0.0
30031,0.0
30046,0.0
30054,0.0
30062,0.0
30071,0.0
30082,0.0
30095,0.0
30113,0.0
30119,0.0
30137,0.0
30140,0.0
30144,0.0
30146,0.0
30149,0.0
30153,0.0
30154,0.0
30162,0.0
30166,0.0
30183,0.0
30184,0.0
30208,0.0
30220,0.0
30223,0.0
30227,0.0
30249,0.0
30257,0.0
30259,0.0
30283,0.0
30310,0.0
30311,0.0
30314,0.0
30317,0.0
30324,0.0
30329,0.0
30333,0.0
30334,0.0
30336,0.0
30344,0.0
30351,0.0
30364,0.0
30379,0.0
30380,0.0
30387,0.0
30392,0.0
30395,0.0
30397,0.0
30402,0.0
30405,0.0
30411,0.0
30415,0.0
30430,0.0
30469,0.0
30472,0.0
30480,0.0
30481,0.0
30485,0.0
30497,0.0
30507,0.0
30508,0.0
30509,0.0
30510,0.0
30515,0.0
30519,0.0
30522,0.0
30525,0.0
30534,0.0
30535,0.0
30537,0.0
30567,0.0
30568,0.0
30590,0.0
30601,0.0
30603,0.0
30606,0.0
30614,0.0
30624,0.0
30625,0.0
30628,0.0
30653,0.0
30663,0.0
30664,0.0
30666,0.0
30690,0.0
30691,0.0
30696,0.0
30698,0.0
30701,0.0
30707,0.0
30727,0.0
30736,0.0
30745,0.0
30746,0.0
30754,0.0
30755,0.0
30762,0.0
30780,0.0
30798,0.0
30799,0.0
30801,0.0
30808,0.0
30815,0.0
30825,0.0
30854,0.0
30857,0.0
30859,0.0
30862,0.0
30870,0.0
30875,0.0
30891,0.0
30898,0.0
30905,0.0
30914,0.0
30921,0.0
30923,0.0
30925,0.0
30942,0.0
30958,0.0
30959,0.0
30960,0.0
30971,0.0
30972,0.0
30976,0.0
30980,0.0
30984,0.0
31009,0.0
31022,0.0
31035,0.0
31036,0.0
31092,0.0
31098,0.0
31122,0.0
31137,0.0
31158,0.0
31159,0.0
31162,0.0
31197,0.0
31201,0.0
31207,0.0
31217,0.0
31244,0.0
31248,0.0
31252,0.0
31257,0.0
31266,0.0
31273,0.0
31278,0.0
31284,0.0
31288,0.0
31303,0.0
31315,0.0
31323,0.0
31328,0.0
31330,0.0
31335,0.0
31339,0.0
31352,0.0
31370,0.0
31375,0.0
31378,0.0
31386,0.0
31397,0.0
31404,0.0
31406,0.0
31424,0.0
31435,0.0
31438,0.0
31441,0.0
31449,0.0
31469,0.0
31478,0.0
31479,0.0
31489,0.0
31490,0.0
31497,0.0
31503,0.0
31535,0.0
31550,0.0
31553,0.0
31566,0.0
31571,0.0
31574,0.0
31579,0.0
31580,0.0
31602,0.0
31616,0.0
31623,0.0
31647,0.0
31653,0.0
31656,0.0
31659,0.0
31660,0.0
31664,0.0
31668,0.0
31671,0.0
31678,0.0
31681,0.0
31692,0.0
31703,0.0
31715,0.0
31717,0.0
31726,0.0
31728,0.0
31730,0.0
31736,0.0
31737,0.0
31749,0.0
31751,0.0
31753,0.0
31764,0.0
31768,0.0
31775,0.0
31793,0.0
31802,0.0
31804,0.0
31811,0.0
31822,0.0
31838,0.0
31843,0.0
31846,0.0
31850,0.0
31859,0.0
31867,0.0
31877,0.0
31888,0.0
31891,0.0
31898,0.0
31901,0.0
31910,0.0
31912,0.0
31913,0.0
31932,0.0
31940,0.0
31941,0.0
31964,0.0
31965,0.0
31971,0.0
31976,0.0
31988,0.0
31994,0.0
32004,0.0
32018,0.0
32033,0.0
32062,0.0
32069,0.0
32082,0.0
32089,0.0
32091,0.0
32094,0.0
32111,0.0
32113,0.0
32160,0.0
32161,0.0
32162,0.0
32167,0.0
32169,0.0
32171,0.0
32182,0.0
32185,0.0
32189,0.0
32192,0.0
32195,0.0
32210,0.0
32211,0.0
32212,0.0
32224,0.0
32228,0.0
32233,0.0
32243,0.0
32249,0.0
32255,0.0
32287,0.0
32299,0.0
32306,0.0
32321,0.0
32329,0.0
32339,0.0
32341,0.0
32342,0.0
32344,0.0
32346,0.0
32364,0.0
32365,0.0
32390,0.0
32419,0.0
32433,0.0
32454,0.0
32500,0.0
32508,0.0
32509,0.0
32514,0.0
32517,0.0
32525,0.0
32553,0.0
32582,0.0
32590,0.0
32603,0.0
32615,0.0
32622,0.0
32638,0.0
32640,0.0
32654,0.0
32662,0.0
32665,0.0
32674,0.0
32675,0.0
32696,0.0
32717,0.0
32719,0.0
32726,0.0
32730,0.0
32744,0.0
32768,0.0
32770,0.0
32776,0.0
32779,0.0
32795,0.0
32797,0.0
32806,0.0
32824,0.0
32835,0.0
32837,0.0
32840,0.0
32844,0.0
32855,0.0
32861,0.0
32864,0.0
32868,0.0
32892,0.0
32894,0.0
32896,0.0
32905,0.0
32919,0.0
32920,0.0
32923,0.0
32925,0.0
32934,0.0
32935,0.0
32937,0.0
32965,0.0
32974,0.0
32980,0.0
32983,0.0
32988,0.0
33000,0.0
33010,0.0
33014,0.0
33038,0.0
33039,0.0
33040,0.0
33052,0.0
33063,0.0
33074,0.0
33076,0.0
33082,0.0
33113,0.0
33127,0.0
33128,0.0
33134,0.0
33170,0.0
33183,0.0
33189,0.0
33191,0.0
33221,0.0
33225,0.0
33235,0.0
33251,0.0
33253,0.0
33260,0.0
33272,0.0
33281,0.0
33288,0.0
33293,0.0
33309,0.0
33319,0.0
33322,0.0
33342,0.0
33344,0.0
33346,0.0
33348,0.0
33349,0.0
33351,0.0
33353,0.0
33357,0.0
33363,0.0
33364,0.0
33365,0.0
33371,0.0
33375,0.0
33377,0.0
33378,0.0
33384,0.0
33387,0.0
33394,0.0
33402,0.0
33404,0.0
33414,0.0
33429,0.0
33443,0.0
33446,0.0
33455,0.0
33478,0.0
33483,0.0
33489,0.0
33495,0.0
33502,0.0
33507,0.0
33510,0.0
33561,0.0
33572,0.0
33579,0.0
33581,0.0
33584,0.0
33585,0.0
33587,0.0
33603,0.0
33608,0.0
33609,0.0
33623,0.0
33634,0.0
33636,0.0
33646,0.0
33648,0.0
33679,0.0
33680,0.0
33700,0.0
33724,0.0
33734,0.0
33736,0.0
33738,0.0
33755,0.0
33761,0.0
33767,0.0
33768,0.0
33771,0.0
33777,0.0
33792,0.0
33800,0.0
33818,0.0
33830,0.0
33833,0.0
33837,0.0
33839,0.0
33854,0.0
33857,0.0
33861,0.0
33862,0.0
33863,0.0
33876,0.0
33879,0.0
33892,0.0
33901,0.0
33911,0.0
33928,0.0
33933,0.0
33936,0.0
33939,0.0
33955,0.0
33970,0.0
33974,0.0
33976,0.0
33981,0.0
33985,0.0
33999,0.0
34007,0.0
34024,0.0
34025,0.0
34027,0.0
34040,0.0
34041,0.0
34052,0.0
34058,0.0
34069,0.0
34080,0.0
34100,0.0
34103,0.0
34127,0.0
34129,0.0
34140,0.0
34143,0.0
34146,0.0
34151,0.0
34153,0.0
34161,0.0
34173,0.0
34179,0.0
34180,0.0
34185,0.0
34187,0.0
34201,0.0
34214,0.0
34218,0.0
34220,0.0
34240,0.0
34266,0.0
34268,0.0
34295,0.0
34307,0.0
34332,0.0
34333,0.0
34344,0.0
34350,0.0
34357,0.0
34362,0.0
34368,0.0
34382,0.0
34385,0.0
34395,0.0
34398,0.0
34403,0.0
34409,0.0
34418,0.0
34419,0.0
34426,0.0
34429,0.0
34436,0.0
34437,0.0
34440,0.0
34456,0.0
34460,0.0
34464,0.0
34468,0.0
34470,0.0
34473,0.0
34485,0.0
34489,0.0
34494,0.0
34504,0.0
34511,0.0
34515,0.0
34529,0.0
34544,0.0
34564,0.0
34575,0.0
34576,0.0
34577,0.0
34586,0.0
34587,0.0
34609,0.0
34612,0.0
34616,0.0
34620,0.0
34632,0.0
34637,0.0
34650,0.0
34651,0.0
34663,0.0
34674,0.0
34678,0.0
34685,0.0
34686,0.0
34702,0.0
34704,0.0
34717,0.0
34729,0.0
34738,0.0
34743,0.0
34758,0.0
34767,0.0
34778,0.0
34785,0.0
34809,0.0
34817,0.0
34829,0.0
34830,0.0
34831,0.0
34842,0.0
34844,0.0
34848,0.0
34853,0.0
34899,0.0
34909,0.0
34916,0.0
34918,0.0
34954,0.0
34961,0.0
34971,0.0
34972,0.0
34995,0.0
34999,0.0
35004,0.0
35011,0.0
35012,0.0
35022,0.0
35023,0.0
35037,0.0
35038,0.0
35059,0.0
35062,0.0
35063,0.0
35064,0.0
35076,0.0
35094,0.0
35098,0.0
35111,0.0
35112,0.0
35115,0.0
35128,0.0
35133,0.0
35137,0.0
35158,0.0
35165,0.0
35166,0.0
35172,0.0
35179,0.0
35189,0.0
35190,0.0
35205,0.0
35226,0.0
35227,0.0
35236,0.0
35240,0.0
35251,0.0
35254,0.0
35257,0.0
35259,0.0
35265,0.0
35272,0.0
35282,0.0
35283,0.0
35285,0.0
35292,0.0
35307,0.0
35310,0.0
35312,0.0
35316,0.0
35320,0.0
35343,0.0
35352,0.0
35364,0.0
35392,0.0
35410,0.0
35424,0.0
35425,0.0
35431,0.0
35434,0.0
35440,0.0
35449,0.0
35452,0.0
35460,0.0
35465,0.0
35469,0.0
35494,0.0
35498,0.0
35510,0.0
35511,0.0
35519,0.0
35533,0.0
35573,0.0
35576,0.0
35577,0.0
35579,0.0
35608,0.0
35615,0.0
35625,0.0
35626,0.0
35667,0.0
35702,0.0
35705,0.0
35710,0.0
35724,0.0
35727,0.0
35735,0.0
35745,0.0
35748,0.0
35755,0.0
35761,0.0
35762,0.0
35770,0.0
35780,0.0
35813,0.0
35817,0.0
35821,0.0
35824,0.0
35833,0.0
35834,0.0
35848,0.0
35849,0.0
35876,0.0
35877,0.0
35921,0.0
35927,0.0
35930,0.0
35936,0.0
35937,0.0
35939,0.0
35945,0.0
35950,0.0
35965,0.0
35971,0.0
35973,0.0
35974,0.0
35979,0.0
35997,0.0
36000,0.0
36003,0.0
36016,0.0
36017,0.0
36019,0.0
36023,0.0
36043,0.0
36049,0.0
36065,0.0
36071,0.0
36093,0.0
36099,0.0
36116,0.0
36124,0.0
36153,0.0
36166,0.0
36188,0.0
36200,0.0
36217,0.0
36225,0.0
36226,0.0
36233,0.0
36235,0.0
36237,0.0
36255,0.0
36257,0.0
36258,0.0
36259,0.0
36263,0.0
36266,0.0
36268,0.0
36279,0.0
36290,0.0
36291,0.0
36294,0.0
36295,0.0
36305,0.0
36308,0.0
36312,0.0
36354,0.0
36391,0.0
36392,0.0
36393,0.0
36408,0.0
36432,0.0
36437,0.0
36440,0.0
36449,0.0
36451,0.0
36460,0.0
36464,0.0
36479,0.0
36488,0.0
36491,0.0
36499,0.0
36507,0.0
36513,0.0
36524,0.0
36526,0.0
36544,0.0
36546,0.0
36550,0.0
36565,0.0
36587,0.0
36606,0.0
36612,0.0
36641,0.0
36644,0.0
36660,0.0
36678,0.0
36681,0.0
36687,0.0
36708,0.0
36715,0.0
36723,0.0
36734,0.0
36743,0.0
36745,0.0
36763,0.0
36776,0.0
36804,0.0
36819,0.0
36820,0.0
36821,0.0
36856,0.0
36862,0.0
36865,0.0
36871,0.0
36880,0.0
36884,0.0
36891,0.0
36913,0.0
36923,0.0
36926,0.0
36943,0.0
36957,0.0
36966,0.0
36983,0.0
36985,0.0
36987,0.0
36997,0.0
36999,0.0
37010,0.0
37013,0.0
37016,0.0
37018,0.0
37022,0.0
37025,0.0
37042,0.0
37045,0.0
37048,0.0
37049,0.0
37069,0.0
37072,0.0
37083,0.0
37117,0.0
37136,0.0
37152,0.0
37162,0.0
37177,0.0
37180,0.0
37191,0.0
37207,0.0
37210,0.0
37217,0.0
37222,0.0
37229,0.0
37237,0.0
37250,0.0
37252,0.0
37253,0.0
37255,0.0
37264,0.0
37265,0.0
37274,0.0
37295,0.0
37301,0.0
37302,0.0
37311,0.0
37317,0.0
37319,0.0
37327,0.0
37329,0.0
37331,0.0
37333,0.0
37351,0.0
37360,0.0
37361,0.0
37391,0.0
37404,0.0
37410,0.0
37418,0.0
37422,0.0
37423,0.0
37427,0.0
37429,0.0
37447,0.0
37454,0.0
37474,0.0
37479,0.0
37509,0.0
37518,0.0
37519,0.0
37526,0.0
37530,0.0
37532,0.0
37544,0.0
37555,0.0
37557,0.0
37560,0.0
37574,0.0
37577,0.0
37579,0.0
37580,0.0
37592,0.0
37595,0.0
37596,0.0
37611,0.0
37616,0.0
37618,0.0
37622,0.0
37623,0.0
37624,0.0
37629,0.0
37644,0.0
37673,0.0
37676,0.0
37680,0.0
37688,0.0
37690,0.0
37698,0.0
37700,0.0
37707,0.0
37754,0.0
37764,0.0
37769,0.0
37804,0.0
37812,0.0
37814,0.0
37819,0.0
37820,0.0
37823,0.0
37825,0.0
37827,0.0
37829,0.0
37837,0.0
37842,0.0
37845,0.0
37848,0.0
37857,0.0
37864,0.0
37868,0.0
37869,0.0
37879,0.0
37890,0.0
37891,0.0
37906,0.0
37907,0.0
37914,0.0
37919,0.0
37928,0.0
37945,0.0
37948,0.0
37962,0.0
37969,0.0
37990,0.0
37991,0.0
38036,0.0
38046,0.0
38051,0.0
38093,0.0
38113,0.0
38134,0.0
38139,0.0
38148,0.0
38152,0.0
38156,0.0
38160,0.0
38169,0.0
38170,0.0
38172,0.0
38179,0.0
38196,0.0
38202,0.0
38214,0.0
38221,0.0
38229,0.0
38231,0.0
38232,0.0
38239,0.0
38243,0.0
38244,0.0
38251,0.0
38265,0.0
38281,0.0
38294,0.0
38302,0.0
38314,0.0
38335,0.0
38346,0.0
38348,0.0
38349,0.0
38355,0.0
38357,0.0
38360,0.0
38367,0.0
38373,0.0
38381,0.0
38386,0.0
38393,0.0
38406,0.0
38409,0.0
38413,0.0
38425,0.0
38429,0.0
38435,0.0
38451,0.0
38459,0.0
38468,0.0
38485,0.0
38486,0.0
38492,0.0
38495,0.0
38505,0.0
38512,0.0
38523,0.0
38538,0.0
38539,0.0
38542,0.0
38552,0.0
38562,0.0
38602,0.0
38605,0.0
38610,0.0
38612,0.0
38619,0.0
38621,0.0
38639,0.0
38644,0.0
38647,0.0
38655,0.0
38656,0.0
38669,0.0
38710,0.0
38714,0.0
38719,0.0
38724,0.0
38733,0.0
38741,0.0
38742,0.0
38756,0.0
38758,0.0
38765,0.0
38792,0.0
38795,0.0
38798,0.0
38805,0.0
38808,0.0
38818,0.0
38819,0.0
38820,0.0
38829,0.0
38835,0.0
38836,0.0
38847,0.0
38848,0.0
38854,0.0
38870,0.0
38880,0.0
38890,0.0
38895,0.0
38899,0.0
38906,0.0
38913,0.0
38916,0.0
38917,0.0
38932,0.0
38935,0.0
38947,0.0
38956,0.0
38958,0.0
38961,0.0
38964,0.0
38965,0.0
38982,0.0
38988,0.0
38990,0.0
38991,0.0
38994,0.0
39002,0.0
39006,0.0
39030,0.0
39037,0.0
39047,0.0
39048,0.0
39051,0.0
39060,0.0
39069,0.0
39089,0.0
39090,0.0
39107,0.0
39110,0.0
39128,0.0
39144,0.0
39154,0.0
39165,0.0
39178,0.0
39180,0.0
39181,0.0
39186,0.0
39191,0.0
39195,0.0
39198,0.0
39214,0.0
39243,0.0
39249,0.0
39256,0.0
39271,0.0
39273,0.0
39288,0.0
39291,0.0
39346,0.0
39357,0.0
39374,0.0
39380,0.0
39382,0.0
39383,0.0
39384,0.0
39392,0.0
39395,0.0
39397,0.0
39402,0.0
39411,0.0
39421,0.0
39424,0.0
39430,0.0
39431,0.0
39435,0.0
39443,0.0
39451,0.0
39454,0.0
39499,0.0
39501,0.0
39510,0.0
39514,0.0
39527,0.0
39536,0.0
39553,0.0
39573,0.0
39579,0.0
39582,0.0
39583,0.0
39586,0.0
39593,0.0
39612,0.0
39619,0.0
39639,0.0
39640,0.0
39647,0.0
39651,0.0
39671,0.0
39685,0.0
39690,0.0
39692,0.0
39704,0.0
39721,0.0
39735,0.0
39744,0.0
39749,0.0
39750,0.0
39772,0.0
39774,0.0
39778,0.0
39779,0.0
39782,0.0
39794,0.0
39809,0.0
39814,0.0
39830,0.0
39836,0.0
39837,0.0
39855,0.0
39880,0.0
39904,0.0
39920,0.0
39928,0.0
39937,0.0
39959,0.0
39965,0.0
39968,0.0
39974,0.0
39983,0.0
39988,0.0
39995,0.0
40004,0.0
40008,0.0
40010,0.0
40012,0.0
40013,0.0
40021,0.0
40030,0.0
40045,0.0
40050,0.0
40055,0.0
40058,0.0
40061,0.0
40064,0.0
40070,0.0
40082,0.0
40086,0.0
40093,0.0
40117,0.0
40122,0.0
40123,0.0
40126,0.0
40135,0.0
40143,0.0
40144,0.0
40156,0.0
40167,0.0
40184,0.0
40194,0.0
40196,0.0
40206,0.0
40214,0.0
40218,0.0
40237,0.0
40245,0.0
40261,0.0
40284,0.0
40285,0.0
40293,0.0
40308,0.0
40359,0.0
40373,0.0
40378,0.0
40393,0.0
40429,0.0
40448,0.0
40456,0.0
40467,0.0
40469,0.0
40483,0.0
40484,0.0
40521,0.0
40522,0.0
40527,0.0
40536,0.0
40544,0.0
40549,0.0
40571,0.0
40614,0.0
40616,0.0
40617,0.0
40618,0.0
40625,0.0
40647,0.0
40666,0.0
40669,0.0
40674,0.0
40687,0.0
40711,0.0
40727,0.0
40741,0.0
40744,0.0
40749,0.0
40775,0.0
40792,0.0
40814,0.0
40821,0.0
40827,0.0
40835,0.0
40874,0.0
40879,0.0
40881,0.0
40895,0.0
40896,0.0
40913,0.0
40923,0.0
40927,0.0
40929,0.0
40938,0.0
40960,0.0
40963,0.0
40966,0.0
40967,0.0
40968,0.0
40992,0.0
40999,0.0
41005,0.0
41009,0.0
41014,0.0
41020,0.0
41035,0.0
41037,0.0
41062,0.0
41079,0.0
41085,0.0
41096,0.0
41098,0.0
41110,0.0
41111,0.0
41123,0.0
41124,0.0
41132,0.0
41140,0.0
41163,0.0
41176,0.0
41178,0.0
41194,0.0
41197,0.0
41200,0.0
41201,0.0
41206,0.0
41247,0.0
41253,0.0
41262,0.0
41265,0.0
41267,0.0
41276,0.0
41283,0.0
41284,0.0
41288,0.0
41301,0.0
41325,0.0
41328,0.0
41345,0.0
41346,0.0
41355,0.0
41363,0.0
41372,0.0
41374,0.0
41384,0.0
41389,0.0
41391,0.0
41393,0.0
41404,0.0
41418,0.0
41436,0.0
41444,0.0
41449,0.0
41454,0.0
41457,0.0
41459,0.0
41466,0.0
41468,0.0
41473,0.0
41477,0.0
41478,0.0
41482,0.0
41484,0.0
41486,0.0
41487,0.0
41496,0.0
41517,0.0
41527,0.0
41532,0.0
41582,0.0
41597,0.0
41605,0.0
41607,0.0
41612,0.0
41613,0.0
41628,0.0
41633,0.0
41638,0.0
41668,0.0
41671,0.0
41706,0.0
41714,0.0
41721,0.0
41722,0.0
41727,0.0
41746,0.0
41747,0.0
41749,0.0
41758,0.0
41766,0.0
41770,0.0
41778,0.0
41818,0.0
41821,0.0
41829,0.0
41838,0.0
41840,0.0
41848,0.0
41861,0.0
41864,0.0
41865,0.0
41870,0.0
41871,0.0
41872,0.0
41880,0.0
41882,0.0
41883,0.0
41891,0.0
41897,0.0
41909,0.0
41925,0.0
41929,0.0
41932,0.0
41943,0.0
41948,0.0
41968,0.0
41969,0.0
41982,0.0
41987,0.0
41995,0.0
41996,0.0
42005,0.0
42014,0.0
42016,0.0
42019,0.0
42031,0.0
42032,0.0
42038,0.0
42054,0.0
42069,0.0
42072,0.0
42079,0.0
42083,0.0
42091,0.0
42096,0.0
42099,0.0
42103,0.0
42108,0.0
42119,0.0
42124,0.0
42131,0.0
42165,0.0
42177,0.0
42184,0.0
42186,0.0
42199,0.0
42204,0.0
42207,0.0
42225,0.0
42228,0.0
42245,0.0
42246,0.0
42257,0.0
42258,0.0
42259,0.0
42266,0.0
42276,0.0
42284,0.0
42290,0.0
42300,0.0
42314,0.0
42315,0.0
42331,0.0
42333,0.0
42352,0.0
42353,0.0
42357,0.0
42358,0.0
42362,0.0
42365,0.0
42366,0.0
42368,0.0
42369,0.0
42384,0.0
42386,0.0
42387,0.0
42391,0.0
42405,0.0
42407,0.0
42420,0.0
42421,0.0
42424,0.0
42433,0.0
42440,0.0
42449,0.0
42454,0.0
42456,0.0
42471,0.0
42473,0.0
42481,0.0
42491,0.0
42506,0.0
42509,0.0
42524,0.0
42536,0.0
42553,0.0
42560,0.0
42569,0.0
42573,0.0
42578,0.0
42581,0.0
42604,0.0
42615,0.0
42619,0.0
42625,0.0
42626,0.0
42630,0.0
42636,0.0
42640,0.0
42642,0.0
42645,0.0
42690,0.0
42692,0.0
42696,0.0
42699,0.0
42722,0.0
42726,0.0
42738,0.0
42740,0.0
42742,0.0
42745,0.0
42747,0.0
42748,0.0
42750,0.0
42751,0.0
42753,0.0
42781,0.0
42782,0.0
42786,0.0
42794,0.0
42806,0.0
42811,0.0
42829,0.0
42832,0.0
42836,0.0
42842,0.0
42853,0.0
42857,0.0
42859,0.0
42861,0.0
42881,0.0
42897,0.0
42898,0.0
42913,0.0
42919,0.0
42920,0.0
42921,0.0
42927,0.0
42929,0.0
42933,0.0
42935,0.0
42943,0.0
42950,0.0
42955,0.0
42956,0.0
42957,0.0
42958,0.0
42965,0.0
42970,0.0
42989,0.0
42992,0.0
43005,0.0
43029,0.0
43030,0.0
43057,0.0
43062,0.0
43065,0.0
43087,0.0
43093,0.0
43097,0.0
43105,0.0
43131,0.0
43138,0.0
43156,0.0
43166,0.0
43173,0.0
43180,0.0
43188,0.0
43189,0.0
43193,0.0
43194,0.0
43216,0.0
43221,0.0
43227,0.0
43229,0.0
43236,0.0
43237,0.0
43255,0.0
43262,0.0
43267,0.0
43283,0.0
43294,0.0
43296,0.0
43317,0.0
43328,0.0
43336,0.0
43345,0.0
43351,0.0
43356,0.0
43358,0.0
43363,0.0
43378,0.0
43379,0.0
43384,0.0
43385,0.0
43396,0.0
43401,0.0
43402,0.0
43419,0.0
43423,0.0
43427,0.0
43430,0.0
43459,0.0
43478,0.0
43491,0.0
43492,0.0
43500,0.0
43517,0.0
43521,0.0
43539,0.0
43540,0.0
43545,0.0
43578,0.0
43579,0.0
43585,0.0
43590,0.0
43596,0.0
43602,0.0
43610,0.0
43618,0.0
43621,0.0
43622,0.0
43645,0.0
43657,0.0
43666,0.0
43668,0.0
43671,0.0
43679,0.0
43683,0.0
43688,0.0
43700,0.0
43707,0.0
43716,0.0
43718,0.0
43722,0.0
43728,0.0
43732,0.0
43741,0.0
43747,0.0
43748,0.0
43756,0.0
43758,0.0
43763,0.0
43764,0.0
43765,0.0
43767,0.0
43772,0.0
43781,0.0
43784,0.0
43810,0.0
43814,0.0
43818,0.0
43819,0.0
43820,0.0
43849,0.0
43859,0.0
43864,0.0
43868,0.0
43869,0.0
43905,0.0
43907,0.0
43912,0.0
43914,0.0
43920,0.0
43925,0.0
43928,0.0
43936,0.0
43945,0.0
43953,0.0
43961,0.0
43974,0.0
43989,0.0
43996,0.0
43997,0.0
44018,0.0
44022,0.0
44038,0.0
44072,0.0
44074,0.0
44076,0.0
44077,0.0
44079,0.0
44087,0.0
44111,0.0
44127,0.0
44139,0.0
44142,0.0
44145,0.0
44186,0.0
44222,0.0
44229,0.0
44239,0.0
44254,0.0
44256,0.0
44270,0.0
44283,0.0
44296,0.0
44299,0.0
44302,0.0
44317,0.0
44322,0.0
44338,0.0
44365,0.0
44374,0.0
44384,0.0
44385,0.0
44386,0.0
44407,0.0
44434,0.0
44439,0.0
44443,0.0
44458,0.0
44476,0.0
44481,0.0
44484,0.0
44492,0.0
44497,0.0
44501,0.0
44507,0.0
44511,0.0
44512,0.0
44519,0.0
44524,0.0
44530,0.0
44531,0.0
44537,0.0
44538,0.0
44545,0.0
44546,0.0
44565,0.0
44566,0.0
44567,0.0
44568,0.0
44574,0.0
44576,0.0
44577,0.0
44630,0.0
44638,0.0
44645,0.0
44650,0.0
44651,0.0
44652,0.0
44659,0.0
44663,0.0
44666,0.0
44678,0.0
44681,0.0
44717,0.0
44741,0.0
44762,0.0
44773,0.0
44788,0.0
44796,0.0
44802,0.0
44809,0.0
44820,0.0
44839,0.0
44842,0.0
44846,0.0
44851,0.0
44854,0.0
44855,0.0
44863,0.0
44873,0.0
44882,0.0
44885,0.0
44886,0.0
44890,0.0
44925,0.0
44926,0.0
44953,0.0
44966,0.0
44967,0.0
44972,0.0
44986,0.0
44995,0.0
44996,0.0
45003,0.0
45007,0.0
45008,0.0
45015,0.0
45024,0.0
45037,0.0
45043,0.0
45047,0.0
45060,0.0
45073,0.0
45096,0.0
45112,0.0
45114,0.0
45119,0.0
45125,0.0
45128,0.0
45133,0.0
45138,0.0
45166,0.0
45169,0.0
45175,0.0
45186,0.0
45194,0.0
45197,0.0
45206,0.0
45223,0.0
45231,0.0
45237,0.0
45255,0.0
45260,0.0
45270,0.0
45301,0.0
45306,0.0
45308,0.0
45309,0.0
45310,0.0
45319,0.0
45333,0.0
45334,0.0
45343,0.0
45352,0.0
45357,0.0
45359,0.0
45364,0.0
45370,0.0
45372,0.0
45386,0.0
45406,0.0
45407,0.0
45408,0.0
45420,0.0
45423,0.0
45425,0.0
45433,0.0
45435,0.0
45436,0.0
45481,0.0
45499,0.0
45512,0.0
45513,0.0
45518,0.0
45533,0.0
45567,0.0
45589,0.0
45594,0.0
45598,0.0
45600,0.0
45618,0.0
45630,0.0
45631,0.0
45643,0.0
45644,0.0
45679,0.0
45680,0.0
45685,0.0
45695,0.0
45699,0.0
45709,0.0
45710,0.0
45718,0.0
45721,0.0
45735,0.0
45740,0.0
45747,0.0
45749,0.0
45750,0.0
45767,0.0
45768,0.0
45782,0.0
45806,0.0
45815,0.0
45826,0.0
45834,0.0
45837,0.0
45852,0.0
45857,0.0
45865,0.0
45866,0.0
45883,0.0
45887,0.0
45891,0.0
45898,0.0
45908,0.0
45911,0.0
45912,0.0
45928,0.0
45935,0.0
45937,0.0
45940,0.0
45941,0.0
45948,0.0
45964,0.0
45969,0.0
45970,0.0
45974,0.0
45976,0.0
45978,0.0
45979,0.0
45982,0.0
45983,0.0
45987,0.0
45989,0.0
45994,0.0
46014,0.0
46043,0.0
46063,0.0
46068,0.0
46071,0.0
46072,0.0
46074,0.0
46089,0.0
46095,0.0
46097,0.0
46112,0.0
46115,0.0
46136,0.0
46137,0.0
46138,0.0
46146,0.0
46176,0.0
46182,0.0
46188,0.0
46207,0.0
46211,0.0
46215,0.0
46230,0.0
46231,0.0
46243,0.0
46247,0.0
46265,0.0
46270,0.0
46278,0.0
46281,0.0
46286,0.0
46308,0.0
46313,0.0
46319,0.0
46328,0.0
46337,0.0
46355,0.0
46357,0.0
46367,0.0
46382,0.0
46385,0.0
46386,0.0
46391,0.0
46393,0.0
46396,0.0
46407,0.0
46423,0.0
46434,0.0
46436,0.0
46447,0.0
46461,0.0
46470,0.0
46477,0.0
46497,0.0
46498,0.0
46501,0.0
46517,0.0
46523,0.0
46524,0.0
46529,0.0
46531,0.0
46534,0.0
46545,0.0
46547,0.0
46549,0.0
46577,0.0
46579,0.0
46583,0.0
46594,0.0
46597,0.0
46623,0.0
46629,0.0
46635,0.0
46645,0.0
46648,0.0
46651,0.0
46663,0.0
46674,0.0
46684,0.0
46686,0.0
46689,0.0
46704,0.0
46709,0.0
46712,0.0
46714,0.0
46716,0.0
46719,0.0
46721,0.0
46726,0.0
46732,0.0
46733,0.0
46734,0.0
46744,0.0
46766,0.0
46767,0.0
46769,0.0
46776,0.0
46779,0.0
46783,0.0
46791,0.0
46797,0.0
46823,0.0
46835,0.0
46836,0.0
46841,0.0
46843,0.0
46847,0.0
46849,0.0
46853,0.0
46859,0.0
46860,0.0
46878,0.0
46894,0.0
46896,0.0
46911,0.0
46913,0.0
46929,0.0
46937,0.0
46944,0.0
46947,0.0
46972,0.0
46987,0.0
46999,0.0
47002,0.0
47007,0.0
47009,0.0
47016,0.0
47021,0.0
47022,0.0
47040,0.0
47066,0.0
47075,0.0
47081,0.0
47098,0.0
47111,0.0
47120,0.0
47129,0.0
47152,0.0
47156,0.0
47160,0.0
47161,0.0
47166,0.0
47173,0.0
47186,0.0
47203,0.0
47205,0.0
47212,0.0
47226,0.0
47230,0.0
47234,0.0
47235,0.0
47251,0.0
47267,0.0
47282,0.0
47289,0.0
47309,0.0
47317,0.0
47323,0.0
47337,0.0
47342,0.0
47343,0.0
47344,0.0
47383,0.0
47387,0.0
47395,0.0
47402,0.0
47419,0.0
47421,0.0
47427,0.0
47439,0.0
47440,0.0
47451,0.0
47469,0.0
47495,0.0
47522,0.0
47542,0.0
47543,0.0
47548,0.0
47550,0.0
47561,0.0
47568,0.0
47576,0.0
47581,0.0
47586,0.0
47620,0.0
47624,0.0
47629,0.0
47634,0.0
47638,0.0
47654,0.0
47676,0.0
47688,0.0
47714,0.0
47722,0.0
47762,0.0
47767,0.0
47775,0.0
47805,0.0
47848,0.0
47875,0.0
47878,0.0
47883,0.0
47890,0.0
47896,0.0
47904,0.0
47925,0.0
47931,0.0
47934,0.0
47935,0.0
47965,0.0
47972,0.0
47977,0.0
47981,0.0
47986,0.0
47987,0.0
47989,0.0
48000,0.0
48001,0.0
48007,0.0
48008,0.0
48012,0.0
48016,0.0
48021,0.0
48025,0.0
48031,0.0
48037,0.0
48043,0.0
48046,0.0
48054,0.0
48062,0.0
48065,0.0
48068,0.0
48082,0.0
48097,0.0
48101,0.0
48103,0.0
48110,0.0
48121,0.0
48125,0.0
48132,0.0
48136,0.0
48141,0.0
48144,0.0
48149,0.0
48162,0.0
48164,0.0
48194,0.0
48196,0.0
48221,0.0
48223,0.0
48225,0.0
48231,0.0
48232,0.0
48235,0.0
48273,0.0
48288,0.0
48290,0.0
48302,0.0
48318,0.0
48323,0.0
48328,0.0
48332,0.0
48344,0.0
48347,0.0
48349,0.0
48353,0.0
48365,0.0
48379,0.0
48389,0.0
48392,0.0
48395,0.0
48399,0.0
48403,0.0
48405,0.0
48410,0.0
48411,0.0
48433,0.0
48434,0.0
48439,0.0
48444,0.0
48452,0.0
48470,0.0
48494,0.0
48502,0.0
48515,0.0
48526,0.0
48527,0.0
48540,0.0
48545,0.0
48551,0.0
48556,0.0
48558,0.0
48563,0.0
48565,0.0
48590,0.0
48593,0.0
48596,0.0
48601,0.0
48602,0.0
48619,0.0
48633,0.0
48638,0.0
48643,0.0
48644,0.0
48655,0.0
48665,0.0
48667,0.0
48674,0.0
48677,0.0
48695,0.0
48697,0.0
48702,0.0
48703,0.0
48707,0.0
48727,0.0
48729,0.0
48737,0.0
48751,0.0
48770,0.0
48773,0.0
48783,0.0
48786,0.0
48793,0.0
48808,0.0
48819,0.0
48827,0.0
48835,0.0
48846,0.0
48849,0.0
48870,0.0
48875,0.0
48904,0.0
48929,0.0
48935,0.0
48940,0.0
48964,0.0
48972,0.0
48976,0.0
49012,0.0
49016,0.0
49017,0.0
49021,0.0
49039,0.0
49040,0.0
49048,0.0
49055,0.0
49067,0.0
49068,0.0
49075,0.0
49081,0.0
49102,0.0
49114,0.0
49122,0.0
49134,0.0
49141,0.0
49154,0.0
49156,0.0
49163,0.0
49169,0.0
49171,0.0
49183,0.0
49190,0.0
49193,0.0
49200,0.0
49204,0.0
49206,0.0
49207,0.0
49209,0.0
49212,0.0
49229,0.0
49236,0.0
49239,0.0
49244,0.0
49251,0.0
49276,0.0
49281,0.0
49285,0.0
49287,0.0
49321,0.0
49328,0.0
49330,0.0
49350,0.0
49355,0.0
49356,0.0
49360,0.0
49365,0.0
49374,0.0
49386,0.0
49392,0.0
49396,0.0
49408,0.0
49438,0.0
49456,0.0
49460,0.0
49465,0.0
49473,0.0
49482,0.0
49494,0.0
49501,0.0
49510,0.0
49518,0.0
49523,0.0
49532,0.0
49539,0.0
49542,0.0
49551,0.0
49554,0.0
49562,0.0
49568,0.0
49572,0.0
49577,0.0
49622,0.0
49656,0.0
49673,0.0
49676,0.0
49694,0.0
49698,0.0
49701,0.0
49734,0.0
49738,0.0
49739,0.0
49756,0.0
49758,0.0
49768,0.0
49773,0.0
49775,0.0
49776,0.0
49777,0.0
49778,0.0
49809,0.0
49816,0.0
49817,0.0
49827,0.0
49847,0.0
49850,0.0
49872,0.0
49877,0.0
49883,0.0
49898,0.0
49900,0.0
49918,0.0
49919,0.0
49936,0.0
49937,0.0
49949,0.0
49952,0.0
49953,0.0
49960,0.0
49963,0.0
49965,0.0
49966,0.0
49969,0.0
49987,0.0
49990,0.0
49999,0.0
50001,0.0
50003,0.0
50008,0.0
50011,0.0
50021,0.0
50023,0.0
50030,0.0
50038,0.0
50043,0.0
50045,0.0
50047,0.0
50064,0.0
50069,0.0
50073,0.0
50085,0.0
50087,0.0
50099,0.0
50101,0.0
50104,0.0
50105,0.0
50111,0.0
50180,0.0
50184,0.0
50186,0.0
50192,0.0
50194,0.0
50202,0.0
50209,0.0
50211,0.0
50212,0.0
50213,0.0
50222,0.0
50228,0.0
50231,0.0
50247,0.0
50249,0.0
50261,0.0
50285,0.0
50286,0.0
50294,0.0
50297,0.0
50299,0.0
50309,0.0
50320,0.0
50330,0.0
50343,0.0
50367,0.0
50381,0.0
50382,0.0
50389,0.0
50393,0.0
50394,0.0
50401,0.0
50404,0.0
50408,0.0
50415,0.0
50421,0.0
50429,0.0
50445,0.0
50481,0.0
50507,0.0
50518,0.0
50536,0.0
50540,0.0
50541,0.0
50543,0.0
50545,0.0
50556,0.0
50567,0.0
50571,0.0
50572,0.0
50575,0.0
50577,0.0
50587,0.0
50599,0.0
50603,0.0
50604,0.0
50607,0.0
50615,0.0
50625,0.0
50656,0.0
50658,0.0
50661,0.0
50662,0.0
50663,0.0
50672,0.0
50673,0.0
50675,0.0
50688,0.0
50696,0.0
50707,0.0
50712,0.0
50718,0.0
50721,0.0
50733,0.0
50734,0.0
50738,0.0
50741,0.0
50746,0.0
50759,0.0
50774,0.0
50780,0.0
50781,0.0
50792,0.0
50795,0.0
50803,0.0
50829,0.0
50852,0.0
50854,0.0
50855,0.0
50859,0.0
50874,0.0
50875,0.0
50876,0.0
50878,0.0
50883,0.0
50895,0.0
50899,0.0
50912,0.0
50915,0.0
50919,0.0
50926,0.0
50930,0.0
50933,0.0
50941,0.0
50942,0.0
50943,0.0
50946,0.0
50953,0.0
50958,0.0
50966,0.0
50967,0.0
50975,0.0
50980,0.0
50988,0.0
50989,0.0
51003,0.0
51009,0.0
51012,0.0
51020,0.0
51021,0.0
51024,0.0
51034,0.0
51036,0.0
51049,0.0
51067,0.0
51069,0.0
51074,0.0
51080,0.0
51084,0.0
51086,0.0
51094,0.0
51101,0.0
51116,0.0
51123,0.0
51124,0.0
51126,0.0
51141,0.0
51143,0.0
51152,0.0
51162,0.0
51164,0.0
51172,0.0
51197,0.0
51199,0.0
51213,0.0
51214,0.0
51217,0.0
51227,0.0
51233,0.0
51245,0.0
51260,0.0
51263,0.0
51278,0.0
51307,0.0
51312,0.0
51318,0.0
51320,0.0
51322,0.0
51327,0.0
51329,0.0
51331,0.0
51340,0.0
51344,0.0
51364,0.0
51384,0.0
51410,0.0
51423,0.0
51424,0.0
51438,0.0
51439,0.0
51468,0.0
51489,0.0
51501,0.0
51507,0.0
51518,0.0
51532,0.0
51544,0.0
51547,0.0
51551,0.0
51558,0.0
51560,0.0
51562,0.0
51586,0.0
51596,0.0
51599,0.0
51607,0.0
51608,0.0
51614,0.0
51638,0.0
51649,0.0
51652,0.0
51657,0.0
51668,0.0
51669,0.0
51683,0.0
51693,0.0
51696,0.0
51703,0.0
51736,0.0
51740,0.0
51742,0.0
51745,0.0
51748,0.0
51751,0.0
51752,0.0
51759,0.0
51770,0.0
51777,0.0
51784,0.0
51794,0.0
51795,0.0
51798,0.0
51804,0.0
51816,0.0
51829,0.0
51830,0.0
51834,0.0
51838,0.0
51856,0.0
51874,0.0
51878,0.0
51879,0.0
51883,0.0
51891,0.0
51899,0.0
51900,0.0
51906,0.0
51912,0.0
51914,0.0
51923,0.0
51936,0.0
51943,0.0
51955,0.0
51964,0.0
51965,0.0
51969,0.0
51976,0.0
51978,0.0
51990,0.0
51993,0.0
51994,0.0
52004,0.0
52009,0.0
52016,0.0
52036,0.0
52039,0.0
52043,0.0
52054,0.0
52062,0.0
52063,0.0
52066,0.0
52070,0.0
52082,0.0
52084,0.0
52095,0.0
52098,0.0
52114,0.0
52115,0.0
52116,0.0
52135,0.0
52143,0.0
52158,0.0
52161,0.0
52163,0.0
52210,0.0
52225,0.0
52226,0.0
52269,0.0
52273,0.0
52288,0.0
52302,0.0
52321,0.0
52342,0.0
52351,0.0
52355,0.0
52361,0.0
52369,0.0
52394,0.0
52407,0.0
52412,0.0
52419,0.0
52422,0.0
52423,0.0
52448,0.0
52457,0.0
52460,0.0
52465,0.0
52473,0.0
52479,0.0
52483,0.0
52490,0.0
52496,0.0
52502,0.0
52507,0.0
52514,0.0
52518,0.0
52520,0.0
52532,0.0
52540,0.0
52543,0.0
52552,0.0
52554,0.0
52557,0.0
52561,0.0
52563,0.0
52572,0.0
52575,0.0
52597,0.0
52617,0.0
52618,0.0
52642,0.0
52651,0.0
52660,0.0
52661,0.0
52685,0.0
52696,0.0
52704,0.0
52706,0.0
52724,0.0
52729,0.0
52736,0.0
52737,0.0
52738,0.0
52739,0.0
52757,0.0
52762,0.0
52768,0.0
52794,0.0
52814,0.0
52815,0.0
52831,0.0
52835,0.0
52839,0.0
52845,0.0
52847,0.0
52854,0.0
52868,0.0
52875,0.0
52877,0.0
52886,0.0
52892,0.0
52898,0.0
52900,0.0
52903,0.0
52909,0.0
52914,0.0
52918,0.0
52921,0.0
52922,0.0
52926,0.0
52927,0.0
52932,0.0
52933,0.0
52954,0.0
52958,0.0
52963,0.0
52972,0.0
52973,0.0
52975,0.0
52994,0.0
52996,0.0
53018,0.0
53027,0.0
53032,0.0
53039,0.0
53052,0.0
53053,0.0
53060,0.0
53061,0.0
53063,0.0
53081,0.0
53093,0.0
53112,0.0
53116,0.0
53129,0.0
53134,0.0
53144,0.0
53158,0.0
53162,0.0
53168,0.0
53171,0.0
53172,0.0
53178,0.0
53184,0.0
53218,0.0
53226,0.0
53227,0.0
53229,0.0
53245,0.0
53258,0.0
53265,0.0
53266,0.0
53272,0.0
53280,0.0
53288,0.0
53289,0.0
53295,0.0
53297,0.0
53301,0.0
53308,0.0
53311,0.0
53313,0.0
53314,0.0
53327,0.0
53335,0.0
53338,0.0
53349,0.0
53360,0.0
53363,0.0
53364,0.0
53368,0.0
53375,0.0
53399,0.0
53409,0.0
53426,0.0
53433,0.0
53447,0.0
53448,0.0
53455,0.0
53458,0.0
53469,0.0
53475,0.0
53495,0.0
53529,0.0
53538,0.0
53567,0.0
53577,0.0
53600,0.0
53605,0.0
53607,0.0
53608,0.0
53638,0.0
53640,0.0
53656,0.0
53658,0.0
53660,0.0
53682,0.0
53697,0.0
53699,0.0
53708,0.0
53715,0.0
53718,0.0
53724,0.0
53732,0.0
53734,0.0
53738,0.0
53742,0.0
53747,0.0
53783,0.0
53788,0.0
53793,0.0
53795,0.0
53804,0.0
53811,0.0
53822,0.0
53823,0.0
53830,0.0
53845,0.0
53852,0.0
53857,0.0
53858,0.0
53866,0.0
53879,0.0
53894,0.0
53898,0.0
53905,0.0
53926,0.0
53927,0.0
53930,0.0
53931,0.0
53936,0.0
53938,0.0
53941,0.0
53945,0.0
53950,0.0
53953,0.0
53955,0.0
53970,0.0
53972,0.0
53974,0.0
53983,0.0
54001,0.0
54009,0.0
54023,0.0
54030,0.0
54031,0.0
54036,0.0
54042,0.0
54060,0.0
54063,0.0
54074,0.0
54089,0.0
54097,0.0
54106,0.0
54107,0.0
54113,0.0
54122,0.0
54123,0.0
54128,0.0
54134,0.0
54135,0.0
54147,0.0
54148,0.0
54160,0.0
54164,0.0
54166,0.0
54168,0.0
54210,0.0
54214,0.0
54216,0.0
54221,0.0
54227,0.0
54229,0.0
54251,0.0
54252,0.0
54257,0.0
54259,0.0
54273,0.0
54279,0.0
54296,0.0
54301,0.0
54305,0.0
54314,0.0
54332,0.0
54369,0.0
54371,0.0
54375,0.0
54378,0.0
54380,0.0
54386,0.0
54388,0.0
54411,0.0
54423,0.0
54424,0.0
54436,0.0
54443,0.0
54448,0.0
54449,0.0
54450,0.0
54454,0.0
54456,0.0
54459,0.0
54465,0.0
54469,0.0
54478,0.0
54479,0.0
54480,0.0
54485,0.0
54488,0.0
54490,0.0
54494,0.0
54495,0.0
54507,0.0
54512,0.0
54531,0.0
54548,0.0
54549,0.0
54552,0.0
54558,0.0
54575,0.0
54581,0.0
54590,0.0
54592,0.0
54595,0.0
54605,0.0
54617,0.0
54626,0.0
54633,0.0
54640,0.0
54650,0.0
54667,0.0
54668,0.0
54673,0.0
54674,0.0
54675,0.0
54685,0.0
54693,0.0
54699,0.0
54700,0.0
54706,0.0
54717,0.0
54720,0.0
54729,0.0
54739,0.0
54751,0.0
54753,0.0
54766,0.0
54772,0.0
54806,0.0
54814,0.0
54816,0.0
54823,0.0
54824,0.0
54825,0.0
54837,0.0
54840,0.0
54844,0.0
54866,0.0
54869,0.0
54870,0.0
54881,0.0
54917,0.0
54949,0.0
54957,0.0
54968,0.0
54972,0.0
54977,0.0
54978,0.0
54986,0.0
54988,0.0
54992,0.0
54994,0.0
54995,0.0
54996,0.0
55008,0.0
55023,0.0
55034,0.0
55035,0.0
55039,0.0
55066,0.0
55067,0.0
55069,0.0
55076,0.0
55077,0.0
55097,0.0
55102,0.0
55139,0.0
55152,0.0
55170,0.0
55173,0.0
55174,0.0
55178,0.0
55196,0.0
55200,0.0
55212,0.0
55220,0.0
55224,0.0
55227,0.0
55231,0.0
55237,0.0
55243,0.0
55244,0.0
55247,0.0
55250,0.0
55251,0.0
55255,0.0
55256,0.0
55264,0.0
55267,0.0
55268,0.0
55269,0.0
55278,0.0
55287,0.0
55296,0.0
55299,0.0
55302,0.0
55304,0.0
55305,0.0
55307,0.0
55312,0.0
55328,0.0
55330,0.0
55344,0.0
55364,0.0
55365,0.0
55369,0.0
55377,0.0
55389,0.0
55395,0.0
55398,0.0
55406,0.0
55411,0.0
55420,0.0
55422,0.0
55429,0.0
55432,0.0
55434,0.0
55436,0.0
55442,0.0
55446,0.0
55448,0.0
55457,0.0
55464,0.0
55466,0.0
55487,0.0
55489,0.0
55493,0.0
55510,0.0
55519,0.0
55522,0.0
55556,0.0
55578,0.0
55580,0.0
55589,0.0
55597,0.0
55598,0.0
55602,0.0
55606,0.0
55620,0.0
55621,0.0
55631,0.0
55633,0.0
55651,0.0
55666,0.0
55672,0.0
55692,0.0
55694,0.0
55695,0.0
55702,0.0
55703,0.0
55708,0.0
55709,0.0
55715,0.0
55722,0.0
55738,0.0
55744,0.0
55756,0.0
55780,0.0
55781,0.0
55790,0.0
55792,0.0
55804,0.0
55820,0.0
55854,0.0
55880,0.0
55887,0.0
55889,0.0
55899,0.0
55916,0.0
55939,0.0
55942,0.0
55944,0.0
55956,0.0
55962,0.0
55965,0.0
55999,0.0
56001,0.0
56019,0.0
56022,0.0
56023,0.0
56031,0.0
56032,0.0
56034,0.0
56055,0.0
56063,0.0
56083,0.0
56089,0.0
56091,0.0
56099,0.0
56103,0.0
56107,0.0
56110,0.0
56118,0.0
56136,0.0
56139,0.0
56165,0.0
56168,0.0
56177,0.0
56178,0.0
56202,0.0
56205,0.0
56218,0.0
56220,0.0
56228,0.0
56242,0.0
56245,0.0
56255,0.0
56270,0.0
56273,0.0
56277,0.0
56291,0.0
56292,0.0
56309,0.0
56322,0.0
56331,0.0
56341,0.0
56343,0.0
56349,0.0
56351,0.0
56359,0.0
56360,0.0
56366,0.0
56367,0.0
56409,0.0
56424,0.0
56435,0.0
56440,0.0
56451,0.0
56457,0.0
56465,0.0
56492,0.0
56497,0.0
56504,0.0
56511,0.0
56518,0.0
56520,0.0
56527,0.0
56548,0.0
56562,0.0
56572,0.0
56573,0.0
56579,0.0
56587,0.0
56588,0.0
56597,0.0
56609,0.0
56635,0.0
56652,0.0
56655,0.0
56675,0.0
56687,0.0
56699,0.0
56707,0.0
56720,0.0
56724,0.0
56726,0.0
56731,0.0
56741,0.0
56749,0.0
56750,0.0
56753,0.0
56763,0.0
56766,0.0
56790,0.0
56804,0.0
56807,0.0
56812,0.0
56820,0.0
56823,0.0
56849,0.0
56852,0.0
56859,0.0
56863,0.0
56865,0.0
56866,0.0
56879,0.0
56885,0.0
56887,0.0
56895,0.0
56906,0.0
56917,0.0
56921,0.0
56923,0.0
56932,0.0
56956,0.0
56963,0.0
56969,0.0
56970,0.0
56972,0.0
56976,0.0
56980,0.0
57009,0.0
57013,0.0
57027,0.0
57045,0.0
57046,0.0
57048,0.0
57050,0.0
57051,0.0
57056,0.0
57067,0.0
57068,0.0
57072,0.0
57095,0.0
57101,0.0
57110,0.0
57113,0.0
57136,0.0
57142,0.0
57145,0.0
57156,0.0
57163,0.0
57167,0.0
57170,0.0
57178,0.0
57183,0.0
57199,0.0
57206,0.0
57218,0.0
57219,0.0
57220,0.0
57223,0.0
57226,0.0
57232,0.0
57240,0.0
57248,0.0
57264,0.0
57287,0.0
57289,0.0
57295,0.0
57303,0.0
57305,0.0
57319,0.0
57329,0.0
57345,0.0
57350,0.0
57352,0.0
57353,0.0
57366,0.0
57369,0.0
57372,0.0
57380,0.0
57390,0.0
57395,0.0
57398,0.0
57418,0.0
57420,0.0
57423,0.0
57441,0.0
57500,0.0
57509,0.0
57510,0.0
57521,0.0
57522,0.0
57528,0.0
57536,0.0
57542,0.0
57543,0.0
57545,0.0
57557,0.0
57566,0.0
57570,0.0
57589,0.0
57594,0.0
57598,0.0
57604,0.0
57623,0.0
57633,0.0
57637,0.0
57653,0.0
57677,0.0
57678,0.0
57682,0.0
57696,0.0
57726,0.0
57727,0.0
57735,0.0
57737,0.0
57756,0.0
57767,0.0
57772,0.0
57787,0.0
57823,0.0
57829,0.0
57849,0.0
57872,0.0
57874,0.0
57875,0.0
57883,0.0
57886,0.0
57888,0.0
57897,0.0
57899,0.0
57903,0.0
57920,0.0
57923,0.0
57934,0.0
57950,0.0
57953,0.0
57959,0.0
57966,0.0
57973,0.0
57977,0.0
57989,0.0
57993,0.0
58003,0.0
58015,0.0
58019,0.0
58021,0.0
58027,0.0
58029,0.0
58033,0.0
58056,0.0
58065,0.0
58072,0.0
58088,0.0
58099,0.0
58110,0.0
58122,0.0
58123,0.0
58125,0.0
58128,0.0
58140,0.0
58143,0.0
58155,0.0
58170,0.0
58177,0.0
58180,0.0
58203,0.0
58226,0.0
58233,0.0
58237,0.0
58238,0.0
58240,0.0
58243,0.0
58245,0.0
58256,0.0
58262,0.0
58266,0.0
58271,0.0
58277,0.0
58281,0.0
58326,0.0
58327,0.0
58332,0.0
58346,0.0
58350,0.0
58353,0.0
58359,0.0
58384,0.0
58402,0.0
58406,0.0
58419,0.0
58421,0.0
58429,0.0
58447,0.0
58451,0.0
58459,0.0
58471,0.0
58488,0.0
58501,0.0
58507,0.0
58530,0.0
58536,0.0
58538,0.0
58539,0.0
58540,0.0
58543,0.0
58554,0.0
58565,0.0
58569,0.0
58592,0.0
58598,0.0
58604,0.0
58612,0.0
58614,0.0
58628,0.0
58648,0.0
58650,0.0
58652,0.0
58658,0.0
58660,0.0
58664,0.0
58675,0.0
58677,0.0
58690,0.0
58701,0.0
58705,0.0
58707,0.0
58708,0.0
58713,0.0
58731,0.0
58735,0.0
58742,0.0
58745,0.0
58758,0.0
58759,0.0
58769,0.0
58771,0.0
58773,0.0
58774,0.0
58781,0.0
58785,0.0
58802,0.0
58816,0.0
58823,0.0
58835,0.0
58841,0.0
58869,0.0
58881,0.0
58883,0.0
58895,0.0
58922,0.0
58925,0.0
58943,0.0
58953,0.0
58972,0.0
58986,0.0
58987,0.0
58996,0.0
58999,0.0
59004,0.0
59010,0.0
59017,0.0
59019,0.0
59024,0.0
59031,0.0
59033,0.0
59035,0.0
59041,0.0
59046,0.0
59069,0.0
59086,0.0
59098,0.0
59134,0.0
59137,0.0
59140,0.0
59148,0.0
59149,0.0
59151,0.0
59153,0.0
59154,0.0
59167,0.0
59196,0.0
59197,0.0
59200,0.0
59202,0.0
59205,0.0
59226,0.0
59234,0.0
59238,0.0
59241,0.0
59253,0.0
59263,0.0
59269,0.0
59271,0.0
59285,0.0
59286,0.0
59288,0.0
59301,0.0
59302,0.0
59316,0.0
59332,0.0
59338,0.0
59340,0.0
59345,0.0
59348,0.0
59349,0.0
59359,0.0
59362,0.0
59365,0.0
59366,0.0
59378,0.0
59388,0.0
59393,0.0
59406,0.0
59407,0.0
59409,0.0
59414,0.0
59429,0.0
59431,0.0
59445,0.0
59457,0.0
59477,0.0
59479,0.0
59482,0.0
59485,0.0
59528,0.0
59531,0.0
59538,0.0
59543,0.0
59544,0.0
59555,0.0
59558,0.0
59574,0.0
59583,0.0
59585,0.0
59589,0.0
59597,0.0
59601,0.0
59603,0.0
59628,0.0
59638,0.0
59658,0.0
59677,0.0
59685,0.0
59691,0.0
59694,0.0
59696,0.0
59702,0.0
59719,0.0
59726,0.0
59734,0.0
59736,0.0
59745,0.0
59748,0.0
59753,0.0
59754,0.0
59755,0.0
59780,0.0
59781,0.0
59783,0.0
59788,0.0
59789,0.0
59790,0.0
59792,0.0
59794,0.0
59795,0.0
59802,0.0
59821,0.0
59826,0.0
59841,0.0
59852,0.0
59857,0.0
59872,0.0
59873,0.0
59876,0.0
59878,0.0
59888,0.0
59891,0.0
59909,0.0
59923,0.0
59930,0.0
59942,0.0
59952,0.0
59959,0.0
59962,0.0
59970,0.0
59984,0.0
60015,0.0
60018,0.0
60020,0.0
60021,0.0
60027,0.0
60056,0.0
60059,0.0
60060,0.0
60080,0.0
60081,0.0
60095,0.0
60098,0.0
60109,0.0
60135,0.0
60141,0.0
60159,0.0
60176,0.0
60178,0.0
60181,0.0
60188,0.0
60196,0.0
60200,0.0
60203,0.0
60210,0.0
60217,0.0
60221,0.0
60247,0.0
60256,0.0
60267,0.0
60279,0.0
60303,0.0
60309,0.0
60323,0.0
60333,0.0
60334,0.0
60369,0.0
60378,0.0
60383,0.0
60411,0.0
60417,0.0
60442,0.0
60453,0.0
60457,0.0
60461,0.0
60496,0.0
60505,0.0
60506,0.0
60533,0.0
60542,0.0
60543,0.0
60562,0.0
60569,0.0
60582,0.0
60593,0.0
60602,0.0
60612,0.0
60630,0.0
60632,0.0
60635,0.0
60654,0.0
60655,0.0
60670,0.0
60697,0.0
60698,0.0
60705,0.0
60707,0.0
60711,0.0
60722,0.0
60749,0.0
60762,0.0
60767,0.0
60772,0.0
60773,0.0
60777,0.0
60808,0.0
60817,0.0
60836,0.0
60844,0.0
60845,0.0
60852,0.0
60868,0.0
60872,0.0
60875,0.0
60882,0.0
60891,0.0
60909,0.0
60912,0.0
60915,0.0
60923,0.0
60929,0.0
60945,0.0
60950,0.0
60976,0.0
60978,0.0
60989,0.0
61000,0.0
61030,0.0
61035,0.0
61041,0.0
61042,0.0
61048,0.0
61051,0.0
61053,0.0
61062,0.0
61066,0.0
61067,0.0
61069,0.0
61096,0.0
61106,0.0
61107,0.0
61108,0.0
61112,0.0
61115,0.0
61156,0.0
61168,0.0
61186,0.0
61195,0.0
61206,0.0
61208,0.0
61216,0.0
61237,0.0
61245,0.0
61248,0.0
61285,0.0
61305,0.0
61319,0.0
61320,0.0
61323,0.0
61327,0.0
61330,0.0
61340,0.0
61341,0.0
61342,0.0
61349,0.0
61356,0.0
61368,0.0
61374,0.0
61375,0.0
61377,0.0
61379,0.0
61382,0.0
61393,0.0
61405,0.0
61416,0.0
61425,0.0
61432,0.0
61435,0.0
61443,0.0
61449,0.0
61450,0.0
61456,0.0
61468,0.0
61470,0.0
61479,0.0
61487,0.0
61493,0.0
61494,0.0
61495,0.0
61496,0.0
61503,0.0
61507,0.0
61530,0.0
61558,0.0
61567,0.0
61568,0.0
61589,0.0
61616,0.0
61620,0.0
61627,0.0
61638,0.0
61649,0.0
61656,0.0
61657,0.0
61662,0.0
61663,0.0
61667,0.0
61681,0.0
61687,0.0
61688,0.0
61696,0.0
61699,0.0
61701,0.0
61703,0.0
61706,0.0
61709,0.0
61712,0.0
61714,0.0
61718,0.0
61729,0.0
61735,0.0
61736,0.0
61737,0.0
61740,0.0
61744,0.0
61745,0.0
61764,0.0
61775,0.0
61806,0.0
61811,0.0
61815,0.0
61820,0.0
61824,0.0
61834,0.0
61845,0.0
61848,0.0
61853,0.0
61858,0.0
61860,0.0
61887,0.0
61903,0.0
61917,0.0
61923,0.0
61925,0.0
61929,0.0
61932,0.0
61944,0.0
61945,0.0
61961,0.0
61982,0.0
61985,0.0
61991,0.0
61996,0.0
62030,0.0
62038,0.0
62040,0.0
62070,0.0
62073,0.0
62075,0.0
62076,0.0
62078,0.0
62079,0.0
62087,0.0
62089,0.0
62095,0.0
62102,0.0
62103,0.0
62105,0.0
62130,0.0
62134,0.0
62139,0.0
62142,0.0
62156,0.0
62160,0.0
62184,0.0
62204,0.0
62217,0.0
62235,0.0
62250,0.0
62259,0.0
62265,0.0
62268,0.0
62288,0.0
62304,0.0
62317,0.0
62319,0.0
62337,0.0
62345,0.0
62350,0.0
62353,0.0
62357,0.0
62368,0.0
62375,0.0
62385,0.0
62392,0.0
62397,0.0
62399,0.0
62401,0.0
62409,0.0
62420,0.0
62422,0.0
62426,0.0
62430,0.0
62433,0.0
62445,0.0
62446,0.0
62453,0.0
62454,0.0
62466,0.0
62469,0.0
62480,0.0
62490,0.0
62502,0.0
62512,0.0
62524,0.0
62525,0.0
62546,0.0
62554,0.0
62556,0.0
62573,0.0
62577,0.0
62584,0.0
62599,0.0
62616,0.0
62623,0.0
62625,0.0
62641,0.0
62644,0.0
62659,0.0
62674,0.0
62680,0.0
62688,0.0
62696,0.0
62700,0.0
62703,0.0
62705,0.0
62715,0.0
62730,0.0
62742,0.0
62749,0.0
62757,0.0
62758,0.0
62773,0.0
62779,0.0
62785,0.0
62795,0.0
62799,0.0
62800,0.0
62803,0.0
62811,0.0
62812,0.0
62835,0.0
62849,0.0
62862,0.0
62873,0.0
62881,0.0
62887,0.0
62897,0.0
62908,0.0
62917,0.0
62925,0.0
62929,0.0
62946,0.0
62954,0.0
62959,0.0
62962,0.0
62964,0.0
62969,0.0
62975,0.0
62984,0.0
62990,0.0
62996,0.0
63000,0.0
63011,0.0
63022,0.0
63028,0.0
63037,0.0
63045,0.0
63046,0.0
63048,0.0
63055,0.0
63071,0.0
63078,0.0
63085,0.0
63104,0.0
63116,0.0
63118,0.0
63122,0.0
63123,0.0
63131,0.0
63132,0.0
63146,0.0
63147,0.0
63152,0.0
63154,0.0
63167,0.0
63174,0.0
63176,0.0
63185,0.0
63186,0.0
63205,0.0
63209,0.0
63218,0.0
63219,0.0
63222,0.0
63228,0.0
63236,0.0
63255,0.0
63257,0.0
63260,0.0
63267,0.0
63271,0.0
63278,0.0
63280,0.0
63284,0.0
63294,0.0
63298,0.0
63307,0.0
63309,0.0
63319,0.0
63325,0.0
63340,0.0
63346,0.0
63347,0.0
63352,0.0
63353,0.0
63357,0.0
63358,0.0
63362,0.0
63365,0.0
63372,0.0
63380,0.0
63382,0.0
63383,0.0
63409,0.0
63411,0.0
63412,0.0
63440,0.0
63446,0.0
63453,0.0
63459,0.0
63472,0.0
63476,0.0
63482,0.0
63491,0.0
63499,0.0
63520,0.0
63529,0.0
63530,0.0
63532,0.0
63537,0.0
63568,0.0
63570,0.0
63572,0.0
63574,0.0
63580,0.0
63582,0.0
63602,0.0
63605,0.0
63618,0.0
63622,0.0
63627,0.0
63643,0.0
63644,0.0
63647,0.0
63649,0.0
63651,0.0
63665,0.0
63666,0.0
63687,0.0
63704,0.0
63742,0.0
63751,0.0
63758,0.0
63761,0.0
63766,0.0
63772,0.0
63780,0.0
63787,0.0
63790,0.0
63799,0.0
63800,0.0
63804,0.0
63807,0.0
63810,0.0
63824,0.0
63825,0.0
63828,0.0
63831,0.0
63834,0.0
63840,0.0
63858,0.0
63860,0.0
63870,0.0
63874,0.0
63889,0.0
63895,0.0
63909,0.0
63920,0.0
63921,0.0
63939,0.0
63947,0.0
63969,0.0
64010,0.0
64012,0.0
64018,0.0
64040,0.0
64045,0.0
64058,0.0
64060,0.0
64066,0.0
64071,0.0
64072,0.0
64084,0.0
64086,0.0
64094,0.0
64096,0.0
64111,0.0
64112,0.0
64119,0.0
64133,0.0
64147,0.0
64152,0.0
64154,0.0
64159,0.0
64175,0.0
64188,0.0
64189,0.0
64191,0.0
64192,0.0
64197,0.0
64198,0.0
64233,0.0
64242,0.0
64254,0.0
64266,0.0
64271,0.0
64278,0.0
64296,0.0
64302,0.0
64305,0.0
64313,0.0
64314,0.0
64320,0.0
64321,0.0
64326,0.0
64331,0.0
64354,0.0
64368,0.0
64370,0.0
64386,0.0
64396,0.0
64400,0.0
64402,0.0
64407,0.0
64420,0.0
64425,0.0
64428,0.0
64430,0.0
64435,0.0
64439,0.0
64441,0.0
64466,0.0
64475,0.0
64491,0.0
64498,0.0
64502,0.0
64508,0.0
64544,0.0
64554,0.0
64558,0.0
64590,0.0
64597,0.0
64598,0.0
64605,0.0
64606,0.0
64609,0.0
64610,0.0
64615,0.0
64638,0.0
64665,0.0
64666,0.0
64667,0.0
64677,0.0
64683,0.0
64685,0.0
64694,0.0
64733,0.0
64741,0.0
64745,0.0
64751,0.0
64753,0.0
64756,0.0
64783,0.0
64784,0.0
64786,0.0
64787,0.0
64797,0.0
64807,0.0
64813,0.0
64814,0.0
64816,0.0
64818,0.0
64822,0.0
64830,0.0
64835,0.0
64838,0.0
64843,0.0
64844,0.0
64866,0.0
64874,0.0
64878,0.0
64882,0.0
64885,0.0
64906,0.0
64908,0.0
64909,0.0
64911,0.0
64915,0.0
64917,0.0
64920,0.0
64940,0.0
64942,0.0
64949,0.0
64955,0.0
64957,0.0
64958,0.0
65019,0.0
65033,0.0
65044,0.0
65051,0.0
65056,0.0
65072,0.0
65077,0.0
65090,0.0
65091,0.0
65096,0.0
65105,0.0
65112,0.0
65126,0.0
65130,0.0
65144,0.0
65155,0.0
65156,0.0
65159,0.0
65161,0.0
65170,0.0
65171,0.0
65175,0.0
65180,0.0
65182,0.0
65185,0.0
65201,0.0
65205,0.0
65215,0.0
65260,0.0
65277,0.0
65287,0.0
65288,0.0
65290,0.0
65294,0.0
65295,0.0
65297,0.0
65300,0.0
65304,0.0
65305,0.0
65316,0.0
65317,0.0
65321,0.0
65323,0.0
65331,0.0
65373,0.0
65375,0.0
65380,0.0
65394,0.0
65397,0.0
65401,0.0
65431,0.0
65437,0.0
65439,0.0
65469,0.0
65473,0.0
65489,0.0
65503,0.0
65518,0.0
65527,0.0
65529,0.0
65541,0.0
65542,0.0
65543,0.0
65568,0.0
65569,0.0
65587,0.0
65596,0.0
65605,0.0
65609,0.0
65615,0.0
65617,0.0
65618,0.0
65624,0.0
65630,0.0
65670,0.0
65691,0.0
65737,0.0
65742,0.0
65743,0.0
65747,0.0
65751,0.0
65759,0.0
65776,0.0
65783,0.0
65785,0.0
65790,0.0
65804,0.0
65814,0.0
65832,0.0
65835,0.0
65839,0.0
65840,0.0
65847,0.0
65848,0.0
65852,0.0
65862,0.0
65896,0.0
65907,0.0
65910,0.0
65940,0.0
65949,0.0
65959,0.0
65962,0.0
65966,0.0
65967,0.0
65974,0.0
65978,0.0
65979,0.0
65981,0.0
65998,0.0
66008,0.0
66013,0.0
66023,0.0
66025,0.0
66041,0.0
66042,0.0
66043,0.0
66048,0.0
66049,0.0
66055,0.0
66067,0.0
66080,0.0
66085,0.0
66088,0.0
66128,0.0
66132,0.0
66140,0.0
66145,0.0
66155,0.0
66159,0.0
66176,0.0
66178,0.0
66179,0.0
66180,0.0
66200,0.0
66220,0.0
66257,0.0
66259,0.0
66263,0.0
66270,0.0
66273,0.0
66275,0.0
66279,0.0
66282,0.0
66283,0.0
66292,0.0
66298,0.0
66300,0.0
66303,0.0
66313,0.0
66317,0.0
66322,0.0
66331,0.0
66338,0.0
66346,0.0
66350,0.0
66362,0.0
66395,0.0
66399,0.0
66406,0.0
66411,0.0
66427,0.0
66429,0.0
66435,0.0
66443,0.0
66463,0.0
66464,0.0
66474,0.0
66480,0.0
66490,0.0
66499,0.0
66527,0.0
66533,0.0
66547,0.0
66558,0.0
66560,0.0
66565,0.0
66574,0.0
66579,0.0
66599,0.0
66603,0.0
66606,0.0
66608,0.0
66613,0.0
66617,0.0
66620,0.0
66637,0.0
66649,0.0
66650,0.0
66670,0.0
66677,0.0
66716,0.0
66719,0.0
66721,0.0
66731,0.0
66736,0.0
66738,0.0
66741,0.0
66763,0.0
66769,0.0
66803,0.0
66808,0.0
66810,0.0
66819,0.0
66825,0.0
66827,0.0
66834,0.0
66836,0.0
66837,0.0
66844,0.0
66845,0.0
66861,0.0
66871,0.0
66873,0.0
66875,0.0
66878,0.0
66881,0.0
66884,0.0
66890,0.0
66892,0.0
66901,0.0
66919,0.0
66943,0.0
66950,0.0
66953,0.0
66967,0.0
66986,0.0
66998,0.0
67011,0.0
67015,0.0
67022,0.0
67025,0.0
67033,0.0
67036,0.0
67053,0.0
67064,0.0
67068,0.0
67073,0.0
67075,0.0
67078,0.0
67092,0.0
67099,0.0
67113,0.0
67117,0.0
67130,0.0
67131,0.0
67134,0.0
67145,0.0
67149,0.0
67155,0.0
67161,0.0
67167,0.0
67185,0.0
67196,0.0
67199,0.0
67221,0.0
67226,0.0
67246,0.0
67256,0.0
67269,0.0
67282,0.0
67283,0.0
67291,0.0
67296,0.0
67308,0.0
67320,0.0
67325,0.0
67334,0.0
67340,0.0
67352,0.0
67374,0.0
67385,0.0
67392,0.0
67400,0.0
67404,0.0
67407,0.0
67414,0.0
67430,0.0
67434,0.0
67440,0.0
67443,0.0
67444,0.0
67460,0.0
67477,0.0
67493,0.0
67510,0.0
67513,0.0
67515,0.0
67527,0.0
67544,0.0
67546,0.0
67563,0.0
67569,0.0
67571,0.0
67581,0.0
67588,0.0
67602,0.0
67618,0.0
67628,0.0
67636,0.0
67644,0.0
67652,0.0
67655,0.0
67657,0.0
67666,0.0
67683,0.0
67697,0.0
67698,0.0
67705,0.0
67709,0.0
67713,0.0
67720,0.0
67735,0.0
67743,0.0
67748,0.0
67749,0.0
67750,0.0
67757,0.0
67770,0.0
67772,0.0
67773,0.0
67777,0.0
67789,0.0
67793,0.0
67800,0.0
67808,0.0
67815,0.0
67830,0.0
67840,0.0
67843,0.0
67854,0.0
67855,0.0
67866,0.0
67871,0.0
67881,0.0
67902,0.0
67922,0.0
67942,0.0
67961,0.0
67995,0.0
67996,0.0
67998,0.0
67999,0.0
68004,0.0
68009,0.0
68013,0.0
68024,0.0
68027,0.0
68049,0.0
68054,0.0
68063,0.0
68077,0.0
68081,0.0
68088,0.0
68101,0.0
68111,0.0
68131,0.0
68164,0.0
68168,0.0
68182,0.0
68183,0.0
68195,0.0
68206,0.0
68214,0.0
68215,0.0
68228,0.0
68229,0.0
68233,0.0
68235,0.0
68247,0.0
68254,0.0
68260,0.0
68261,0.0
68264,0.0
68266,0.0
68286,0.0
68293,0.0
68296,0.0
68324,0.0
68341,0.0
68344,0.0
68358,0.0
68360,0.0
68369,0.0
68378,0.0
68403,0.0
68408,0.0
68425,0.0
68426,0.0
68427,0.0
68429,0.0
68431,0.0
68445,0.0
68450,0.0
68468,0.0
68469,0.0
68486,0.0
68490,0.0
68501,0.0
68507,0.0
68545,0.0
68552,0.0
68558,0.0
68562,0.0
68563,0.0
68570,0.0
68575,0.0
68582,0.0
68599,0.0
68603,0.0
68617,0.0
68622,0.0
68634,0.0
68644,0.0
68646,0.0
68648,0.0
68659,0.0
68666,0.0
68672,0.0
68681,0.0
68687,0.0
68707,0.0
68721,0.0
68760,0.0
68763,0.0
68781,0.0
68787,0.0
68788,0.0
68796,0.0
68799,0.0
68800,0.0
68807,0.0
68809,0.0
68810,0.0
68820,0.0
68841,0.0
68844,0.0
68871,0.0
68887,0.0
68890,0.0
68895,0.0
68934,0.0
68946,0.0
68956,0.0
68961,0.0
68969,0.0
68980,0.0
69021,0.0
69028,0.0
69029,0.0
69037,0.0
69038,0.0
69040,0.0
69048,0.0
69049,0.0
69064,0.0
69065,0.0
69072,0.0
69080,0.0
69082,0.0
69094,0.0
69105,0.0
69114,0.0
69124,0.0
69138,0.0
69145,0.0
69164,0.0
69176,0.0
69185,0.0
69188,0.0
69189,0.0
69192,0.0
69198,0.0
69248,0.0
69262,0.0
69263,0.0
69282,0.0
69304,0.0
69313,0.0
69331,0.0
69338,0.0
69340,0.0
69345,0.0
69357,0.0
69378,0.0
69386,0.0
69392,0.0
69400,0.0
69405,0.0
69407,0.0
69431,0.0
69439,0.0
69463,0.0
69470,0.0
69475,0.0
69482,0.0
69494,0.0
69498,0.0
69508,0.0
69520,0.0
69538,0.0
69543,0.0
69545,0.0
69561,0.0
69567,0.0
69582,0.0
69584,0.0
69594,0.0
69596,0.0
69612,0.0
69614,0.0
69624,0.0
69626,0.0
69631,0.0
69654,0.0
69662,0.0
69664,0.0
69683,0.0
69686,0.0
69687,0.0
69695,0.0
69696,0.0
69699,0.0
69710,0.0
69711,0.0
69732,0.0
69736,0.0
69744,0.0
69756,0.0
69767,0.0
69768,0.0
69770,0.0
69774,0.0
69782,0.0
69791,0.0
69793,0.0
69807,0.0
69808,0.0
69810,0.0
69825,0.0
69841,0.0
69843,0.0
69850,0.0
69855,0.0
69856,0.0
69873,0.0
69897,0.0
69912,0.0
69932,0.0
69935,0.0
69942,0.0
69946,0.0
69956,0.0
69963,0.0
69965,0.0
69969,0.0
69983,0.0
69986,0.0
69988,0.0
70008,0.0
70023,0.0
70025,0.0
70033,0.0
70035,0.0
70041,0.0
70047,0.0
70049,0.0
70062,0.0
70066,0.0
70083,0.0
70092,0.0
70097,0.0
70106,0.0
70107,0.0
70143,0.0
70173,0.0
70174,0.0
70178,0.0
70201,0.0
70203,0.0
70213,0.0
70228,0.0
70230,0.0
70231,0.0
70246,0.0
70261,0.0
70263,0.0
70268,0.0
70269,0.0
70275,0.0
70277,0.0
70280,0.0
70282,0.0
70290,0.0
70298,0.0
70303,0.0
70309,0.0
70320,0.0
70324,0.0
70340,0.0
70342,0.0
70346,0.0
70357,0.0
70372,0.0
70376,0.0
70379,0.0
70383,0.0
70386,0.0
70394,0.0
70395,0.0
70401,0.0
70406,0.0
70415,0.0
70423,0.0
70428,0.0
70434,0.0
70442,0.0
70446,0.0
70449,0.0
70453,0.0
70456,0.0
70463,0.0
70468,0.0
70494,0.0
70505,0.0
70506,0.0
70508,0.0
70509,0.0
70528,0.0
70535,0.0
70539,0.0
70544,0.0
70550,0.0
70551,0.0
70576,0.0
70592,0.0
70608,0.0
70620,0.0
70634,0.0
70636,0.0
70646,0.0
70659,0.0
70662,0.0
70663,0.0
70664,0.0
70666,0.0
70676,0.0
70682,0.0
70688,0.0
70689,0.0
70704,0.0
70714,0.0
70721,0.0
70727,0.0
70728,0.0
70738,0.0
70740,0.0
70747,0.0
70752,0.0
70755,0.0
70756,0.0
70768,0.0
70770,0.0
70777,0.0
70786,0.0
70787,0.0
70804,0.0
70816,0.0
70837,0.0
70843,0.0
70854,0.0
70863,0.0
70871,0.0
70877,0.0
70883,0.0
70887,0.0
70921,0.0
70923,0.0
70927,0.0
70935,0.0
70936,0.0
70945,0.0
70956,0.0
70959,0.0
70962,0.0
70969,0.0
70998,0.0
71001,0.0
71002,0.0
71003,0.0
71006,0.0
71008,0.0
71010,0.0
71016,0.0
71018,0.0
71026,0.0
71035,0.0
71038,0.0
71074,0.0
71085,0.0
71088,0.0
71090,0.0
71093,0.0
71099,0.0
71101,0.0
71109,0.0
71116,0.0
71117,0.0
71121,0.0
71131,0.0
71136,0.0
71151,0.0
71162,0.0
71184,0.0
71189,0.0
71198,0.0
71203,0.0
71205,0.0
71206,0.0
71208,0.0
71211,0.0
71229,0.0
71236,0.0
71247,0.0
71257,0.0
71261,0.0
71264,0.0
71267,0.0
71285,0.0
71289,0.0
71314,0.0
71322,0.0
71332,0.0
71340,0.0
71357,0.0
71360,0.0
71369,0.0
71372,0.0
71377,0.0
71384,0.0
71402,0.0
71416,0.0
71436,0.0
71442,0.0
71443,0.0
71444,0.0
71445,0.0
71448,0.0
71449,0.0
71453,0.0
71459,0.0
71482,0.0
71493,0.0
71513,0.0
71515,0.0
71519,0.0
71526,0.0
71533,0.0
71545,0.0
71568,0.0
71569,0.0
71576,0.0
71584,0.0
71586,0.0
71605,0.0
71611,0.0
71614,0.0
71621,0.0
71625,0.0
71629,0.0
71639,0.0
71644,0.0
71658,0.0
71671,0.0
71674,0.0
71680,0.0
71683,0.0
71688,0.0
71691,0.0
71693,0.0
71699,0.0
71721,0.0
71735,0.0
71752,0.0
71757,0.0
71761,0.0
71767,0.0
71774,0.0
71781,0.0
71789,0.0
71795,0.0
71796,0.0
71801,0.0
71803,0.0
71810,0.0
71813,0.0
71822,0.0
71825,0.0
71836,0.0
71845,0.0
71858,0.0
71871,0.0
71876,0.0
71904,0.0
71905,0.0
71908,0.0
71928,0.0
71932,0.0
71956,0.0
71974,0.0
71975,0.0
71980,0.0
71982,0.0
71988,0.0
71990,0.0
71992,0.0
71995,0.0
71997,0.0
71999,0.0
72008,0.0
72033,0.0
72041,0.0
72045,0.0
72064,0.0
72067,0.0
72073,0.0
72082,0.0
72085,0.0
72087,0.0
72092,0.0
72094,0.0
72098,0.0
72100,0.0
72101,0.0
72102,0.0
72129,0.0
72144,0.0
72153,0.0
72161,0.0
72177,0.0
72179,0.0
72181,0.0
72191,0.0
72193,0.0
72194,0.0
72198,0.0
72254,0.0
72264,0.0
72266,0.0
72276,0.0
72284,0.0
72289,0.0
72299,0.0
72305,0.0
72306,0.0
72315,0.0
72325,0.0
72341,0.0
72342,0.0
72343,0.0
72358,0.0
72368,0.0
72379,0.0
72401,0.0
72421,0.0
72426,0.0
72455,0.0
72465,0.0
72470,0.0
72480,0.0
72482,0.0
72490,0.0
72506,0.0
72512,0.0
72517,0.0
72525,0.0
72528,0.0
72533,0.0
72538,0.0
72539,0.0
72541,0.0
72547,0.0
72590,0.0
72596,0.0
72608,0.0
72618,0.0
72624,0.0
72625,0.0
72659,0.0
72676,0.0
72684,0.0
72686,0.0
72689,0.0
72694,0.0
72703,0.0
72715,0.0
72718,0.0
72731,0.0
72732,0.0
72734,0.0
72751,0.0
72757,0.0
72758,0.0
72762,0.0
72770,0.0
72803,0.0
72804,0.0
72806,0.0
72827,0.0
72832,0.0
72838,0.0
72850,0.0
72856,0.0
72863,0.0
72869,0.0
72880,0.0
72904,0.0
72910,0.0
72927,0.0
72929,0.0
72936,0.0
72945,0.0
72948,0.0
72952,0.0
72956,0.0
72971,0.0
72977,0.0
72983,0.0
72984,0.0
72991,0.0
72992,0.0
72994,0.0
73012,0.0
73044,0.0
73063,0.0
73068,0.0
73074,0.0
73076,0.0
73078,0.0
73081,0.0
73090,0.0
73091,0.0
73112,0.0
73115,0.0
73117,0.0
73121,0.0
73127,0.0
73133,0.0
73140,0.0
73150,0.0
73152,0.0
73157,0.0
73160,0.0
73175,0.0
73182,0.0
73187,0.0
73191,0.0
73192,0.0
73193,0.0
73213,0.0
73234,0.0
73238,0.0
73239,0.0
73246,0.0
73251,0.0
73257,0.0
73264,0.0
73268,0.0
73270,0.0
73272,0.0
73293,0.0
73307,0.0
73318,0.0
73325,0.0
73335,0.0
73348,0.0
73352,0.0
73364,0.0
73365,0.0
73366,0.0
73372,0.0
73377,0.0
73384,0.0
73396,0.0
73411,0.0
73414,0.0
73424,0.0
73436,0.0
73437,0.0
73456,0.0
73462,0.0
73463,0.0
73464,0.0
73482,0.0
73489,0.0
73493,0.0
73506,0.0
73508,0.0
73514,0.0
73552,0.0
73564,0.0
73569,0.0
73589,0.0
73594,0.0
73600,0.0
73607,0.0
73611,0.0
73615,0.0
73628,0.0
73652,0.0
73665,0.0
73669,0.0
73671,0.0
73672,0.0
73681,0.0
73682,0.0
73690,0.0
73698,0.0
73700,0.0
73710,0.0
73717,0.0
73718,0.0
73721,0.0
73733,0.0
73750,0.0
73767,0.0
73778,0.0
73780,0.0
73787,0.0
73789,0.0
73793,0.0
73800,0.0
73825,0.0
73827,0.0
73853,0.0
73857,0.0
73860,0.0
73869,0.0
73878,0.0
73879,0.0
73882,0.0
73894,0.0
73898,0.0
73902,0.0
73915,0.0
73936,0.0
73945,0.0
73948,0.0
73953,0.0
73956,0.0
73964,0.0
73967,0.0
73984,0.0
73990,0.0
74000,0.0
74008,0.0
74017,0.0
74019,0.0
74021,0.0
74027,0.0
74033,0.0
74036,0.0
74037,0.0
74038,0.0
74048,0.0
74054,0.0
74063,0.0
74072,0.0
74094,0.0
74096,0.0
74100,0.0
74109,0.0
74114,0.0
74115,0.0
74122,0.0
74125,0.0
74128,0.0
74132,0.0
74142,0.0
74145,0.0
74151,0.0
74175,0.0
74188,0.0
74198,0.0
74204,0.0
74212,0.0
74222,0.0
74229,0.0
74241,0.0
74251,0.0
74254,0.0
74273,0.0
74277,0.0
74278,0.0
74279,0.0
74286,0.0
74289,0.0
74291,0.0
74295,0.0
74305,0.0
74313,0.0
74337,0.0
74343,0.0
74347,0.0
74348,0.0
74356,0.0
74363,0.0
74365,0.0
74366,0.0
74388,0.0
74391,0.0
74400,0.0
74403,0.0
74420,0.0
74421,0.0
74433,0.0
74434,0.0
74437,0.0
74449,0.0
74463,0.0
74471,0.0
74473,0.0
74476,0.0
74478,0.0
74490,0.0
74500,0.0
74521,0.0
74524,0.0
74542,0.0
74546,0.0
74547,0.0
74549,0.0
74569,0.0
74570,0.0
74571,0.0
74573,0.0
74577,0.0
74579,0.0
74592,0.0
74596,0.0
74597,0.0
74604,0.0
74613,0.0
74614,0.0
74616,0.0
74639,0.0
74644,0.0
74647,0.0
74654,0.0
74662,0.0
74674,0.0
74680,0.0
74682,0.0
74705,0.0
74707,0.0
74709,0.0
74716,0.0
74721,0.0
74723,0.0
74730,0.0
74740,0.0
74742,0.0
74751,0.0
74756,0.0
74757,0.0
74758,0.0
74765,0.0
74778,0.0
74779,0.0
74789,0.0
74803,0.0
74814,0.0
74827,0.0
74846,0.0
74858,0.0
74878,0.0
74879,0.0
74882,0.0
74884,0.0
74891,0.0
74893,0.0
74902,0.0
74904,0.0
74912,0.0
74917,0.0
74919,0.0
74937,0.0
74943,0.0
74951,0.0
74962,0.0
74963,0.0
74967,0.0
74991,0.0
75000,0.0
75010,0.0
75012,0.0
75021,0.0
75025,0.0
75026,0.0
75039,0.0
75041,0.0
75055,0.0
75057,0.0
75068,0.0
75069,0.0
75076,0.0
75079,0.0
75099,0.0
75105,0.0
75126,0.0
75127,0.0
75128,0.0
75141,0.0
75148,0.0
75153,0.0
75157,0.0
75161,0.0
75164,0.0
75169,0.0
75194,0.0
75195,0.0
75210,0.0
75222,0.0
75258,0.0
75293,0.0
75294,0.0
75299,0.0
75301,0.0
75304,0.0
75307,0.0
75309,0.0
75327,0.0
75361,0.0
75362,0.0
75381,0.0
75391,0.0
75400,0.0
75429,0.0
75436,0.0
75438,0.0
75440,0.0
75448,0.0
75449,0.0
75456,0.0
75469,0.0
75472,0.0
75478,0.0
75483,0.0
75503,0.0
75506,0.0
75511,0.0
75512,0.0
75532,0.0
75536,0.0
75539,0.0
75540,0.0
75541,0.0
75559,0.0
75560,0.0
75562,0.0
75564,0.0
75568,0.0
75570,0.0
75573,0.0
75580,0.0
75585,0.0
75588,0.0
75601,0.0
75606,0.0
75618,0.0
75627,0.0
75642,0.0
75644,0.0
75647,0.0
75663,0.0
75668,0.0
75669,0.0
75676,0.0
75678,0.0
75691,0.0
75697,0.0
75719,0.0
75723,0.0
75727,0.0
75744,0.0
75761,0.0
75764,0.0
75765,0.0
75770,0.0
75773,0.0
75779,0.0
75781,0.0
75804,0.0
75810,0.0
75812,0.0
75818,0.0
75825,0.0
75827,0.0
75839,0.0
75841,0.0
75865,0.0
75867,0.0
75897,0.0
75902,0.0
75903,0.0
75905,0.0
75918,0.0
75929,0.0
75935,0.0
75936,0.0
75939,0.0
75955,0.0
75956,0.0
75966,0.0
75979,0.0
75986,0.0
76008,0.0
76010,0.0
76022,0.0
76030,0.0
76032,0.0
76035,0.0
76040,0.0
76044,0.0
76047,0.0
76055,0.0
76062,0.0
76069,0.0
76078,0.0
76080,0.0
76082,0.0
76089,0.0
76099,0.0
76102,0.0
76122,0.0
76124,0.0
76125,0.0
76129,0.0
76134,0.0
76138,0.0
76141,0.0
76145,0.0
76155,0.0
76160,0.0
76169,0.0
76207,0.0
76211,0.0
76213,0.0
76222,0.0
76230,0.0
76268,0.0
76269,0.0
76279,0.0
76281,0.0
76292,0.0
76302,0.0
76308,0.0
76315,0.0
76317,0.0
76318,0.0
76326,0.0
76348,0.0
76352,0.0
76355,0.0
76361,0.0
76363,0.0
76380,0.0
76383,0.0
76390,0.0
76391,0.0
76401,0.0
76411,0.0
76417,0.0
76426,0.0
76435,0.0
76437,0.0
76440,0.0
76451,0.0
76454,0.0
76458,0.0
76461,0.0
76462,0.0
76465,0.0
76473,0.0
76476,0.0
76480,0.0
76481,0.0
76502,0.0
76510,0.0
76522,0.0
76527,0.0
76530,0.0
76537,0.0
76540,0.0
76544,0.0
76548,0.0
76555,0.0
76557,0.0
76562,0.0
76575,0.0
76585,0.0
76604,0.0
76625,0.0
76626,0.0
76630,0.0
76633,0.0
76647,0.0
76652,0.0
76657,0.0
76675,0.0
76697,0.0
76699,0.0
76729,0.0
76731,0.0
76737,0.0
76743,0.0
76761,0.0
76763,0.0
76765,0.0
76771,0.0
76780,0.0
76788,0.0
76811,0.0
76842,0.0
76846,0.0
76850,0.0
76853,0.0
76857,0.0
76859,0.0
76866,0.0
76869,0.0
76870,0.0
76871,0.0
76874,0.0
76879,0.0
76893,0.0
76908,0.0
76910,0.0
76917,0.0
76941,0.0
76947,0.0
76952,0.0
76954,0.0
76988,0.0
76994,0.0
76995,0.0
76997,0.0
77004,0.0
77007,0.0
77008,0.0
77018,0.0
77035,0.0
77040,0.0
77046,0.0
77052,0.0
77056,0.0
77058,0.0
77066,0.0
77077,0.0
77079,0.0
77100,0.0
77104,0.0
77144,0.0
77147,0.0
77150,0.0
77156,0.0
77158,0.0
77159,0.0
77170,0.0
77173,0.0
77175,0.0
77182,0.0
77191,0.0
77193,0.0
77195,0.0
77205,0.0
77210,0.0
77216,0.0
77219,0.0
77220,0.0
77230,0.0
77233,0.0
77236,0.0
77240,0.0
77246,0.0
77247,0.0
77257,0.0
77277,0.0
77282,0.0
77287,0.0
77295,0.0
77297,0.0
77320,0.0
77337,0.0
77340,0.0
77364,0.0
77365,0.0
77372,0.0
77376,0.0
77381,0.0
77382,0.0
77387,0.0
77391,0.0
77396,0.0
77398,0.0
77401,0.0
77405,0.0
77418,0.0
77423,0.0
77431,0.0
77433,0.0
77452,0.0
77463,0.0
77478,0.0
77484,0.0
77485,0.0
77487,0.0
77490,0.0
77491,0.0
77512,0.0
77514,0.0
77521,0.0
77534,0.0
77541,0.0
77549,0.0
77551,0.0
77560,0.0
77562,0.0
77563,0.0
77574,0.0
77579,0.0
77581,0.0
77587,0.0
77588,0.0
77589,0.0
77591,0.0
77605,0.0
77626,0.0
77630,0.0
77636,0.0
77643,0.0
77656,0.0
77663,0.0
77676,0.0
77696,0.0
77706,0.0
77711,0.0
77718,0.0
77719,0.0
77734,0.0
77739,0.0
77740,0.0
77746,0.0
77812,0.0
77815,0.0
77820,0.0
77821,0.0
77840,0.0
77884,0.0
77896,0.0
77913,0.0
77918,0.0
77930,0.0
77934,0.0
77935,0.0
77936,0.0
77943,0.0
77948,0.0
77952,0.0
77968,0.0
77975,0.0
77977,0.0
77999,0.0
78000,0.0
78012,0.0
78018,0.0
78029,0.0
78032,0.0
78037,0.0
78040,0.0
78052,0.0
78055,0.0
78069,0.0
78081,0.0
78087,0.0
78093,0.0
78095,0.0
78104,0.0
78109,0.0
78110,0.0
78123,0.0
78137,0.0
78146,0.0
78154,0.0
78162,0.0
78167,0.0
78173,0.0
78175,0.0
78178,0.0
78185,0.0
78188,0.0
78199,0.0
78208,0.0
78217,0.0
78231,0.0
78247,0.0
78250,0.0
78252,0.0
78259,0.0
78275,0.0
78280,0.0
78289,0.0
78291,0.0
78295,0.0
78303,0.0
78306,0.0
78308,0.0
78309,0.0
78315,0.0
78326,0.0
78356,0.0
78362,0.0
78391,0.0
78392,0.0
78394,0.0
78397,0.0
78411,0.0
78419,0.0
78420,0.0
78433,0.0
78447,0.0
78448,0.0
78450,0.0
78453,0.0
78455,0.0
78458,0.0
78474,0.0
78488,0.0
78495,0.0
78501,0.0
78511,0.0
78516,0.0
78529,0.0
78542,0.0
78555,0.0
78561,0.0
78564,0.0
78567,0.0
78579,0.0
78602,0.0
78617,0.0
78665,0.0
78675,0.0
78681,0.0
78696,0.0
78711,0.0
78713,0.0
78728,0.0
78739,0.0
78740,0.0
78755,0.0
78766,0.0
78773,0.0
78778,0.0
78781,0.0
78784,0.0
78789,0.0
78801,0.0
78802,0.0
78809,0.0
78810,0.0
78829,0.0
78831,0.0
78842,0.0
78845,0.0
78851,0.0
78853,0.0
78875,0.0
78876,0.0
78882,0.0
78898,0.0
78902,0.0
78917,0.0
78923,0.0
78931,0.0
78948,0.0
78951,0.0
78959,0.0
78978,0.0
78990,0.0
78991,0.0
78993,0.0
78997,0.0
78998,0.0
79005,0.0
79011,0.0
79013,0.0
79034,0.0
79044,0.0
79049,0.0
79064,0.0
79066,0.0
79089,0.0
79130,0.0
79135,0.0
79140,0.0
79146,0.0
79147,0.0
79159,0.0
79166,0.0
79176,0.0
79177,0.0
79181,0.0
79192,0.0
79197,0.0
79208,0.0
79214,0.0
79215,0.0
79219,0.0
79237,0.0
79251,0.0
79260,0.0
79261,0.0
79290,0.0
79292,0.0
79297,0.0
79301,0.0
79333,0.0
79344,0.0
79347,0.0
79353,0.0
79357,0.0
79366,0.0
79374,0.0
79386,0.0
79390,0.0
79393,0.0
79394,0.0
79401,0.0
79405,0.0
79419,0.0
79425,0.0
79432,0.0
79433,0.0
79437,0.0
79442,0.0
79460,0.0
79462,0.0
79469,0.0
79473,0.0
79474,0.0
79477,0.0
79479,0.0
79484,0.0
79494,0.0
79499,0.0
79516,0.0
79520,0.0
79521,0.0
79531,0.0
79537,0.0
79565,0.0
79578,0.0
79579,0.0
79585,0.0
79587,0.0
79589,0.0
79594,0.0
79599,0.0
79608,0.0
79629,0.0
79630,0.0
79636,0.0
79639,0.0
79643,0.0
79652,0.0
79661,0.0
79675,0.0
79684,0.0
79687,0.0
79699,0.0
79700,0.0
79713,0.0
79725,0.0
79766,0.0
79768,0.0
79778,0.0
79783,0.0
79790,0.0
79809,0.0
79820,0.0
79825,0.0
79828,0.0
79833,0.0
79847,0.0
79870,0.0
79871,0.0
79877,0.0
79881,0.0
79886,0.0
79892,0.0
79895,0.0
79902,0.0
79911,0.0
79913,0.0
79925,0.0
79927,0.0
79928,0.0
79938,0.0
79945,0.0
79961,0.0
79967,0.0
79971,0.0
79984,0.0
79986,0.0
79989,0.0
79993,0.0
80006,0.0
80007,0.0
80015,0.0
80020,0.0
80024,0.0
80034,0.0
80043,0.0
80048,0.0
80053,0.0
80057,0.0
80061,0.0
80065,0.0
80078,0.0
80081,0.0
80087,0.0
80092,0.0
80095,0.0
80099,0.0
80101,0.0
80103,0.0
80119,0.0
80127,0.0
80140,0.0
80145,0.0
80155,0.0
80163,0.0
80166,0.0
80177,0.0
80185,0.0
80191,0.0
80196,0.0
80207,0.0
80212,0.0
80219,0.0
80220,0.0
80232,0.0
80240,0.0
80243,0.0
80252,0.0
80260,0.0
80276,0.0
80285,0.0
80290,0.0
80294,0.0
80299,0.0
80322,0.0
80334,0.0
80337,0.0
80352,0.0
80366,0.0
80375,0.0
80376,0.0
80377,0.0
80386,0.0
80387,0.0
80391,0.0
80396,0.0
80397,0.0
80406,0.0
80408,0.0
80417,0.0
80425,0.0
80426,0.0
80436,0.0
80439,0.0
80442,0.0
80449,0.0
80459,0.0
80460,0.0
80465,0.0
80470,0.0
80487,0.0
80488,0.0
80494,0.0
80501,0.0
80514,0.0
80528,0.0
80533,0.0
80537,0.0
80539,0.0
80558,0.0
80569,0.0
80572,0.0
80590,0.0
80593,0.0
80598,0.0
80625,0.0
80634,0.0
80640,0.0
80644,0.0
80651,0.0
80655,0.0
80662,0.0
80668,0.0
80671,0.0
80675,0.0
80677,0.0
80693,0.0
80694,0.0
80730,0.0
80731,0.0
80734,0.0
80735,0.0
80743,0.0
80746,0.0
80755,0.0
80759,0.0
80762,0.0
80771,0.0
80778,0.0
80788,0.0
80799,0.0
80828,0.0
80833,0.0
80844,0.0
80846,0.0
80853,0.0
80870,0.0
80874,0.0
80880,0.0
80884,0.0
80885,0.0
80886,0.0
80888,0.0
80889,0.0
80898,0.0
80902,0.0
80903,0.0
80910,0.0
80914,0.0
80920,0.0
80923,0.0
80928,0.0
80932,0.0
80946,0.0
80947,0.0
80951,0.0
80952,0.0
80954,0.0
80960,0.0
80961,0.0
80994,0.0
81000,0.0
81002,0.0
81006,0.0
81014,0.0
81024,0.0
81025,0.0
81037,0.0
81041,0.0
81044,0.0
81045,0.0
81052,0.0
81054,0.0
81057,0.0
81060,0.0
81087,0.0
81093,0.0
81099,0.0
81117,0.0
81120,0.0
81126,0.0
81136,0.0
81144,0.0
81147,0.0
81180,0.0
81194,0.0
81207,0.0
81212,0.0
81218,0.0
81228,0.0
81230,0.0
81235,0.0
81257,0.0
81263,0.0
81266,0.0
81268,0.0
81272,0.0
81293,0.0
81310,0.0
81324,0.0
81336,0.0
81338,0.0
81343,0.0
81345,0.0
81351,0.0
81372,0.0
81374,0.0
81377,0.0
81380,0.0
81387,0.0
81389,0.0
81412,0.0
81418,0.0
81427,0.0
81430,0.0
81437,0.0
81440,0.0
81455,0.0
81459,0.0
81460,0.0
81462,0.0
81468,0.0
81469,0.0
81474,0.0
81476,0.0
81487,0.0
81493,0.0
81497,0.0
81505,0.0
81507,0.0
81510,0.0
81521,0.0
81523,0.0
81525,0.0
81542,0.0
81556,0.0
81575,0.0
81578,0.0
81581,0.0
81589,0.0
81596,0.0
81597,0.0
81601,0.0
81605,0.0
81608,0.0
81618,0.0
81627,0.0
81628,0.0
81640,0.0
81646,0.0
81652,0.0
81661,0.0
81674,0.0
81677,0.0
81685,0.0
81688,0.0
81701,0.0
81712,0.0
81718,0.0
81723,0.0
81734,0.0
81740,0.0
81747,0.0
81771,0.0
81775,0.0
81805,0.0
81809,0.0
81811,0.0
81820,0.0
81823,0.0
81824,0.0
81833,0.0
81842,0.0
81854,0.0
81860,0.0
81882,0.0
81888,0.0
81908,0.0
81921,0.0
81936,0.0
81938,0.0
81940,0.0
81944,0.0
81946,0.0
81951,0.0
81960,0.0
81977,0.0
81995,0.0
82034,0.0
82042,0.0
82055,0.0
82057,0.0
82062,0.0
82067,0.0
82082,0.0
82092,0.0
82101,0.0
82103,0.0
82104,0.0
82132,0.0
82134,0.0
82148,0.0
82154,0.0
82172,0.0
82199,0.0
82211,0.0
82215,0.0
82216,0.0
82220,0.0
82228,0.0
82230,0.0
82253,0.0
82267,0.0
82273,0.0
82304,0.0
82335,0.0
82337,0.0
82348,0.0
82352,0.0
82367,0.0
82389,0.0
82390,0.0
82400,0.0
82401,0.0
82403,0.0
82409,0.0
82414,0.0
82418,0.0
82438,0.0
82444,0.0
82449,0.0
82461,0.0
82466,0.0
82475,0.0
82477,0.0
82479,0.0
82480,0.0
82504,0.0
82506,0.0
82519,0.0
82521,0.0
82530,0.0
82539,0.0
82547,0.0
82552,0.0
82565,0.0
82571,0.0
82581,0.0
82607,0.0
82627,0.0
82632,0.0
82634,0.0
82648,0.0
82666,0.0
82670,0.0
82681,0.0
82682,0.0
82687,0.0
82690,0.0
82699,0.0
82707,0.0
82714,0.0
82739,0.0
82740,0.0
82745,0.0
82748,0.0
82764,0.0
82774,0.0
82783,0.0
82784,0.0
82803,0.0
82807,0.0
82825,0.0
82835,0.0
82837,0.0
82844,0.0
82849,0.0
82853,0.0
82855,0.0
82860,0.0
82862,0.0
82866,0.0
82871,0.0
82895,0.0
82897,0.0
82904,0.0
82907,0.0
82908,0.0
82922,0.0
82927,0.0
82958,0.0
82964,0.0
82968,0.0
82976,0.0
82978,0.0
82981,0.0
82992,0.0
83001,0.0
83003,0.0
83004,0.0
83006,0.0
83019,0.0
83025,0.0
83026,0.0
83031,0.0
83043,0.0
83052,0.0
83060,0.0
83063,0.0
83085,0.0
83090,0.0
83110,0.0
83120,0.0
83122,0.0
83126,0.0
83137,0.0
83148,0.0
83159,0.0
83169,0.0
83173,0.0
83176,0.0
83179,0.0
83187,0.0
83189,0.0
83218,0.0
83220,0.0
83223,0.0
83224,0.0
83231,0.0
83237,0.0
83238,0.0
83248,0.0
83256,0.0
83275,0.0
83279,0.0
83286,0.0
83290,0.0
83320,0.0
83322,0.0
83331,0.0
83334,0.0
83338,0.0
83349,0.0
83358,0.0
83359,0.0
83364,0.0
83382,0.0
83395,0.0
83439,0.0
83445,0.0
83462,0.0
83474,0.0
83477,0.0
83482,0.0
83510,0.0
83511,0.0
83521,0.0
83534,0.0
83554,0.0
83555,0.0
83560,0.0
83561,0.0
83567,0.0
83581,0.0
83589,0.0
83592,0.0
83596,0.0
83605,0.0
83615,0.0
83618,0.0
83624,0.0
83625,0.0
83656,0.0
83661,0.0
83682,0.0
83685,0.0
83689,0.0
83751,0.0
83752,0.0
83763,0.0
83764,0.0
83777,0.0
83781,0.0
83796,0.0
83822,0.0
83828,0.0
83837,0.0
83841,0.0
83842,0.0
83845,0.0
83856,0.0
83864,0.0
83865,0.0
83867,0.0
83870,0.0
83871,0.0
83899,0.0
83923,0.0
83935,0.0
83947,0.0
83949,0.0
83955,0.0
83959,0.0
83965,0.0
83970,0.0
84008,0.0
84010,0.0
84019,0.0
84022,0.0
84026,0.0
84031,0.0
84032,0.0
84061,0.0
84062,0.0
84063,0.0
84067,0.0
84071,0.0
84077,0.0
84088,0.0
84095,0.0
84107,0.0
84111,0.0
84115,0.0
84121,0.0
84128,0.0
84135,0.0
84156,0.0
84158,0.0
84160,0.0
84192,0.0
84207,0.0
84211,0.0
84230,0.0
84237,0.0
84248,0.0
84275,0.0
84278,0.0
84281,0.0
84293,0.0
84295,0.0
84302,0.0
84304,0.0
84316,0.0
84320,0.0
84348,0.0
84371,0.0
84374,0.0
84376,0.0
84379,0.0
84387,0.0
84392,0.0
84396,0.0
84397,0.0
84422,0.0
84433,0.0
84443,0.0
84454,0.0
84464,0.0
84466,0.0
84472,0.0
84474,0.0
84515,0.0
84520,0.0
84549,0.0
84558,0.0
84588,0.0
84600,0.0
84614,0.0
84619,0.0
84620,0.0
84626,0.0
84627,0.0
84653,0.0
84664,0.0
84678,0.0
84689,0.0
84696,0.0
84697,0.0
84709,0.0
84720,0.0
84735,0.0
84740,0.0
84742,0.0
84743,0.0
84749,0.0
84752,0.0
84754,0.0
84769,0.0
84775,0.0
84783,0.0
84785,0.0
84792,0.0
84797,0.0
84799,0.0
84802,0.0
84811,0.0
84815,0.0
84819,0.0
84827,0.0
84856,0.0
84861,0.0
84868,0.0
84875,0.0
84878,0.0
84885,0.0
84898,0.0
84900,0.0
84903,0.0
84905,0.0
84906,0.0
84910,0.0
84916,0.0
84931,0.0
84940,0.0
84944,0.0
84965,0.0
84971,0.0
84974,0.0
84975,0.0
84983,0.0
84986,0.0
84987,0.0
85000,0.0
85002,0.0
85017,0.0
85022,0.0
85033,0.0
85034,0.0
85048,0.0
85050,0.0
85053,0.0
85076,0.0
85082,0.0
85084,0.0
85105,0.0
85107,0.0
85119,0.0
85125,0.0
85128,0.0
85145,0.0
85146,0.0
85147,0.0
85149,0.0
85155,0.0
85163,0.0
85190,0.0
85193,0.0
85210,0.0
85214,0.0
85218,0.0
85223,0.0
85227,0.0
85234,0.0
85245,0.0
85248,0.0
85249,0.0
85252,0.0
85259,0.0
85266,0.0
85274,0.0
85275,0.0
85286,0.0
85287,0.0
85298,0.0
85302,0.0
85305,0.0
85307,0.0
85310,0.0
85312,0.0
85335,0.0
85336,0.0
85362,0.0
85371,0.0
85374,0.0
85376,0.0
85389,0.0
85390,0.0
85393,0.0
85396,0.0
85401,0.0
85412,0.0
85422,0.0
85432,0.0
85439,0.0
85445,0.0
85478,0.0
85479,0.0
85486,0.0
85508,0.0
85509,0.0
85525,0.0
85532,0.0
85544,0.0
85556,0.0
85559,0.0
85561,0.0
85562,0.0
85581,0.0
85583,0.0
85586,0.0
85602,0.0
85605,0.0
85617,0.0
85623,0.0
85640,0.0
85642,0.0
85646,0.0
85649,0.0
85650,0.0
85662,0.0
85672,0.0
85676,0.0
85681,0.0
85703,0.0
85706,0.0
85711,0.0
85722,0.0
85725,0.0
85727,0.0
85730,0.0
85744,0.0
85746,0.0
85771,0.0
85786,0.0
85788,0.0
85791,0.0
85793,0.0
85807,0.0
85820,0.0
85847,0.0
85855,0.0
85860,0.0
85862,0.0
85868,0.0
85873,0.0
85888,0.0
85893,0.0
85901,0.0
85909,0.0
85915,0.0
85920,0.0
85922,0.0
85924,0.0
85926,0.0
85941,0.0
85960,0.0
85961,0.0
85969,0.0
85971,0.0
85988,0.0
86020,0.0
86025,0.0
86028,0.0
86032,0.0
86035,0.0
86040,0.0
86041,0.0
86042,0.0
86060,0.0
86071,0.0
86083,0.0
86088,0.0
86094,0.0
86096,0.0
86099,0.0
86118,0.0
86130,0.0
86156,0.0
86170,0.0
86173,0.0
86182,0.0
86186,0.0
86189,0.0
86209,0.0
86214,0.0
86222,0.0
86235,0.0
86236,0.0
86243,0.0
86255,0.0
86260,0.0
86266,0.0
86277,0.0
86291,0.0
86299,0.0
86334,0.0
86356,0.0
86360,0.0
86380,0.0
86383,0.0
86388,0.0
86445,0.0
86452,0.0
86454,0.0
86456,0.0
86458,0.0
86466,0.0
86473,0.0
86477,0.0
86496,0.0
86515,0.0
86518,0.0
86520,0.0
86529,0.0
86531,0.0
86554,0.0
86557,0.0
86594,0.0
86599,0.0
86618,0.0
86619,0.0
86630,0.0
86631,0.0
86632,0.0
86633,0.0
86639,0.0
86651,0.0
86652,0.0
86665,0.0
86666,0.0
86676,0.0
86683,0.0
86687,0.0
86697,0.0
86722,0.0
86729,0.0
86733,0.0
86736,0.0
86749,0.0
86768,0.0
86772,0.0
86779,0.0
86780,0.0
86785,0.0
86795,0.0
86796,0.0
86807,0.0
86824,0.0
86829,0.0
86848,0.0
86857,0.0
86858,0.0
86862,0.0
86863,0.0
86873,0.0
86874,0.0
86894,0.0
86898,0.0
86913,0.0
86917,0.0
86934,0.0
86935,0.0
86936,0.0
86963,0.0
86971,0.0
86973,0.0
86974,0.0
86984,0.0
86990,0.0
86998,0.0
86999,0.0
87012,0.0
87017,0.0
87021,0.0
87024,0.0
87030,0.0
87040,0.0
87041,0.0
87042,0.0
87050,0.0
87053,0.0
87090,0.0
87093,0.0
87094,0.0
87117,0.0
87119,0.0
87129,0.0
87135,0.0
87156,0.0
87157,0.0
87159,0.0
87163,0.0
87164,0.0
87179,0.0
87180,0.0
87206,0.0
87221,0.0
87238,0.0
87258,0.0
87289,0.0
87301,0.0
87314,0.0
87319,0.0
87320,0.0
87333,0.0
87335,0.0
87345,0.0
87350,0.0
87354,0.0
87368,0.0
87370,0.0
87395,0.0
87401,0.0
87406,0.0
87427,0.0
87428,0.0
87441,0.0
87456,0.0
87468,0.0
87481,0.0
87485,0.0
87488,0.0
87496,0.0
87502,0.0
87506,0.0
87532,0.0
87538,0.0
87573,0.0
87595,0.0
87604,0.0
87605,0.0
87610,0.0
87611,0.0
87615,0.0
87619,0.0
87620,0.0
87637,0.0
87647,0.0
87665,0.0
87674,0.0
87679,0.0
87689,0.0
87705,0.0
87718,0.0
87720,0.0
87726,0.0
87745,0.0
87759,0.0
87786,0.0
87788,0.0
87789,0.0
87797,0.0
87810,0.0
87815,0.0
87824,0.0
87826,0.0
87837,0.0
87840,0.0
87845,0.0
87851,0.0
87887,0.0
87901,0.0
87915,0.0
87931,0.0
87942,0.0
87945,0.0
87952,0.0
87954,0.0
87957,0.0
87994,0.0
88002,0.0
88022,0.0
88024,0.0
88099,0.0
88116,0.0
88127,0.0
88129,0.0
88132,0.0
88133,0.0
88137,0.0
88159,0.0
88174,0.0
88176,0.0
88177,0.0
88181,0.0
88182,0.0
88201,0.0
88204,0.0
88219,0.0
88228,0.0
88229,0.0
88236,0.0
88237,0.0
88238,0.0
88239,0.0
88246,0.0
88267,0.0
88270,0.0
88292,0.0
88297,0.0
88299,0.0
88312,0.0
88346,0.0
88347,0.0
88357,0.0
88363,0.0
88379,0.0
88391,0.0
88394,0.0
88397,0.0
88409,0.0
88418,0.0
88437,0.0
88442,0.0
88449,0.0
88451,0.0
88452,0.0
88457,0.0
88463,0.0
88464,0.0
88478,0.0
88489,0.0
88495,0.0
88500,0.0
88518,0.0
88532,0.0
88536,0.0
88543,0.0
88549,0.0
88554,0.0
88556,0.0
88557,0.0
88561,0.0
88581,0.0
88584,0.0
88586,0.0
88598,0.0
88599,0.0
88602,0.0
88604,0.0
88616,0.0
88630,0.0
88633,0.0
88639,0.0
88646,0.0
88649,0.0
88655,0.0
88657,0.0
88667,0.0
88668,0.0
88686,0.0
88692,0.0
88696,0.0
88706,0.0
88717,0.0
88729,0.0
88738,0.0
88745,0.0
88748,0.0
88757,0.0
88773,0.0
88782,0.0
88785,0.0
88787,0.0
88788,0.0
88794,0.0
88801,0.0
88804,0.0
88818,0.0
88820,0.0
88821,0.0
88828,0.0
88833,0.0
88858,0.0
88862,0.0
88872,0.0
88882,0.0
88886,0.0
88904,0.0
88913,0.0
88920,0.0
88950,0.0
88955,0.0
88967,0.0
88989,0.0
89004,0.0
89006,0.0
89007,0.0
89008,0.0
89017,0.0
89021,0.0
89023,0.0
89025,0.0
89042,0.0
89058,0.0
89072,0.0
89074,0.0
89075,0.0
89095,0.0
89096,0.0
89097,0.0
89101,0.0
89107,0.0
89121,0.0
89126,0.0
89143,0.0
89149,0.0
89161,0.0
89177,0.0
89190,0.0
89206,0.0
89214,0.0
89217,0.0
89219,0.0
89223,0.0
89226,0.0
89242,0.0
89262,0.0
89264,0.0
89291,0.0
89295,0.0
89299,0.0
89303,0.0
89307,0.0
89312,0.0
89316,0.0
89341,0.0
89347,0.0
89364,0.0
89365,0.0
89378,0.0
89379,0.0
89388,0.0
89399,0.0
89402,0.0
89421,0.0
89424,0.0
89433,0.0
89441,0.0
89446,0.0
89453,0.0
89455,0.0
89458,0.0
89464,0.0
89476,0.0
89483,0.0
89490,0.0
89495,0.0
89496,0.0
89506,0.0
89514,0.0
89522,0.0
89523,0.0
89528,0.0
89531,0.0
89546,0.0
89563,0.0
89565,0.0
89567,0.0
89569,0.0
89575,0.0
89588,0.0
89595,0.0
89604,0.0
89619,0.0
89624,0.0
89635,0.0
89637,0.0
89640,0.0
89653,0.0
89666,0.0
89675,0.0
89681,0.0
89689,0.0
89702,0.0
89727,0.0
89736,0.0
89741,0.0
89750,0.0
89762,0.0
89786,0.0
89812,0.0
89827,0.0
89836,0.0
89841,0.0
89848,0.0
89851,0.0
89860,0.0
89864,0.0
89884,0.0
89892,0.0
89897,0.0
89907,0.0
89927,0.0
89932,0.0
89936,0.0
89952,0.0
89955,0.0
89973,0.0
89978,0.0
89980,0.0
89981,0.0
89989,0.0
89995,0.0
89997,0.0
90027,0.0
90061,0.0
90068,0.0
90071,0.0
90082,0.0
90092,0.0
90093,0.0
90100,0.0
90106,0.0
90119,0.0
90125,0.0
90138,0.0
90143,0.0
90146,0.0
90148,0.0
90156,0.0
90162,0.0
90176,0.0
90186,0.0
90191,0.0
90198,0.0
90200,0.0
90224,0.0
90232,0.0
90245,0.0
90259,0.0
90272,0.0
90275,0.0
90290,0.0
90291,0.0
90297,0.0
90302,0.0
90307,0.0
90312,0.0
90314,0.0
90340,0.0
90353,0.0
90358,0.0
90367,0.0
90378,0.0
90381,0.0
90388,0.0
90391,0.0
90392,0.0
90409,0.0
90433,0.0
90439,0.0
90440,0.0
90449,0.0
90468,0.0
90513,0.0
90514,0.0
90521,0.0
90525,0.0
90532,0.0
90535,0.0
90545,0.0
90546,0.0
90550,0.0
90552,0.0
90599,0.0
90601,0.0
90627,0.0
90633,0.0
90638,0.0
90703,0.0
90720,0.0
90725,0.0
90730,0.0
90733,0.0
90751,0.0
90757,0.0
90771,0.0
90778,0.0
90787,0.0
90795,0.0
90802,0.0
90805,0.0
90806,0.0
90807,0.0
90830,0.0
90834,0.0
90856,0.0
90862,0.0
90869,0.0
90870,0.0
90897,0.0
90903,0.0
90913,0.0
90934,0.0
90941,0.0
90948,0.0
90949,0.0
90962,0.0
90968,0.0
90988,0.0
90995,0.0
90997,0.0
91005,0.0
91008,0.0
91014,0.0
91030,0.0
91035,0.0
91040,0.0
91050,0.0
91051,0.0
91068,0.0
91069,0.0
91070,0.0
91072,0.0
91078,0.0
91085,0.0
91103,0.0
91104,0.0
91106,0.0
91115,0.0
91137,0.0
91152,0.0
91153,0.0
91172,0.0
91173,0.0
91177,0.0
91185,0.0
91186,0.0
91190,0.0
91191,0.0
91196,0.0
91200,0.0
91205,0.0
91217,0.0
91231,0.0
91239,0.0
91240,0.0
91283,0.0
91300,0.0
91310,0.0
91313,0.0
91315,0.0
91323,0.0
91337,0.0
91340,0.0
91348,0.0
91349,0.0
91351,0.0
91376,0.0
91384,0.0
91425,0.0
91436,0.0
91441,0.0
91448,0.0
91457,0.0
91471,0.0
91476,0.0
91481,0.0
91494,0.0
91495,0.0
91498,0.0
91537,0.0
91541,0.0
91571,0.0
91603,0.0
91617,0.0
91625,0.0
91626,0.0
91628,0.0
91631,0.0
91637,0.0
91641,0.0
91653,0.0
91659,0.0
91660,0.0
91668,0.0
91682,0.0
91692,0.0
91709,0.0
91722,0.0
91723,0.0
91734,0.0
91735,0.0
91753,0.0
91756,0.0
91763,0.0
91768,0.0
91770,0.0
91774,0.0
91777,0.0
91807,0.0
91816,0.0
91817,0.0
91825,0.0
91837,0.0
91845,0.0
91866,0.0
91867,0.0
91869,0.0
91870,0.0
91887,0.0
91892,0.0
91893,0.0
91897,0.0
91904,0.0
91910,0.0
91914,0.0
91916,0.0
91923,0.0
91925,0.0
91927,0.0
91934,0.0
91948,0.0
91951,0.0
91954,0.0
91957,0.0
91961,0.0
91981,0.0
91994,0.0
91999,0.0
92007,0.0
92011,0.0
92014,0.0
92016,0.0
92021,0.0
92022,0.0
92029,0.0
92038,0.0
92041,0.0
92043,0.0
92054,0.0
92056,0.0
92065,0.0
92097,0.0
92100,0.0
92104,0.0
92107,0.0
92110,0.0
92115,0.0
92117,0.0
92168,0.0
92190,0.0
92193,0.0
92194,0.0
92200,0.0
92202,0.0
92204,0.0
92208,0.0
92211,0.0
92219,0.0
92238,0.0
92241,0.0
92250,0.0
92255,0.0
92267,0.0
92268,0.0
92269,0.0
92271,0.0
92282,0.0
92285,0.0
92288,0.0
92328,0.0
92339,0.0
92349,0.0
92357,0.0
92367,0.0
92371,0.0
92373,0.0
92379,0.0
92393,0.0
92406,0.0
92416,0.0
92420,0.0
92432,0.0
92436,0.0
92449,0.0
92452,0.0
92479,0.0
92483,0.0
92485,0.0
92514,0.0
92515,0.0
92518,0.0
92522,0.0
92524,0.0
92531,0.0
92535,0.0
92542,0.0
92554,0.0
92555,0.0
92559,0.0
92570,0.0
92587,0.0
92598,0.0
92610,0.0
92616,0.0
92617,0.0
92621,0.0
92636,0.0
92642,0.0
92659,0.0
92660,0.0
92672,0.0
92677,0.0
92680,0.0
92695,0.0
92706,0.0
92714,0.0
92745,0.0
92752,0.0
92765,0.0
92770,0.0
92772,0.0
92777,0.0
92783,0.0
92788,0.0
92789,0.0
92795,0.0
92798,0.0
92804,0.0
92820,0.0
92821,0.0
92822,0.0
92825,0.0
92830,0.0
92839,0.0
92852,0.0
92883,0.0
92893,0.0
92901,0.0
92907,0.0
92916,0.0
92919,0.0
92926,0.0
92947,0.0
92949,0.0
92956,0.0
92963,0.0
92964,0.0
92970,0.0
92973,0.0
92976,0.0
92994,0.0
93004,0.0
93008,0.0
93011,0.0
93013,0.0
93018,0.0
93021,0.0
93024,0.0
93028,0.0
93042,0.0
93048,0.0
93052,0.0
93057,0.0
93066,0.0
93069,0.0
93072,0.0
93110,0.0
93113,0.0
93114,0.0
93117,0.0
93126,0.0
93130,0.0
93138,0.0
93143,0.0
93146,0.0
93149,0.0
93151,0.0
93152,0.0
93179,0.0
93182,0.0
93183,0.0
93190,0.0
93219,0.0
93229,0.0
93234,0.0
93237,0.0
93247,0.0
93254,0.0
93258,0.0
93283,0.0
93284,0.0
93291,0.0
93314,0.0
93320,0.0
93321,0.0
93340,0.0
93350,0.0
93356,0.0
93359,0.0
93364,0.0
93365,0.0
93377,0.0
93387,0.0
93399,0.0
93409,0.0
93411,0.0
93423,0.0
93440,0.0
93453,0.0
93455,0.0
93484,0.0
93487,0.0
93491,0.0
93499,0.0
93505,0.0
93531,0.0
93538,0.0
93560,0.0
93563,0.0
93565,0.0
93579,0.0
93596,0.0
93610,0.0
93620,0.0
93634,0.0
93637,0.0
93642,0.0
93663,0.0
93664,0.0
93665,0.0
93671,0.0
93678,0.0
93680,0.0
93691,0.0
93694,0.0
93706,0.0
93710,0.0
93717,0.0
93733,0.0
93738,0.0
93739,0.0
93742,0.0
93743,0.0
93749,0.0
93760,0.0
93762,0.0
93771,0.0
93789,0.0
93792,0.0
93793,0.0
93798,0.0
93806,0.0
93807,0.0
93814,0.0
93841,0.0
93843,0.0
93849,0.0
93852,0.0
93876,0.0
93901,0.0
93918,0.0
93933,0.0
93936,0.0
93949,0.0
93954,0.0
93972,0.0
93975,0.0
93997,0.0
94025,0.0
94026,0.0
94030,0.0
94033,0.0
94045,0.0
94052,0.0
94056,0.0
94067,0.0
94070,0.0
94082,0.0
94090,0.0
94094,0.0
94095,0.0
94100,0.0
94106,0.0
94115,0.0
94118,0.0
94119,0.0
94151,0.0
94164,0.0
94175,0.0
94179,0.0
94197,0.0
94201,0.0
94231,0.0
94240,0.0
94243,0.0
94244,0.0
94245,0.0
94256,0.0
94266,0.0
94267,0.0
94280,0.0
94283,0.0
94311,0.0
94312,0.0
94330,0.0
94331,0.0
94332,0.0
94337,0.0
94351,0.0
94353,0.0
94355,0.0
94370,0.0
94377,0.0
94379,0.0
94384,0.0
94393,0.0
94396,0.0
94403,0.0
94404,0.0
94406,0.0
94411,0.0
94418,0.0
94422,0.0
94425,0.0
94441,0.0
94444,0.0
94482,0.0
94485,0.0
94500,0.0
94520,0.0
94526,0.0
94529,0.0
94531,0.0
94534,0.0
94541,0.0
94543,0.0
94560,0.0
94566,0.0
94574,0.0
94606,0.0
94613,0.0
94628,0.0
94632,0.0
94634,0.0
94635,0.0
94636,0.0
94639,0.0
94640,0.0
94643,0.0
94644,0.0
94652,0.0
94653,0.0
94658,0.0
94665,0.0
94668,0.0
94678,0.0
94685,0.0
94686,0.0
94701,0.0
94703,0.0
94714,0.0
94750,0.0
94753,0.0
94757,0.0
94761,0.0
94764,0.0
94767,0.0
94768,0.0
94773,0.0
94787,0.0
94789,0.0
94790,0.0
94802,0.0
94806,0.0
94812,0.0
94828,0.0
94850,0.0
94855,0.0
94865,0.0
94872,0.0
94893,0.0
94896,0.0
94897,0.0
94904,0.0
94910,0.0
94919,0.0
94936,0.0
94945,0.0
94949,0.0
94954,0.0
94957,0.0
94967,0.0
94974,0.0
94976,0.0
94979,0.0
94981,0.0
94992,0.0
94999,0.0
95030,0.0
95036,0.0
95037,0.0
95042,0.0
95057,0.0
95065,0.0
95067,0.0
95072,0.0
95074,0.0
95085,0.0
95089,0.0
95092,0.0
95107,0.0
95114,0.0
95118,0.0
95123,0.0
95129,0.0
95132,0.0
95134,0.0
95138,0.0
95147,0.0
95149,0.0
95188,0.0
95201,0.0
95216,0.0
95221,0.0
95238,0.0
95254,0.0
95258,0.0
95273,0.0
95279,0.0
95282,0.0
95286,0.0
95301,0.0
95326,0.0
95327,0.0
95333,0.0
95335,0.0
95339,0.0
95356,0.0
95360,0.0
95374,0.0
95375,0.0
95394,0.0
95406,0.0
95407,0.0
95410,0.0
95415,0.0
95426,0.0
95442,0.0
95444,0.0
95466,0.0
95474,0.0
95503,0.0
95509,0.0
95510,0.0
95514,0.0
95520,0.0
95538,0.0
95542,0.0
95564,0.0
95570,0.0
95577,0.0
95578,0.0
95579,0.0
95581,0.0
95585,0.0
95590,0.0
95604,0.0
95607,0.0
95610,0.0
95618,0.0
95646,0.0
95661,0.0
95668,0.0
95677,0.0
95684,0.0
95693,0.0
95701,0.0
95702,0.0
95719,0.0
95725,0.0
95726,0.0
95727,0.0
95738,0.0
95761,0.0
95766,0.0
95767,0.0
95771,0.0
95788,0.0
95789,0.0
95798,0.0
95810,0.0
95826,0.0
95827,0.0
95846,0.0
95851,0.0
95853,0.0
95860,0.0
95864,0.0
95901,0.0
95909,0.0
95925,0.0
95931,0.0
95932,0.0
95943,0.0
95946,0.0
95949,0.0
95953,0.0
95959,0.0
95961,0.0
95983,0.0
95988,0.0
95989,0.0
95993,0.0
95998,0.0
96025,0.0
96032,0.0
96039,0.0
96048,0.0
96051,0.0
96054,0.0
96065,0.0
96097,0.0
96100,0.0
96104,0.0
96129,0.0
96144,0.0
96145,0.0
96165,0.0
96176,0.0
96181,0.0
96182,0.0
96184,0.0
96202,0.0
96207,0.0
96209,0.0
96217,0.0
96221,0.0
96223,0.0
96225,0.0
96234,0.0
96238,0.0
96290,0.0
96293,0.0
96304,0.0
96316,0.0
96331,0.0
96338,0.0
96342,0.0
96352,0.0
96366,0.0
96370,0.0
96372,0.0
96374,0.0
96377,0.0
96378,0.0
96379,0.0
96380,0.0
96389,0.0
96392,0.0
96408,0.0
96410,0.0
96411,0.0
96416,0.0
96417,0.0
96420,0.0
96424,0.0
96441,0.0
96444,0.0
96451,0.0
96456,0.0
96463,0.0
96473,0.0
96474,0.0
96482,0.0
96485,0.0
96492,0.0
96501,0.0
96513,0.0
96518,0.0
96522,0.0
96529,0.0
96531,0.0
96534,0.0
96538,0.0
96541,0.0
96543,0.0
96547,0.0
96558,0.0
96577,0.0
96580,0.0
96590,0.0
96593,0.0
96598,0.0
96600,0.0
96601,0.0
96602,0.0
96608,0.0
96629,0.0
96630,0.0
96639,0.0
96645,0.0
96647,0.0
96649,0.0
96652,0.0
96655,0.0
96666,0.0
96673,0.0
96684,0.0
96694,0.0
96702,0.0
96705,0.0
96724,0.0
96731,0.0
96741,0.0
96746,0.0
96750,0.0
96751,0.0
96754,0.0
96769,0.0
96771,0.0
96778,0.0
96780,0.0
96783,0.0
96788,0.0
96795,0.0
96800,0.0
96804,0.0
96805,0.0
96819,0.0
96841,0.0
96851,0.0
96859,0.0
96861,0.0
96867,0.0
96871,0.0
96903,0.0
96908,0.0
96911,0.0
96913,0.0
96918,0.0
96922,0.0
96925,0.0
96932,0.0
96938,0.0
96939,0.0
96947,0.0
96949,0.0
96950,0.0
96952,0.0
96967,0.0
96976,0.0
96980,0.0
96986,0.0
97003,0.0
97005,0.0
97008,0.0
97010,0.0
97039,0.0
97043,0.0
97045,0.0
97061,0.0
97072,0.0
97078,0.0
97106,0.0
97112,0.0
97133,0.0
97141,0.0
97151,0.0
97166,0.0
97168,0.0
97176,0.0
97181,0.0
97182,0.0
97195,0.0
97196,0.0
97201,0.0
97220,0.0
97224,0.0
97229,0.0
97251,0.0
97252,0.0
97260,0.0
97283,0.0
97285,0.0
97288,0.0
97290,0.0
97296,0.0
97300,0.0
97313,0.0
97318,0.0
97321,0.0
97323,0.0
97325,0.0
97326,0.0
97339,0.0
97344,0.0
97351,0.0
97373,0.0
97377,0.0
97384,0.0
97401,0.0
97411,0.0
97416,0.0
97421,0.0
97430,0.0
97434,0.0
97435,0.0
97438,0.0
97443,0.0
97455,0.0
97461,0.0
97463,0.0
97466,0.0
97468,0.0
97494,0.0
97495,0.0
97512,0.0
97521,0.0
97527,0.0
97533,0.0
97544,0.0
97550,0.0
97552,0.0
97558,0.0
97580,0.0
97592,0.0
97602,0.0
97606,0.0
97620,0.0
97630,0.0
97635,0.0
97642,0.0
97643,0.0
97668,0.0
97688,0.0
97691,0.0
97711,0.0
97720,0.0
97723,0.0
97724,0.0
97726,0.0
97730,0.0
97735,0.0
97736,0.0
97740,0.0
97752,0.0
97760,0.0
97766,0.0
97770,0.0
97773,0.0
97786,0.0
97829,0.0
97833,0.0
97840,0.0
97853,0.0
97856,0.0
97859,0.0
97860,0.0
97868,0.0
97873,0.0
97879,0.0
97892,0.0
97896,0.0
97927,0.0
97933,0.0
97934,0.0
97940,0.0
97941,0.0
97942,0.0
97969,0.0
97971,0.0
97972,0.0
97980,0.0
97984,0.0
97996,0.0
98017,0.0
98018,0.0
98027,0.0
98031,0.0
98032,0.0
98038,0.0
98074,0.0
98075,0.0
98092,0.0
98103,0.0
98135,0.0
98144,0.0
98159,0.0
98165,0.0
98203,0.0
98205,0.0
98206,0.0
98211,0.0
98213,0.0
98215,0.0
98244,0.0
98262,0.0
98269,0.0
98275,0.0
98280,0.0
98286,0.0
98292,0.0
98298,0.0
98327,0.0
98336,0.0
98341,0.0
98351,0.0
98369,0.0
98384,0.0
98387,0.0
98394,0.0
98420,0.0
98430,0.0
98438,0.0
98459,0.0
98467,0.0
98470,0.0
98478,0.0
98488,0.0
98489,0.0
98494,0.0
98498,0.0
98511,0.0
98514,0.0
98528,0.0
98544,0.0
98551,0.0
98555,0.0
98567,0.0
98568,0.0
98596,0.0
98624,0.0
98631,0.0
98652,0.0
98660,0.0
98662,0.0
98670,0.0
98684,0.0
98685,0.0
98687,0.0
98725,0.0
98729,0.0
98740,0.0
98746,0.0
98752,0.0
98761,0.0
98771,0.0
98778,0.0
98785,0.0
98796,0.0
98799,0.0
98802,0.0
98805,0.0
98808,0.0
98812,0.0
98816,0.0
98818,0.0
98833,0.0
98847,0.0
98851,0.0
98855,0.0
98865,0.0
98871,0.0
98875,0.0
98909,0.0
98926,0.0
98927,0.0
98929,0.0
98931,0.0
98937,0.0
98942,0.0
98947,0.0
98951,0.0
98976,0.0
98999,0.0
99016,0.0
99019,0.0
99040,0.0
99045,0.0
99047,0.0
99058,0.0
99059,0.0
99073,0.0
99079,0.0
99111,0.0
99119,0.0
99136,0.0
99142,0.0
99154,0.0
99156,0.0
99164,0.0
99169,0.0
99171,0.0
99196,0.0
99198,0.0
99199,0.0
99200,0.0
99210,0.0
99216,0.0
99219,0.0
99231,0.0
99249,0.0
99258,0.0
99264,0.0
99266,0.0
99276,0.0
99295,0.0
99296,0.0
99318,0.0
99323,0.0
99325,0.0
99337,0.0
99340,0.0
99342,0.0
99346,0.0
99347,0.0
99360,0.0
99361,0.0
99366,0.0
99371,0.0
99378,0.0
99382,0.0
99384,0.0
99392,0.0
99425,0.0
99441,0.0
99447,0.0
99458,0.0
99465,0.0
99484,0.0
99485,0.0
99494,0.0
99499,0.0
99515,0.0
99518,0.0
99524,0.0
99542,0.0
99545,0.0
99549,0.0
99554,0.0
99581,0.0
99584,0.0
99592,0.0
99620,0.0
99632,0.0
99640,0.0
99643,0.0
99650,0.0
99667,0.0
99673,0.0
99684,0.0
99687,0.0
99701,0.0
99716,0.0
99722,0.0
99730,0.0
99733,0.0
99734,0.0
99739,0.0
99743,0.0
99745,0.0
99746,0.0
99752,0.0
99753,0.0
99754,0.0
99759,0.0
99774,0.0
99779,0.0
99781,0.0
99793,0.0
99796,0.0
99797,0.0
99807,0.0
99823,0.0
99825,0.0
99836,0.0
99842,0.0
99851,0.0
99853,0.0
99863,0.0
99865,0.0
99885,0.0
99900,0.0
99914,0.0
99937,0.0
99940,0.0
99961,0.0
99968,0.0
99974,0.0
99992,0.0
100002,0.0
100004,0.0
100010,0.0
100023,0.0
100032,0.0
100033,0.0
100064,0.0
100081,0.0
100096,0.0
100101,0.0
100105,0.0
100107,0.0
100114,0.0
100115,0.0
100119,0.0
100134,0.0
100138,0.0
100141,0.0
100150,0.0
100151,0.0
100156,0.0
100157,0.0
100169,0.0
100181,0.0
100187,0.0
100191,0.0
100208,0.0
100211,0.0
100213,0.0
100217,0.0
100230,0.0
100233,0.0
100246,0.0
100250,0.0
100254,0.0
100259,0.0
100260,0.0
100273,0.0
100293,0.0
100309,0.0
100313,0.0
100316,0.0
100317,0.0
100324,0.0
100349,0.0
100353,0.0
100360,0.0
100364,0.0
100365,0.0
100366,0.0
100367,0.0
100369,0.0
100371,0.0
100373,0.0
100393,0.0
100399,0.0
100412,0.0
100422,0.0
100429,0.0
100431,0.0
100432,0.0
100443,0.0
100464,0.0
100471,0.0
100474,0.0
100483,0.0
100485,0.0
100492,0.0
100493,0.0
100530,0.0
100531,0.0
100537,0.0
100556,0.0
100562,0.0
100569,0.0
100572,0.0
100577,0.0
100581,0.0
100586,0.0
100591,0.0
100611,0.0
100614,0.0
100616,0.0
100639,0.0
100648,0.0
100650,0.0
100665,0.0
100669,0.0
100674,0.0
100680,0.0
100687,0.0
100701,0.0
100704,0.0
100708,0.0
100712,0.0
100713,0.0
100715,0.0
100724,0.0
100734,0.0
100738,0.0
100740,0.0
100754,0.0
100759,0.0
100761,0.0
100766,0.0
100778,0.0
100781,0.0
100790,0.0
100798,0.0
100800,0.0
100802,0.0
100804,0.0
100805,0.0
100812,0.0
100829,0.0
100845,0.0
100860,0.0
100867,0.0
100874,0.0
100896,0.0
100906,0.0
100916,0.0
100923,0.0
100927,0.0
100928,0.0
100930,0.0
100932,0.0
100938,0.0
100941,0.0
100951,0.0
100958,0.0
100962,0.0
100981,0.0
100992,0.0
100993,0.0
100994,0.0
100998,0.0
101012,0.0
101021,0.0
101024,0.0
101035,0.0
101040,0.0
101044,0.0
101049,0.0
101055,0.0
101073,0.0
101102,0.0
101114,0.0
101123,0.0
101127,0.0
101136,0.0
101143,0.0
101146,0.0
101161,0.0
101165,0.0
101172,0.0
101181,0.0
101185,0.0
101188,0.0
101206,0.0
101226,0.0
101242,0.0
101245,0.0
101259,0.0
101275,0.0
101287,0.0
101292,0.0
101312,0.0
101315,0.0
101319,0.0
101337,0.0
101358,0.0
101359,0.0
101361,0.0
101372,0.0
101373,0.0
101378,0.0
101383,0.0
101400,0.0
101411,0.0
101415,0.0
101420,0.0
101424,0.0
101429,0.0
101433,0.0
101438,0.0
101440,0.0
101471,0.0
101475,0.0
101495,0.0
101499,0.0
101506,0.0
101517,0.0
101526,0.0
101536,0.0
101540,0.0
101574,0.0
101581,0.0
101582,0.0
101597,0.0
101598,0.0
101602,0.0
101611,0.0
101614,0.0
101628,0.0
101638,0.0
101639,0.0
101641,0.0
101646,0.0
101651,0.0
101652,0.0
101653,0.0
101656,0.0
101685,0.0
101687,0.0
101703,0.0
101734,0.0
101742,0.0
101745,0.0
101749,0.0
101768,0.0
101770,0.0
101776,0.0
101786,0.0
101789,0.0
101795,0.0
101799,0.0
101829,0.0
101832,0.0
101861,0.0
101872,0.0
101879,0.0
101886,0.0
101891,0.0
101897,0.0
101904,0.0
101908,0.0
101948,0.0
101949,0.0
101963,0.0
101966,0.0
101968,0.0
101973,0.0
101982,0.0
101989,0.0
102004,0.0
102006,0.0
102009,0.0
102012,0.0
102017,0.0
102018,0.0
102021,0.0
102025,0.0
102034,0.0
102035,0.0
102038,0.0
102045,0.0
102055,0.0
102059,0.0
102068,0.0
102075,0.0
102076,0.0
102077,0.0
102083,0.0
102087,0.0
102098,0.0
102103,0.0
102118,0.0
102150,0.0
102159,0.0
102180,0.0
102181,0.0
102196,0.0
102204,0.0
102205,0.0
102206,0.0
102207,0.0
102213,0.0
102234,0.0
102236,0.0
102247,0.0
102252,0.0
102255,0.0
102262,0.0
102263,0.0
102284,0.0
102292,0.0
102303,0.0
102311,0.0
102318,0.0
102347,0.0
102356,0.0
102369,0.0
102373,0.0
102374,0.0
102378,0.0
102392,0.0
102399,0.0
102408,0.0
102440,0.0
102441,0.0
102443,0.0
102449,0.0
102485,0.0
102496,0.0
102497,0.0
102503,0.0
102523,0.0
102532,0.0
102534,0.0
102539,0.0
102565,0.0
102568,0.0
102571,0.0
102585,0.0
102592,0.0
102595,0.0
102599,0.0
102607,0.0
102610,0.0
102613,0.0
102635,0.0
102643,0.0
102646,0.0
102653,0.0
102655,0.0
102658,0.0
102662,0.0
102670,0.0
102678,0.0
102680,0.0
102694,0.0
102703,0.0
102714,0.0
102718,0.0
102725,0.0
102740,0.0
102742,0.0
102749,0.0
102752,0.0
102775,0.0
102784,0.0
102786,0.0
102788,0.0
102790,0.0
102796,0.0
102800,0.0
102805,0.0
102807,0.0
102821,0.0
102829,0.0
102830,0.0
102833,0.0
102842,0.0
102845,0.0
102851,0.0
102865,0.0
102866,0.0
102879,0.0
102888,0.0
102890,0.0
102911,0.0
102921,0.0
102925,0.0
102945,0.0
102950,0.0
102952,0.0
102965,0.0
102973,0.0
102979,0.0
102982,0.0
103000,0.0
103010,0.0
103011,0.0
103018,0.0
103022,0.0
103023,0.0
103027,0.0
103028,0.0
103032,0.0
103042,0.0
103055,0.0
103059,0.0
103060,0.0
103076,0.0
103077,0.0
103078,0.0
103088,0.0
103090,0.0
103105,0.0
103113,0.0
103121,0.0
103129,0.0
103133,0.0
103139,0.0
103144,0.0
103147,0.0
103166,0.0
103167,0.0
103176,0.0
103181,0.0
103186,0.0
103192,0.0
103199,0.0
103208,0.0
103209,0.0
103210,0.0
103221,0.0
103223,0.0
103225,0.0
103243,0.0
103246,0.0
103254,0.0
103269,0.0
103275,0.0
103291,0.0
103294,0.0
103295,0.0
103298,0.0
103323,0.0
103327,0.0
103359,0.0
103377,0.0
103384,0.0
103390,0.0
103393,0.0
103394,0.0
103406,0.0
103424,0.0
103426,0.0
103434,0.0
103445,0.0
103449,0.0
103462,0.0
103463,0.0
103484,0.0
103485,0.0
103492,0.0
103503,0.0
103521,0.0
103526,0.0
103604,0.0
103605,0.0
103606,0.0
103644,0.0
103653,0.0
103654,0.0
103666,0.0
103669,0.0
103672,0.0
103680,0.0
103687,0.0
103691,0.0
103696,0.0
103701,0.0
103702,0.0
103727,0.0
103741,0.0
103753,0.0
103758,0.0
103764,0.0
103772,0.0
103781,0.0
103791,0.0
103802,0.0
103808,0.0
103830,0.0
103832,0.0
103835,0.0
103837,0.0
103841,0.0
103858,0.0
103863,0.0
103867,0.0
103871,0.0
103872,0.0
103873,0.0
103879,0.0
103881,0.0
103888,0.0
103889,0.0
103901,0.0
103904,0.0
103906,0.0
103930,0.0
103936,0.0
103941,0.0
103943,0.0
103961,0.0
103979,0.0
103996,0.0
103998,0.0
104020,0.0
104023,0.0
104026,0.0
104037,0.0
104042,0.0
104043,0.0
104074,0.0
104084,0.0
104109,0.0
104110,0.0
104115,0.0
104124,0.0
104125,0.0
104126,0.0
104132,0.0
104143,0.0
104154,0.0
104174,0.0
104177,0.0
104179,0.0
104181,0.0
104182,0.0
104190,0.0
104192,0.0
104212,0.0
104214,0.0
104217,0.0
104235,0.0
104237,0.0
104255,0.0
104285,0.0
104299,0.0
104305,0.0
104307,0.0
104315,0.0
104321,0.0
104323,0.0
104326,0.0
104327,0.0
104334,0.0
104335,0.0
104339,0.0
104345,0.0
104348,0.0
104349,0.0
104357,0.0
104361,0.0
104362,0.0
104388,0.0
104392,0.0
104409,0.0
104410,0.0
104431,0.0
104474,0.0
104479,0.0
104507,0.0
104531,0.0
104534,0.0
104536,0.0
104537,0.0
104548,0.0
104558,0.0
104559,0.0
104568,0.0
104581,0.0
104588,0.0
104590,0.0
104591,0.0
104595,0.0
104605,0.0
104613,0.0
104635,0.0
104653,0.0
104659,0.0
104669,0.0
104679,0.0
104699,0.0
104705,0.0
104721,0.0
104725,0.0
104731,0.0
104736,0.0
104741,0.0
104746,0.0
104752,0.0
104760,0.0
104793,0.0
104804,0.0
104807,0.0
104809,0.0
104821,0.0
104823,0.0
104825,0.0
104831,0.0
104833,0.0
104834,0.0
104852,0.0
104870,0.0
104876,0.0
104892,0.0
104895,0.0
104898,0.0
104911,0.0
104912,0.0
104916,0.0
104939,0.0
104943,0.0
104946,0.0
104949,0.0
104951,0.0
104967,0.0
104969,0.0
104973,0.0
104977,0.0
105007,0.0
105012,0.0
105021,0.0
105031,0.0
105033,0.0
105042,0.0
105045,0.0
105057,0.0
105070,0.0
105071,0.0
105078,0.0
105081,0.0
105097,0.0
105129,0.0
105132,0.0
105145,0.0
105155,0.0
105161,0.0
105164,0.0
105178,0.0
105186,0.0
105191,0.0
105197,0.0
105199,0.0
105201,0.0
105215,0.0
105216,0.0
105249,0.0
105269,0.0
105282,0.0
105295,0.0
105300,0.0
105306,0.0
105325,0.0
105338,0.0
105356,0.0
105366,0.0
105370,0.0
105375,0.0
105376,0.0
105387,0.0
105395,0.0
105398,0.0
105410,0.0
105429,0.0
105443,0.0
105445,0.0
105461,0.0
105492,0.0
105495,0.0
105498,0.0
105505,0.0
105544,0.0
105546,0.0
105561,0.0
105567,0.0
105580,0.0
105583,0.0
105585,0.0
105588,0.0
105604,0.0
105605,0.0
105607,0.0
105627,0.0
105631,0.0
105632,0.0
105645,0.0
105646,0.0
105650,0.0
105660,0.0
105675,0.0
105683,0.0
105693,0.0
105703,0.0
105712,0.0
105726,0.0
105747,0.0
105759,0.0
105760,0.0
105767,0.0
105770,0.0
105771,0.0
105772,0.0
105781,0.0
105831,0.0
105835,0.0
105839,0.0
105841,0.0
105858,0.0
105866,0.0
105876,0.0
105879,0.0
105882,0.0
105900,0.0
105914,0.0
105922,0.0
105940,0.0
105955,0.0
105982,0.0
105987,0.0
105990,0.0
105993,0.0
106001,0.0
106005,0.0
106015,0.0
106044,0.0
106059,0.0
106068,0.0
106069,0.0
106075,0.0
106079,0.0
106098,0.0
106106,0.0
106113,0.0
106119,0.0
106130,0.0
106145,0.0
106158,0.0
106159,0.0
106164,0.0
106170,0.0
106173,0.0
106189,0.0
106192,0.0
106193,0.0
106197,0.0
106218,0.0
106241,0.0
106246,0.0
106248,0.0
106249,0.0
106251,0.0
106263,0.0
106273,0.0
106278,0.0
106284,0.0
106286,0.0
106292,0.0
106310,0.0
106315,0.0
106318,0.0
106332,0.0
106336,0.0
106354,0.0
106355,0.0
106373,0.0
106376,0.0
106404,0.0
106407,0.0
106414,0.0
106436,0.0
106437,0.0
106441,0.0
106443,0.0
106444,0.0
106452,0.0
106454,0.0
106463,0.0
106468,0.0
106474,0.0
106477,0.0
106495,0.0
106498,0.0
106570,0.0
106580,0.0
106587,0.0
106605,0.0
106612,0.0
106620,0.0
106629,0.0
106630,0.0
106639,0.0
106643,0.0
106650,0.0
106659,0.0
106671,0.0
106673,0.0
106675,0.0
106680,0.0
106690,0.0
106692,0.0
106694,0.0
106695,0.0
106713,0.0
106755,0.0
106765,0.0
106767,0.0
106777,0.0
106800,0.0
106801,0.0
106802,0.0
106823,0.0
106836,0.0
106854,0.0
106867,0.0
106878,0.0
106881,0.0
106904,0.0
106909,0.0
106911,0.0
106915,0.0
106921,0.0
106922,0.0
106939,0.0
106943,0.0
106965,0.0
106976,0.0
106993,0.0
106997,0.0
107006,0.0
107015,0.0
107031,0.0
107044,0.0
107050,0.0
107070,0.0
107090,0.0
107091,0.0
107094,0.0
107097,0.0
107099,0.0
107102,0.0
107106,0.0
107109,0.0
107112,0.0
107114,0.0
107126,0.0
107127,0.0
107144,0.0
107153,0.0
107160,0.0
107175,0.0
107187,0.0
107188,0.0
107193,0.0
107203,0.0
107210,0.0
107212,0.0
107214,0.0
107219,0.0
107232,0.0
107236,0.0
107248,0.0
107256,0.0
107262,0.0
107264,0.0
107266,0.0
107270,0.0
107284,0.0
107285,0.0
107302,0.0
107304,0.0
107307,0.0
107308,0.0
107311,0.0
107313,0.0
107314,0.0
107317,0.0
107324,0.0
107326,0.0
107329,0.0
107334,0.0
107344,0.0
107346,0.0
107348,0.0
107356,0.0
107358,0.0
107363,0.0
107382,0.0
107402,0.0
107409,0.0
107423,0.0
107424,0.0
107437,0.0
107457,0.0
107460,0.0
107461,0.0
107468,0.0
107481,0.0
107494,0.0
107495,0.0
107537,0.0
107543,0.0
107561,0.0
107572,0.0
107578,0.0
107579,0.0
107581,0.0
107582,0.0
107603,0.0
107604,0.0
107618,0.0
107625,0.0
107638,0.0
107640,0.0
107667,0.0
107674,0.0
107675,0.0
107688,0.0
107704,0.0
107709,0.0
107715,0.0
107719,0.0
107720,0.0
107731,0.0
107732,0.0
107740,0.0
107754,0.0
107755,0.0
107761,0.0
107767,0.0
107791,0.0
107800,0.0
107802,0.0
107806,0.0
107819,0.0
107823,0.0
107824,0.0
107826,0.0
107847,0.0
107874,0.0
107885,0.0
107890,0.0
107895,0.0
107904,0.0
107909,0.0
107913,0.0
107914,0.0
107918,0.0
107955,0.0
107963,0.0
107966,0.0
107975,0.0
107981,0.0
107984,0.0
107987,0.0
107993,0.0
108004,0.0
108005,0.0
108016,0.0
108028,0.0
108037,0.0
108048,0.0
108052,0.0
108067,0.0
108087,0.0
108089,0.0
108107,0.0
108109,0.0
108119,0.0
108122,0.0
108123,0.0
108127,0.0
108131,0.0
108138,0.0
108140,0.0
108141,0.0
108142,0.0
108169,0.0
108173,0.0
108187,0.0
108189,0.0
108195,0.0
108199,0.0
108201,0.0
108204,0.0
108222,0.0
108232,0.0
108235,0.0
108248,0.0
108266,0.0
108280,0.0
108285,0.0
108307,0.0
108332,0.0
108357,0.0
108359,0.0
108365,0.0
108368,0.0
108374,0.0
108377,0.0
108385,0.0
108393,0.0
108397,0.0
108400,0.0
108401,0.0
108403,0.0
108408,0.0
108423,0.0
108424,0.0
108429,0.0
108436,0.0
108439,0.0
108460,0.0
108467,0.0
108472,0.0
108476,0.0
108478,0.0
108486,0.0
108491,0.0
108493,0.0
108502,0.0
108514,0.0
108515,0.0
108520,0.0
108524,0.0
108533,0.0
108545,0.0
108558,0.0
108579,0.0
108606,0.0
108613,0.0
108617,0.0
108620,0.0
108623,0.0
108643,0.0
108646,0.0
108655,0.0
108659,0.0
108670,0.0
108673,0.0
108674,0.0
108679,0.0
108684,0.0
108696,0.0
108741,0.0
108745,0.0
108748,0.0
108762,0.0
108765,0.0
108773,0.0
108774,0.0
108781,0.0
108792,0.0
108795,0.0
108800,0.0
108806,0.0
108822,0.0
108844,0.0
108847,0.0
108848,0.0
108850,0.0
108859,0.0
108875,0.0
108878,0.0
108883,0.0
108901,0.0
108902,0.0
108907,0.0
108909,0.0
108910,0.0
108929,0.0
108934,0.0
108939,0.0
108947,0.0
108950,0.0
108967,0.0
108968,0.0
108972,0.0
109003,0.0
109010,0.0
109011,0.0
109014,0.0
109057,0.0
109060,0.0
109090,0.0
109102,0.0
109114,0.0
109116,0.0
109130,0.0
109144,0.0
109145,0.0
109149,0.0
109152,0.0
109161,0.0
109163,0.0
109165,0.0
109175,0.0
109179,0.0
109184,0.0
109185,0.0
109203,0.0
109211,0.0
109224,0.0
109231,0.0
109236,0.0
109239,0.0
109243,0.0
109245,0.0
109252,0.0
109253,0.0
109254,0.0
109282,0.0
109283,0.0
109294,0.0
109306,0.0
109308,0.0
109322,0.0
109330,0.0
109331,0.0
109339,0.0
109347,0.0
109351,0.0
109358,0.0
109360,0.0
109395,0.0
109409,0.0
109414,0.0
109427,0.0
109429,0.0
109435,0.0
109439,0.0
109460,0.0
109466,0.0
109467,0.0
109469,0.0
109472,0.0
109474,0.0
109484,0.0
109490,0.0
109497,0.0
109504,0.0
109505,0.0
109528,0.0
109550,0.0
109553,0.0
109559,0.0
109562,0.0
109565,0.0
109569,0.0
109575,0.0
109583,0.0
109586,0.0
109588,0.0
109591,0.0
109597,0.0
109599,0.0
109620,0.0
109661,0.0
109673,0.0
109684,0.0
109692,0.0
109693,0.0
109695,0.0
109700,0.0
109702,0.0
109704,0.0
109718,0.0
109725,0.0
109738,0.0
109744,0.0
109762,0.0
109764,0.0
109765,0.0
109770,0.0
109777,0.0
109782,0.0
109783,0.0
109800,0.0
109802,0.0
109803,0.0
109806,0.0
109826,0.0
109831,0.0
109864,0.0
109882,0.0
109883,0.0
109906,0.0
109914,0.0
109920,0.0
109925,0.0
109933,0.0
109934,0.0
109939,0.0
109941,0.0
109942,0.0
109943,0.0
109962,0.0
109972,0.0
109995,0.0
109996,0.0
110001,0.0
110044,0.0
110047,0.0
110048,0.0
110060,0.0
110063,0.0
110065,0.0
110086,0.0
110100,0.0
110113,0.0
110116,0.0
110130,0.0
110131,0.0
110133,0.0
110139,0.0
110151,0.0
110154,0.0
110158,0.0
110163,0.0
110171,0.0
110178,0.0
110181,0.0
110182,0.0
110190,0.0
110203,0.0
110206,0.0
110227,0.0
110243,0.0
110247,0.0
110253,0.0
110260,0.0
110269,0.0
110284,0.0
110300,0.0
110302,0.0
110307,0.0
110328,0.0
110353,0.0
110355,0.0
110369,0.0
110372,0.0
110392,0.0
110397,0.0
110414,0.0
110418,0.0
110439,0.0
110447,0.0
110452,0.0
110468,0.0
110489,0.0
110503,0.0
110504,0.0
110505,0.0
110513,0.0
110514,0.0
110515,0.0
110525,0.0
110543,0.0
110549,0.0
110552,0.0
110558,0.0
110577,0.0
110581,0.0
110583,0.0
110587,0.0
110588,0.0
110597,0.0
110607,0.0
110615,0.0
110617,0.0
110618,0.0
110622,0.0
110623,0.0
110639,0.0
110644,0.0
110645,0.0
110656,0.0
110659,0.0
110674,0.0
110675,0.0
110685,0.0
110698,0.0
110714,0.0
110720,0.0
110733,0.0
110758,0.0
110769,0.0
110770,0.0
110786,0.0
110787,0.0
110792,0.0
110797,0.0
110802,0.0
110812,0.0
110819,0.0
110824,0.0
110829,0.0
110839,0.0
110846,0.0
110858,0.0
110861,0.0
110864,0.0
110880,0.0
110890,0.0
110897,0.0
110903,0.0
110912,0.0
110919,0.0
110925,0.0
110929,0.0
110934,0.0
110936,0.0
110991,0.0
111016,0.0
111023,0.0
111028,0.0
111037,0.0
111038,0.0
111055,0.0
111058,0.0
111060,0.0
111087,0.0
111088,0.0
111117,0.0
111118,0.0
111124,0.0
111137,0.0
111141,0.0
111146,0.0
111151,0.0
111152,0.0
111155,0.0
111163,0.0
111177,0.0
111196,0.0
111197,0.0
111212,0.0
111213,0.0
111232,0.0
111237,0.0
111243,0.0
111249,0.0
111251,0.0
111267,0.0
111269,0.0
111271,0.0
111276,0.0
111288,0.0
111301,0.0
111305,0.0
111314,0.0
111317,0.0
111319,0.0
111357,0.0
111359,0.0
111363,0.0
111371,0.0
111375,0.0
111411,0.0
111422,0.0
111425,0.0
111426,0.0
111434,0.0
111437,0.0
111440,0.0
111472,0.0
111484,0.0
111513,0.0
111516,0.0
111523,0.0
111540,0.0
111549,0.0
111554,0.0
111583,0.0
111605,0.0
111611,0.0
111612,0.0
111618,0.0
111620,0.0
111627,0.0
111631,0.0
111632,0.0
111635,0.0
111636,0.0
111645,0.0
111655,0.0
111657,0.0
111658,0.0
111662,0.0
111677,0.0
111712,0.0
111722,0.0
111741,0.0
111743,0.0
111748,0.0
111750,0.0
111753,0.0
111796,0.0
111807,0.0
111813,0.0
111823,0.0
111834,0.0
111839,0.0
111844,0.0
111859,0.0
111861,0.0
111862,0.0
111875,0.0
111878,0.0
111880,0.0
111884,0.0
111887,0.0
111888,0.0
111893,0.0
111899,0.0
111903,0.0
111912,0.0
111927,0.0
111943,0.0
111945,0.0
111962,0.0
111973,0.0
111982,0.0
111985,0.0
111988,0.0
111990,0.0
112008,0.0
112011,0.0
112013,0.0
112017,0.0
112028,0.0
112042,0.0
112045,0.0
112059,0.0
112075,0.0
112076,0.0
112091,0.0
112094,0.0
112103,0.0
112105,0.0
112120,0.0
112124,0.0
112127,0.0
112134,0.0
112142,0.0
112147,0.0
112172,0.0
112173,0.0
112188,0.0
112200,0.0
112202,0.0
112203,0.0
112209,0.0
112218,0.0
112258,0.0
112275,0.0
112282,0.0
112297,0.0
112301,0.0
112308,0.0
112337,0.0
112338,0.0
112365,0.0
112371,0.0
112374,0.0
112379,0.0
112410,0.0
112454,0.0
112455,0.0
112460,0.0
112468,0.0
112473,0.0
112495,0.0
112497,0.0
112514,0.0
112518,0.0
112523,0.0
112529,0.0
112530,0.0
112532,0.0
112537,0.0
112553,0.0
112562,0.0
112567,0.0
112570,0.0
112574,0.0
112578,0.0
112588,0.0
112611,0.0
112635,0.0
112646,0.0
112653,0.0
112671,0.0
112680,0.0
112690,0.0
112696,0.0
112697,0.0
112698,0.0
112705,0.0
112725,0.0
112730,0.0
112732,0.0
112748,0.0
112762,0.0
112808,0.0
112816,0.0
112826,0.0
112833,0.0
112843,0.0
112852,0.0
112853,0.0
112861,0.0
112893,0.0
112907,0.0
112909,0.0
112913,0.0
112920,0.0
112921,0.0
112927,0.0
112939,0.0
112940,0.0
112943,0.0
112948,0.0
112955,0.0
112969,0.0
112973,0.0
112983,0.0
112988,0.0
112994,0.0
113009,0.0
113017,0.0
113071,0.0
113074,0.0
113075,0.0
113081,0.0
113113,0.0
113121,0.0
113159,0.0
113177,0.0
113181,0.0
113184,0.0
113194,0.0
113205,0.0
113209,0.0
113227,0.0
113229,0.0
113246,0.0
113256,0.0
113260,0.0
113261,0.0
113262,0.0
113273,0.0
113301,0.0
113336,0.0
113348,0.0
113353,0.0
113366,0.0
113369,0.0
113370,0.0
113374,0.0
113385,0.0
113386,0.0
113392,0.0
113401,0.0
113412,0.0
113413,0.0
113414,0.0
113415,0.0
113429,0.0
113438,0.0
113445,0.0
113451,0.0
113456,0.0
113459,0.0
113464,0.0
113470,0.0
113480,0.0
113515,0.0
113523,0.0
113540,0.0
113556,0.0
113564,0.0
113571,0.0
113573,0.0
113576,0.0
113589,0.0
113601,0.0
113613,0.0
113626,0.0
113632,0.0
113650,0.0
113653,0.0
113654,0.0
113668,0.0
113670,0.0
113699,0.0
113703,0.0
113716,0.0
113718,0.0
113729,0.0
113731,0.0
113740,0.0
113757,0.0
113758,0.0
113769,0.0
113772,0.0
113778,0.0
113783,0.0
113793,0.0
113805,0.0
113806,0.0
113823,0.0
113828,0.0
113831,0.0
113836,0.0
113846,0.0
113849,0.0
113861,0.0
113863,0.0
113869,0.0
113873,0.0
113876,0.0
113890,0.0
113895,0.0
113904,0.0
113906,0.0
113907,0.0
113909,0.0
113911,0.0
113912,0.0
113913,0.0
113917,0.0
113919,0.0
113934,0.0
113939,0.0
113949,0.0
113954,0.0
113968,0.0
113991,0.0
113996,0.0
114009,0.0
114010,0.0
114011,0.0
114026,0.0
114038,0.0
114039,0.0
114045,0.0
114057,0.0
114080,0.0
114105,0.0
114119,0.0
114123,0.0
114127,0.0
114129,0.0
114138,0.0
114148,0.0
114176,0.0
114184,0.0
114185,0.0
114193,0.0
114204,0.0
114208,0.0
114221,0.0
114244,0.0
114255,0.0
114259,0.0
114267,0.0
114276,0.0
114284,0.0
114294,0.0
114299,0.0
114303,0.0
114304,0.0
114305,0.0
114326,0.0
114347,0.0
114395,0.0
114406,0.0
114409,0.0
114412,0.0
114419,0.0
114436,0.0
114461,0.0
114465,0.0
114471,0.0
114476,0.0
114480,0.0
114482,0.0
114488,0.0
114495,0.0
114509,0.0
114528,0.0
114531,0.0
114534,0.0
114535,0.0
114538,0.0
114539,0.0
114541,0.0
114544,0.0
114552,0.0
114554,0.0
114569,0.0
114570,0.0
114579,0.0
114588,0.0
114591,0.0
114595,0.0
114597,0.0
114601,0.0
114612,0.0
114614,0.0
114617,0.0
114624,0.0
114633,0.0
114643,0.0
114659,0.0
114671,0.0
114687,0.0
114694,0.0
114701,0.0
114713,0.0
114720,0.0
114733,0.0
114736,0.0
114738,0.0
114753,0.0
114758,0.0
114764,0.0
114766,0.0
114784,0.0
114787,0.0
114797,0.0
114801,0.0
114805,0.0
114817,0.0
114824,0.0
114836,0.0
114837,0.0
114849,0.0
114850,0.0
114898,0.0
114919,0.0
114928,0.0
114940,0.0
114948,0.0
114958,0.0
114963,0.0
114982,0.0
114992,0.0
114993,0.0
114995,0.0
115011,0.0
115016,0.0
115032,0.0
115035,0.0
115037,0.0
115047,0.0
115051,0.0
115058,0.0
115061,0.0
115080,0.0
115084,0.0
115087,0.0
115100,0.0
115105,0.0
115114,0.0
115123,0.0
115125,0.0
115130,0.0
115133,0.0
115136,0.0
115138,0.0
115152,0.0
115156,0.0
115165,0.0
115168,0.0
115172,0.0
115176,0.0
115184,0.0
115188,0.0
115197,0.0
115200,0.0
115210,0.0
115221,0.0
115222,0.0
115223,0.0
115226,0.0
115233,0.0
115234,0.0
115241,0.0
115244,0.0
115265,0.0
115268,0.0
115281,0.0
115282,0.0
115287,0.0
115297,0.0
115300,0.0
115303,0.0
115306,0.0
115314,0.0
115322,0.0
115323,0.0
115324,0.0
115336,0.0
115338,0.0
115350,0.0
115358,0.0
115365,0.0
115372,0.0
115374,0.0
115383,0.0
115394,0.0
115408,0.0
115416,0.0
115424,0.0
115450,0.0
115459,0.0
115462,0.0
115463,0.0
115465,0.0
115473,0.0
115480,0.0
115483,0.0
115486,0.0
115487,0.0
115511,0.0
115512,0.0
115516,0.0
115520,0.0
115523,0.0
115558,0.0
115562,0.0
115564,0.0
115575,0.0
115577,0.0
115578,0.0
115582,0.0
115604,0.0
115606,0.0
115611,0.0
115622,0.0
115631,0.0
115638,0.0
115639,0.0
115662,0.0
115672,0.0
115681,0.0
115692,0.0
115715,0.0
115724,0.0
115732,0.0
115743,0.0
115746,0.0
115749,0.0
115753,0.0
115756,0.0
115767,0.0
115782,0.0
115785,0.0
115788,0.0
115800,0.0
115801,0.0
115806,0.0
115811,0.0
115821,0.0
115824,0.0
115825,0.0
115829,0.0
115843,0.0
115848,0.0
115888,0.0
115893,0.0
115904,0.0
115929,0.0
115930,0.0
115958,0.0
115970,0.0
115978,0.0
115998,0.0
116003,0.0
116007,0.0
116015,0.0
116017,0.0
116025,0.0
116030,0.0
116033,0.0
116047,0.0
116084,0.0
116086,0.0
116095,0.0
116104,0.0
116111,0.0
116118,0.0
116121,0.0
116127,0.0
116143,0.0
116149,0.0
116189,0.0
116230,0.0
116238,0.0
116241,0.0
116251,0.0
116265,0.0
116291,0.0
116302,0.0
116317,0.0
116319,0.0
116324,0.0
116351,0.0
116358,0.0
116359,0.0
116360,0.0
116361,0.0
116368,0.0
116378,0.0
116390,0.0
116397,0.0
116413,0.0
116415,0.0
116416,0.0
116422,0.0
116430,0.0
116455,0.0
116461,0.0
116474,0.0
116478,0.0
116485,0.0
116491,0.0
116497,0.0
116498,0.0
116503,0.0
116504,0.0
116512,0.0
116523,0.0
116537,0.0
116543,0.0
116554,0.0
116555,0.0
116556,0.0
116557,0.0
116562,0.0
116569,0.0
116587,0.0
116590,0.0
116615,0.0
116626,0.0
116630,0.0
116631,0.0
116640,0.0
116653,0.0
116675,0.0
116709,0.0
116710,0.0
116718,0.0
116725,0.0
116730,0.0
116731,0.0
116737,0.0
116748,0.0
116757,0.0
116758,0.0
116759,0.0
116764,0.0
116783,0.0
116785,0.0
116789,0.0
116824,0.0
116838,0.0
116839,0.0
116855,0.0
116858,0.0
116859,0.0
116874,0.0
116875,0.0
116883,0.0
116884,0.0
116888,0.0
116895,0.0
116898,0.0
116900,0.0
116916,0.0
116918,0.0
116919,0.0
116937,0.0
116950,0.0
116959,0.0
116960,0.0
116961,0.0
116982,0.0
116996,0.0
117000,0.0
117006,0.0
117026,0.0
117029,0.0
117035,0.0
117053,0.0
117054,0.0
117060,0.0
117070,0.0
117076,0.0
117116,0.0
117117,0.0
117121,0.0
117139,0.0
117140,0.0
117141,0.0
117143,0.0
117146,0.0
117148,0.0
117156,0.0
117157,0.0
117171,0.0
117173,0.0
117190,0.0
117193,0.0
117203,0.0
117217,0.0
117238,0.0
117257,0.0
117267,0.0
117280,0.0
117292,0.0
117302,0.0
117305,0.0
117310,0.0
117315,0.0
117318,0.0
117323,0.0
117336,0.0
117344,0.0
117349,0.0
117350,0.0
117355,0.0
117356,0.0
117370,0.0
117379,0.0
117384,0.0
117411,0.0
117417,0.0
117422,0.0
117428,0.0
117435,0.0
117444,0.0
117453,0.0
117456,0.0
117458,0.0
117459,0.0
117465,0.0
117473,0.0
117476,0.0
117479,0.0
117493,0.0
117523,0.0
117529,0.0
117549,0.0
117568,0.0
117575,0.0
117581,0.0
117590,0.0
117616,0.0
117617,0.0
117639,0.0
117643,0.0
117658,0.0
117669,0.0
117677,0.0
117688,0.0
117701,0.0
117702,0.0
117708,0.0
117716,0.0
117731,0.0
117745,0.0
117760,0.0
117777,0.0
117794,0.0
117800,0.0
117807,0.0
117811,0.0
117812,0.0
117826,0.0
117838,0.0
117850,0.0
117856,0.0
117857,0.0
117886,0.0
117893,0.0
117903,0.0
117904,0.0
117912,0.0
117917,0.0
117923,0.0
117925,0.0
117933,0.0
117938,0.0
117948,0.0
117954,0.0
117961,0.0
117970,0.0
117977,0.0
118004,0.0
118019,0.0
118030,0.0
118058,0.0
118068,0.0
118079,0.0
118082,0.0
118107,0.0
118111,0.0
118112,0.0
118127,0.0
118130,0.0
118134,0.0
118135,0.0
118142,0.0
118143,0.0
118145,0.0
118150,0.0
118174,0.0
118182,0.0
118194,0.0
118205,0.0
118229,0.0
118236,0.0
118243,0.0
118254,0.0
118257,0.0
118266,0.0
118295,0.0
118299,0.0
118300,0.0
118303,0.0
118326,0.0
118333,0.0
118351,0.0
118357,0.0
118365,0.0
118389,0.0
118390,0.0
118393,0.0
118404,0.0
118413,0.0
118429,0.0
118437,0.0
118439,0.0
118478,0.0
118483,0.0
118492,0.0
118503,0.0
118508,0.0
118514,0.0
118537,0.0
118543,0.0
118561,0.0
118566,0.0
118567,0.0
118587,0.0
118594,0.0
118603,0.0
118619,0.0
118626,0.0
118633,0.0
118638,0.0
118648,0.0
118660,0.0
118661,0.0
118665,0.0
118666,0.0
118673,0.0
118698,0.0
118703,0.0
118711,0.0
118718,0.0
118722,0.0
118723,0.0
118728,0.0
118741,0.0
118754,0.0
118760,0.0
118762,0.0
118767,0.0
118783,0.0
118795,0.0
118800,0.0
118820,0.0
118821,0.0
118827,0.0
118848,0.0
118864,0.0
118882,0.0
118887,0.0
118895,0.0
118898,0.0
118902,0.0
118947,0.0
118955,0.0
118957,0.0
118998,0.0
118999,0.0
119010,0.0
119012,0.0
119013,0.0
119028,0.0
119046,0.0
119048,0.0
119055,0.0
119066,0.0
119075,0.0
119086,0.0
119089,0.0
119092,0.0
119098,0.0
119112,0.0
119118,0.0
119124,0.0
119125,0.0
119126,0.0
119132,0.0
119141,0.0
119145,0.0
119148,0.0
119175,0.0
119179,0.0
119180,0.0
119182,0.0
119188,0.0
119203,0.0
119212,0.0
119236,0.0
119242,0.0
119259,0.0
119271,0.0
119273,0.0
119274,0.0
119275,0.0
119305,0.0
119310,0.0
119339,0.0
119344,0.0
119358,0.0
119367,0.0
119371,0.0
119374,0.0
119383,0.0
119386,0.0
119408,0.0
119416,0.0
119421,0.0
119437,0.0
119438,0.0
119443,0.0
119444,0.0
119445,0.0
119460,0.0
119467,0.0
119470,0.0
119474,0.0
119476,0.0
119486,0.0
119496,0.0
119506,0.0
119508,0.0
119531,0.0
119535,0.0
119556,0.0
119585,0.0
119586,0.0
119589,0.0
119608,0.0
119632,0.0
119646,0.0
119654,0.0
119661,0.0
119664,0.0
119674,0.0
119675,0.0
119677,0.0
119680,0.0
119688,0.0
119693,0.0
119705,0.0
119707,0.0
119714,0.0
119715,0.0
119724,0.0
119731,0.0
119733,0.0
119748,0.0
119756,0.0
119757,0.0
119758,0.0
119762,0.0
119787,0.0
119791,0.0
119792,0.0
119800,0.0
119819,0.0
119822,0.0
119830,0.0
119842,0.0
119847,0.0
119849,0.0
119858,0.0
119876,0.0
119879,0.0
119894,0.0
119900,0.0
119901,0.0
119903,0.0
119913,0.0
119915,0.0
119924,0.0
119925,0.0
119927,0.0
119932,0.0
119935,0.0
119942,0.0
119963,0.0
119979,0.0
119983,0.0
119989,0.0
120014,0.0
120016,0.0
120030,0.0
120034,0.0
120042,0.0
120048,0.0
120063,0.0
120067,0.0
120083,0.0
120084,0.0
120090,0.0
120094,0.0
120100,0.0
120105,0.0
120118,0.0
120122,0.0
120150,0.0
120178,0.0
120180,0.0
120196,0.0
120208,0.0
120209,0.0
120233,0.0
120246,0.0
120249,0.0
120250,0.0
120253,0.0
120256,0.0
120271,0.0
120286,0.0
120294,0.0
120312,0.0
120322,0.0
120362,0.0
120379,0.0
120382,0.0
120391,0.0
120395,0.0
120397,0.0
120404,0.0
120416,0.0
120426,0.0
120450,0.0
120455,0.0
120458,0.0
120460,0.0
120479,0.0
120486,0.0
120499,0.0
120509,0.0
120518,0.0
120519,0.0
120524,0.0
120525,0.0
120529,0.0
120535,0.0
120537,0.0
120543,0.0
120544,0.0
120550,0.0
120564,0.0
120572,0.0
120575,0.0
120578,0.0
120583,0.0
120593,0.0
120599,0.0
120600,0.0
120619,0.0
120623,0.0
120624,0.0
120637,0.0
120642,0.0
120666,0.0
120668,0.0
120674,0.0
120678,0.0
120707,0.0
120709,0.0
120735,0.0
120742,0.0
120754,0.0
120758,0.0
120761,0.0
120771,0.0
120773,0.0
120776,0.0
120777,0.0
120789,0.0
120794,0.0
120804,0.0
120818,0.0
120834,0.0
120890,0.0
120895,0.0
120902,0.0
120926,0.0
120932,0.0
120937,0.0
120942,0.0
120948,0.0
120959,0.0
120965,0.0
120973,0.0
120980,0.0
120989,0.0
121001,0.0
121004,0.0
121010,0.0
121013,0.0
121016,0.0
121019,0.0
121024,0.0
121044,0.0
121052,0.0
121055,0.0
121064,0.0
121065,0.0
121079,0.0
121092,0.0
121096,0.0
121097,0.0
121114,0.0
121128,0.0
121139,0.0
121141,0.0
121144,0.0
121146,0.0
121155,0.0
121157,0.0
121158,0.0
121161,0.0
121175,0.0
121185,0.0
121197,0.0
121202,0.0
121214,0.0
121215,0.0
121224,0.0
121233,0.0
121252,0.0
121287,0.0
121292,0.0
121303,0.0
121304,0.0
121308,0.0
121311,0.0
121328,0.0
121333,0.0
121334,0.0
121335,0.0
121341,0.0
121353,0.0
121355,0.0
121356,0.0
121381,0.0
121394,0.0
121401,0.0
121408,0.0
121411,0.0
121416,0.0
121434,0.0
121442,0.0
121447,0.0
121449,0.0
121459,0.0
121464,0.0
121487,0.0
121497,0.0
121505,0.0
121507,0.0
121511,0.0
121512,0.0
121516,0.0
121535,0.0
121538,0.0
121543,0.0
121544,0.0
121547,0.0
121558,0.0
121559,0.0
121561,0.0
121562,0.0
121569,0.0
121572,0.0
121588,0.0
121600,0.0
121608,0.0
121609,0.0
121612,0.0
121628,0.0
121636,0.0
121637,0.0
121640,0.0
121647,0.0
121650,0.0
121676,0.0
121681,0.0
121713,0.0
121721,0.0
121729,0.0
121735,0.0
121741,0.0
121749,0.0
121751,0.0
121796,0.0
121814,0.0
121820,0.0
121822,0.0
121833,0.0
121844,0.0
121847,0.0
121849,0.0
121867,0.0
121868,0.0
121869,0.0
121870,0.0
121894,0.0
121895,0.0
121902,0.0
121903,0.0
121907,0.0
121913,0.0
121930,0.0
121936,0.0
121952,0.0
121956,0.0
121961,0.0
121963,0.0
121982,0.0
121986,0.0
122016,0.0
122022,0.0
122034,0.0
122037,0.0
122040,0.0
122044,0.0
122049,0.0
122055,0.0
122105,0.0
122112,0.0
122115,0.0
122131,0.0
122134,0.0
122143,0.0
122151,0.0
122160,0.0
122161,0.0
122164,0.0
122169,0.0
122174,0.0
122182,0.0
122188,0.0
122199,0.0
122203,0.0
122206,0.0
122210,0.0
122214,0.0
122222,0.0
122223,0.0
122224,0.0
122246,0.0
122267,0.0
122271,0.0
122286,0.0
122289,0.0
122290,0.0
122310,0.0
122311,0.0
122314,0.0
122317,0.0
122319,0.0
122322,0.0
122328,0.0
122333,0.0
122354,0.0
122355,0.0
122360,0.0
122364,0.0
122371,0.0
122376,0.0
122380,0.0
122383,0.0
122404,0.0
122411,0.0
122421,0.0
122426,0.0
122430,0.0
122432,0.0
122436,0.0
122443,0.0
122451,0.0
122487,0.0
122493,0.0
122508,0.0
122510,0.0
122516,0.0
122519,0.0
122528,0.0
122545,0.0
122556,0.0
122559,0.0
122564,0.0
122575,0.0
122579,0.0
122588,0.0
122593,0.0
122603,0.0
122610,0.0
122611,0.0
122615,0.0
122616,0.0
122625,0.0
122639,0.0
122642,0.0
122652,0.0
122656,0.0
122660,0.0
122661,0.0
122665,0.0
122667,0.0
122679,0.0
122686,0.0
122690,0.0
122694,0.0
122704,0.0
122706,0.0
122709,0.0
122731,0.0
122737,0.0
122743,0.0
122764,0.0
122781,0.0
122784,0.0
122803,0.0
122806,0.0
122808,0.0
122814,0.0
122829,0.0
122837,0.0
122851,0.0
122860,0.0
122876,0.0
122879,0.0
122881,0.0
122890,0.0
122915,0.0
122918,0.0
122919,0.0
122924,0.0
122939,0.0
122940,0.0
122943,0.0
122948,0.0
122968,0.0
122973,0.0
122982,0.0
122983,0.0
122984,0.0
123010,0.0
123011,0.0
123030,0.0
123033,0.0
123050,0.0
123055,0.0
123059,0.0
123061,0.0
123067,0.0
123068,0.0
123077,0.0
123088,0.0
123090,0.0
123099,0.0
123107,0.0
123115,0.0
123125,0.0
123128,0.0
123131,0.0
123137,0.0
123138,0.0
123143,0.0
123144,0.0
123150,0.0
123155,0.0
123163,0.0
123166,0.0
123168,0.0
123169,0.0
123189,0.0
123201,0.0
123228,0.0
123239,0.0
123244,0.0
123246,0.0
123248,0.0
123259,0.0
123269,0.0
123280,0.0
123285,0.0
123289,0.0
123297,0.0
123300,0.0
123307,0.0
123309,0.0
123314,0.0
123322,0.0
123327,0.0
123328,0.0
123341,0.0
123343,0.0
123344,0.0
123345,0.0
123347,0.0
123358,0.0
123360,0.0
123402,0.0
123405,0.0
123406,0.0
123411,0.0
123449,0.0
123461,0.0
123467,0.0
123469,0.0
123475,0.0
123501,0.0
123514,0.0
123523,0.0
123535,0.0
123564,0.0
123570,0.0
123571,0.0
123574,0.0
123581,0.0
123588,0.0
123593,0.0
123594,0.0
123598,0.0
123601,0.0
123606,0.0
123608,0.0
123630,0.0
123639,0.0
123653,0.0
123654,0.0
123657,0.0
123660,0.0
123671,0.0
123689,0.0
123703,0.0
123707,0.0
123709,0.0
123711,0.0
123717,0.0
123721,0.0
123723,0.0
123727,0.0
123728,0.0
123729,0.0
123736,0.0
123741,0.0
123745,0.0
123750,0.0
123754,0.0
123755,0.0
123764,0.0
123769,0.0
123781,0.0
123797,0.0
123811,0.0
123815,0.0
123817,0.0
123826,0.0
123834,0.0
123843,0.0
123846,0.0
123850,0.0
123855,0.0
123866,0.0
123874,0.0
123881,0.0
123882,0.0
123889,0.0
123896,0.0
123897,0.0
123914,0.0
123924,0.0
123926,0.0
123934,0.0
123936,0.0
123945,0.0
123946,0.0
123950,0.0
123953,0.0
123960,0.0
123964,0.0
123967,0.0
123979,0.0
123981,0.0
123986,0.0
123990,0.0
124001,0.0
124007,0.0
124013,0.0
124026,0.0
124052,0.0
124062,0.0
124075,0.0
124078,0.0
124083,0.0
124088,0.0
124107,0.0
124121,0.0
124124,0.0
124144,0.0
124146,0.0
124150,0.0
124163,0.0
124169,0.0
124179,0.0
124184,0.0
124190,0.0
124198,0.0
124205,0.0
124211,0.0
124216,0.0
124229,0.0
124253,0.0
124263,0.0
124267,0.0
124268,0.0
124272,0.0
124275,0.0
124276,0.0
124278,0.0
124280,0.0
124297,0.0
124298,0.0
124300,0.0
124313,0.0
124315,0.0
124318,0.0
124331,0.0
124340,0.0
124342,0.0
124352,0.0
124380,0.0
124388,0.0
124390,0.0
124406,0.0
124409,0.0
124410,0.0
124415,0.0
124432,0.0
124442,0.0
124469,0.0
124471,0.0
124479,0.0
124483,0.0
124484,0.0
124500,0.0
124501,0.0
124516,0.0
124519,0.0
124528,0.0
124531,0.0
124532,0.0
124535,0.0
124537,0.0
124540,0.0
124544,0.0
124552,0.0
124563,0.0
124570,0.0
124573,0.0
124576,0.0
124577,0.0
124580,0.0
124586,0.0
124588,0.0
124591,0.0
124607,0.0
124615,0.0
124628,0.0
124633,0.0
124655,0.0
124660,0.0
124664,0.0
124668,0.0
124673,0.0
124674,0.0
124697,0.0
124700,0.0
124701,0.0
124716,0.0
124722,0.0
124723,0.0
124726,0.0
124727,0.0
124732,0.0
124742,0.0
124745,0.0
124750,0.0
124753,0.0
124756,0.0
124764,0.0
124766,0.0
124773,0.0
124790,0.0
124795,0.0
124818,0.0
124821,0.0
124822,0.0
124831,0.0
124832,0.0
124835,0.0
124873,0.0
124888,0.0
124893,0.0
124931,0.0
124958,0.0
124968,0.0
124982,0.0
124986,0.0
125002,0.0
125003,0.0
125007,0.0
125024,0.0
125025,0.0
125027,0.0
125041,0.0
125051,0.0
125073,0.0
125081,0.0
125096,0.0
125103,0.0
125104,0.0
125122,0.0
125124,0.0
125125,0.0
125140,0.0
125150,0.0
125159,0.0
125161,0.0
125166,0.0
125171,0.0
125178,0.0
125185,0.0
125188,0.0
125202,0.0
125224,0.0
125226,0.0
125228,0.0
125233,0.0
125236,0.0
125240,0.0
125241,0.0
125243,0.0
125247,0.0
125250,0.0
125257,0.0
125268,0.0
125310,0.0
125320,0.0
125323,0.0
125339,0.0
125343,0.0
125351,0.0
125360,0.0
125382,0.0
125386,0.0
125391,0.0
125401,0.0
125404,0.0
125435,0.0
125436,0.0
125456,0.0
125461,0.0
125483,0.0
125487,0.0
125497,0.0
125513,0.0
125517,0.0
125525,0.0
125528,0.0
125549,0.0
125551,0.0
125561,0.0
125569,0.0
125577,0.0
125580,0.0
125581,0.0
125585,0.0
125587,0.0
125603,0.0
125613,0.0
125616,0.0
125621,0.0
125624,0.0
125630,0.0
125633,0.0
125645,0.0
125650,0.0
125659,0.0
125661,0.0
125678,0.0
125681,0.0
125682,0.0
125690,0.0
125692,0.0
125696,0.0
125700,0.0
125701,0.0
125703,0.0
125721,0.0
125752,0.0
125753,0.0
125766,0.0
125780,0.0
125783,0.0
125794,0.0
125795,0.0
125808,0.0
125815,0.0
125850,0.0
125855,0.0
125879,0.0
125901,0.0
125912,0.0
125924,0.0
125930,0.0
125933,0.0
125938,0.0
125943,0.0
125945,0.0
125950,0.0
125959,0.0
125965,0.0
125969,0.0
125972,0.0
125978,0.0
126023,0.0
126028,0.0
126062,0.0
126066,0.0
126075,0.0
126122,0.0
126127,0.0
126132,0.0
126134,0.0
126142,0.0
126146,0.0
126153,0.0
126161,0.0
126166,0.0
126169,0.0
126172,0.0
126177,0.0
126191,0.0
126192,0.0
126200,0.0
126213,0.0
126222,0.0
126232,0.0
126239,0.0
126252,0.0
126253,0.0
126260,0.0
126270,0.0
126273,0.0
126290,0.0
126293,0.0
126294,0.0
126296,0.0
126298,0.0
126304,0.0
126313,0.0
126335,0.0
126348,0.0
126369,0.0
126370,0.0
126376,0.0
126379,0.0
126384,0.0
126387,0.0
126395,0.0
126397,0.0
126417,0.0
126422,0.0
126428,0.0
126432,0.0
126465,0.0
126474,0.0
126475,0.0
126476,0.0
126478,0.0
126488,0.0
126493,0.0
126494,0.0
126500,0.0
126511,0.0
126554,0.0
126563,0.0
126566,0.0
126571,0.0
126574,0.0
126579,0.0
126582,0.0
126587,0.0
126610,0.0
126646,0.0
126661,0.0
126668,0.0
126679,0.0
126688,0.0
126700,0.0
126708,0.0
126714,0.0
126718,0.0
126723,0.0
126724,0.0
126729,0.0
126732,0.0
126735,0.0
126736,0.0
126739,0.0
126753,0.0
126783,0.0
126790,0.0
126797,0.0
126824,0.0
126825,0.0
126831,0.0
126847,0.0
126852,0.0
126858,0.0
126870,0.0
126871,0.0
126872,0.0
126877,0.0
126878,0.0
126890,0.0
126906,0.0
126908,0.0
126909,0.0
126912,0.0
126923,0.0
126945,0.0
126955,0.0
126959,0.0
126968,0.0
126970,0.0
126979,0.0
126984,0.0
126991,0.0
126998,0.0
126999,0.0
127016,0.0
127025,0.0
127026,0.0
127032,0.0
127035,0.0
127065,0.0
127080,0.0
127087,0.0
127095,0.0
127116,0.0
127131,0.0
127139,0.0
127140,0.0
127141,0.0
127162,0.0
127179,0.0
127180,0.0
127184,0.0
127189,0.0
127191,0.0
127206,0.0
127215,0.0
127221,0.0
127235,0.0
127256,0.0
127272,0.0
127276,0.0
127296,0.0
127297,0.0
127301,0.0
127302,0.0
127307,0.0
127311,0.0
127322,0.0
127330,0.0
127332,0.0
127344,0.0
127365,0.0
127381,0.0
127390,0.0
127399,0.0
127401,0.0
127404,0.0
127423,0.0
127425,0.0
127434,0.0
127443,0.0
127447,0.0
127453,0.0
127455,0.0
127460,0.0
127476,0.0
127482,0.0
127484,0.0
127495,0.0
127522,0.0
127555,0.0
127559,0.0
127569,0.0
127574,0.0
127577,0.0
127593,0.0
127597,0.0
127604,0.0
127612,0.0
127615,0.0
127618,0.0
127625,0.0
127633,0.0
127639,0.0
127650,0.0
127660,0.0
127664,0.0
127675,0.0
127683,0.0
127689,0.0
127696,0.0
127697,0.0
127700,0.0
127712,0.0
127713,0.0
127719,0.0
127723,0.0
127744,0.0
127756,0.0
127763,0.0
127769,0.0
127775,0.0
127784,0.0
127788,0.0
127796,0.0
127806,0.0
127822,0.0
127831,0.0
127840,0.0
127843,0.0
127846,0.0
127847,0.0
127850,0.0
127869,0.0
127871,0.0
127875,0.0
127876,0.0
127882,0.0
127903,0.0
127925,0.0
127930,0.0
127933,0.0
127948,0.0
127966,0.0
127971,0.0
127978,0.0
127989,0.0
127994,0.0
128018,0.0
128028,0.0
128031,0.0
128050,0.0
128055,0.0
128057,0.0
128068,0.0
128070,0.0
128073,0.0
128076,0.0
128077,0.0
128078,0.0
128095,0.0
128113,0.0
128114,0.0
128120,0.0
128133,0.0
128135,0.0
128144,0.0
128147,0.0
128175,0.0
128190,0.0
128197,0.0
128203,0.0
128210,0.0
128216,0.0
128220,0.0
128231,0.0
128233,0.0
128238,0.0
128239,0.0
128241,0.0
128251,0.0
128252,0.0
128278,0.0
128285,0.0
128294,0.0
128303,0.0
128309,0.0
128310,0.0
128325,0.0
128337,0.0
128354,0.0
128360,0.0
128365,0.0
128370,0.0
128372,0.0
128384,0.0
128389,0.0
128398,0.0
128403,0.0
128411,0.0
128416,0.0
128420,0.0
128422,0.0
128427,0.0
128436,0.0
128438,0.0
128453,0.0
128459,0.0
128460,0.0
128461,0.0
128465,0.0
128467,0.0
128470,0.0
128479,0.0
128494,0.0
128497,0.0
128500,0.0
128503,0.0
128505,0.0
128509,0.0
128514,0.0
128541,0.0
128542,0.0
128544,0.0
128552,0.0
128554,0.0
128569,0.0
128576,0.0
128581,0.0
128598,0.0
128603,0.0
128615,0.0
128617,0.0
128621,0.0
128643,0.0
128645,0.0
128649,0.0
128653,0.0
128664,0.0
128677,0.0
128685,0.0
128686,0.0
128690,0.0
128693,0.0
128731,0.0
128760,0.0
128763,0.0
128768,0.0
128773,0.0
128780,0.0
128791,0.0
128835,0.0
128844,0.0
128851,0.0
128885,0.0
128890,0.0
128893,0.0
128898,0.0
128905,0.0
128910,0.0
128912,0.0
128918,0.0
128952,0.0
128972,0.0
128986,0.0
128998,0.0
129001,0.0
129004,0.0
129006,0.0
129007,0.0
129025,0.0
129030,0.0
129033,0.0
129035,0.0
129065,0.0
129067,0.0
129074,0.0
129084,0.0
129108,0.0
129117,0.0
129126,0.0
129133,0.0
129145,0.0
129146,0.0
129147,0.0
129152,0.0
129159,0.0
129191,0.0
129193,0.0
129207,0.0
129226,0.0
129229,0.0
129234,0.0
129249,0.0
129277,0.0
129280,0.0
129283,0.0
129294,0.0
129302,0.0
129303,0.0
129306,0.0
129320,0.0
129326,0.0
129330,0.0
129334,0.0
129338,0.0
129351,0.0
129359,0.0
129376,0.0
129388,0.0
129390,0.0
129398,0.0
129402,0.0
129413,0.0
129422,0.0
129426,0.0
129430,0.0
129447,0.0
129460,0.0
129461,0.0
129463,0.0
129468,0.0
129472,0.0
129474,0.0
129479,0.0
129512,0.0
129522,0.0
129525,0.0
129540,0.0
129557,0.0
129565,0.0
129568,0.0
129583,0.0
129611,0.0
129620,0.0
129629,0.0
129630,0.0
129664,0.0
129666,0.0
129687,0.0
129689,0.0
129694,0.0
129724,0.0
129746,0.0
129753,0.0
129757,0.0
129763,0.0
129773,0.0
129779,0.0
129802,0.0
129806,0.0
129811,0.0
129815,0.0
129819,0.0
129822,0.0
129837,0.0
129840,0.0
129851,0.0
129860,0.0
129867,0.0
129880,0.0
129890,0.0
129900,0.0
129903,0.0
129909,0.0
129912,0.0
129934,0.0
129938,0.0
129995,0.0
130000,0.0
130006,0.0
130019,0.0
130020,0.0
130036,0.0
130047,0.0
130052,0.0
130065,0.0
130076,0.0
130079,0.0
130081,0.0
130100,0.0
130102,0.0
130110,0.0
130112,0.0
130117,0.0
130119,0.0
130122,0.0
130163,0.0
130164,0.0
130181,0.0
130191,0.0
130192,0.0
130193,0.0
130209,0.0
130210,0.0
130216,0.0
130234,0.0
130236,0.0
130241,0.0
130252,0.0
130253,0.0
130277,0.0
130280,0.0
130286,0.0
130297,0.0
130302,0.0
130304,0.0
130310,0.0
130313,0.0
130330,0.0
130337,0.0
130338,0.0
130364,0.0
130371,0.0
130373,0.0
130382,0.0
130392,0.0
130399,0.0
130406,0.0
130411,0.0
130435,0.0
130442,0.0
130446,0.0
130450,0.0
130459,0.0
130463,0.0
130475,0.0
130480,0.0
130491,0.0
130498,0.0
130517,0.0
130523,0.0
130525,0.0
130526,0.0
130531,0.0
130532,0.0
130533,0.0
130537,0.0
130540,0.0
130550,0.0
130551,0.0
130554,0.0
130555,0.0
130558,0.0
130573,0.0
130582,0.0
130584,0.0
130588,0.0
130594,0.0
130603,0.0
130617,0.0
130622,0.0
130623,0.0
130634,0.0
130638,0.0
130686,0.0
130690,0.0
130697,0.0
130703,0.0
130707,0.0
130710,0.0
130721,0.0
130723,0.0
130728,0.0
130736,0.0
130745,0.0
130754,0.0
130767,0.0
130771,0.0
130774,0.0
130793,0.0
130798,0.0
130800,0.0
130802,0.0
130803,0.0
130804,0.0
130811,0.0
130818,0.0
130820,0.0
130832,0.0
130833,0.0
130845,0.0
130852,0.0
130859,0.0
130871,0.0
130876,0.0
130883,0.0
130886,0.0
130909,0.0
130910,0.0
130912,0.0
130960,0.0
130961,0.0
130971,0.0
130986,0.0
131027,0.0
131031,0.0
131032,0.0
131037,0.0
131041,0.0
131043,0.0
131057,0.0
131061,0.0
131068,0.0
131077,0.0
131080,0.0
131082,0.0
131088,0.0
131093,0.0
131095,0.0
131100,0.0
131105,0.0
131111,0.0
131133,0.0
131141,0.0
131164,0.0
131168,0.0
131173,0.0
131180,0.0
131196,0.0
131213,0.0
131224,0.0
131228,0.0
131232,0.0
131233,0.0
131248,0.0
131255,0.0
131260,0.0
131269,0.0
131270,0.0
131275,0.0
131277,0.0
131283,0.0
131286,0.0
131292,0.0
131293,0.0
131295,0.0
131300,0.0
131310,0.0
131321,0.0
131329,0.0
131334,0.0
131345,0.0
131347,0.0
131349,0.0
131351,0.0
131355,0.0
131382,0.0
131388,0.0
131404,0.0
131406,0.0
131410,0.0
131422,0.0
131426,0.0
131434,0.0
131470,0.0
131479,0.0
131482,0.0
131484,0.0
131492,0.0
131498,0.0
131505,0.0
131516,0.0
131518,0.0
131521,0.0
131531,0.0
131554,0.0
131556,0.0
131568,0.0
131578,0.0
131585,0.0
131588,0.0
131594,0.0
131626,0.0
131630,0.0
131644,0.0
131648,0.0
131651,0.0
131661,0.0
131674,0.0
131684,0.0
131690,0.0
131695,0.0
131698,0.0
131704,0.0
131710,0.0
131721,0.0
131727,0.0
131740,0.0
131745,0.0
131746,0.0
131755,0.0
131810,0.0
131824,0.0
131828,0.0
131837,0.0
131838,0.0
131844,0.0
131846,0.0
131856,0.0
131872,0.0
131873,0.0
131887,0.0
131896,0.0
131901,0.0
131903,0.0
131904,0.0
131909,0.0
131910,0.0
131921,0.0
131922,0.0
131930,0.0
131933,0.0
131961,0.0
131984,0.0
132000,0.0
132030,0.0
132040,0.0
132050,0.0
132065,0.0
132066,0.0
132071,0.0
132076,0.0
132077,0.0
132082,0.0
132093,0.0
132123,0.0
132146,0.0
132152,0.0
132168,0.0
132178,0.0
132185,0.0
132208,0.0
132212,0.0
132231,0.0
132240,0.0
132253,0.0
132257,0.0
132260,0.0
132266,0.0
132272,0.0
132283,0.0
132300,0.0
132319,0.0
132321,0.0
132322,0.0
132324,0.0
132331,0.0
132332,0.0
132350,0.0
132353,0.0
132357,0.0
132366,0.0
132386,0.0
132392,0.0
132393,0.0
132398,0.0
132408,0.0
132415,0.0
132426,0.0
132427,0.0
132441,0.0
132450,0.0
132463,0.0
132466,0.0
132493,0.0
132496,0.0
132497,0.0
132499,0.0
132500,0.0
132512,0.0
132520,0.0
132540,0.0
132547,0.0
132582,0.0
132586,0.0
132603,0.0
132605,0.0
132612,0.0
132615,0.0
132618,0.0
132620,0.0
132624,0.0
132636,0.0
132648,0.0
132661,0.0
132666,0.0
132667,0.0
132674,0.0
132683,0.0
132691,0.0
132695,0.0
132698,0.0
132712,0.0
132726,0.0
132731,0.0
132732,0.0
132734,0.0
132736,0.0
132747,0.0
132780,0.0
132784,0.0
132788,0.0
132810,0.0
132832,0.0
132846,0.0
132852,0.0
132865,0.0
132866,0.0
132877,0.0
132882,0.0
132883,0.0
132887,0.0
132888,0.0
132889,0.0
132896,0.0
132907,0.0
132925,0.0
132932,0.0
132936,0.0
132937,0.0
132947,0.0
132950,0.0
132962,0.0
132969,0.0
132973,0.0
132977,0.0
132986,0.0
132992,0.0
133006,0.0
133022,0.0
133033,0.0
133042,0.0
133048,0.0
133076,0.0
133082,0.0
133110,0.0
133133,0.0
133143,0.0
133145,0.0
133152,0.0
133155,0.0
133158,0.0
133164,0.0
133165,0.0
133184,0.0
133187,0.0
133196,0.0
133214,0.0
133228,0.0
133240,0.0
133247,0.0
133252,0.0
133256,0.0
133259,0.0
133264,0.0
133266,0.0
133275,0.0
133280,0.0
133284,0.0
133290,0.0
133298,0.0
133321,0.0
133324,0.0
133329,0.0
133330,0.0
133351,0.0
133353,0.0
133354,0.0
133355,0.0
133357,0.0
133359,0.0
133362,0.0
133365,0.0
133371,0.0
133372,0.0
133376,0.0
133403,0.0
133404,0.0
133410,0.0
133431,0.0
133447,0.0
133459,0.0
133466,0.0
133472,0.0
133475,0.0
133480,0.0
133490,0.0
133496,0.0
133513,0.0
133518,0.0
133531,0.0
133541,0.0
133564,0.0
133565,0.0
133571,0.0
133572,0.0
133582,0.0
133606,0.0
133617,0.0
133624,0.0
133625,0.0
133629,0.0
133631,0.0
133644,0.0
133652,0.0
133663,0.0
133667,0.0
133694,0.0
133696,0.0
133697,0.0
133698,0.0
133703,0.0
133705,0.0
133707,0.0
133722,0.0
133736,0.0
133740,0.0
133762,0.0
133764,0.0
133773,0.0
133777,0.0
133786,0.0
133809,0.0
133811,0.0
133821,0.0
133825,0.0
133834,0.0
133843,0.0
133845,0.0
133854,0.0
133864,0.0
133871,0.0
133873,0.0
133890,0.0
133894,0.0
133909,0.0
133914,0.0
133925,0.0
133942,0.0
133950,0.0
133956,0.0
133967,0.0
133972,0.0
133999,0.0
134000,0.0
134001,0.0
134002,0.0
134019,0.0
134025,0.0
134027,0.0
134028,0.0
134029,0.0
134042,0.0
134044,0.0
134070,0.0
134081,0.0
134083,0.0
134093,0.0
134095,0.0
134116,0.0
134123,0.0
134136,0.0
134138,0.0
134141,0.0
134159,0.0
134175,0.0
134181,0.0
134209,0.0
134210,0.0
134215,0.0
134221,0.0
134228,0.0
134238,0.0
134257,0.0
134264,0.0
134267,0.0
134282,0.0
134309,0.0
134313,0.0
134317,0.0
134323,0.0
134324,0.0
134326,0.0
134328,0.0
134330,0.0
134346,0.0
134352,0.0
134354,0.0
134356,0.0
134357,0.0
134366,0.0
134382,0.0
134383,0.0
134401,0.0
134405,0.0
134407,0.0
134409,0.0
134411,0.0
134419,0.0
134426,0.0
134434,0.0
134435,0.0
134436,0.0
134457,0.0
134466,0.0
134485,0.0
134489,0.0
134494,0.0
134495,0.0
134497,0.0
134502,0.0
134508,0.0
134518,0.0
134521,0.0
134523,0.0
134538,0.0
134539,0.0
134554,0.0
134566,0.0
134567,0.0
134574,0.0
134576,0.0
134581,0.0
134585,0.0
134587,0.0
134588,0.0
134589,0.0
134607,0.0
134614,0.0
134627,0.0
134637,0.0
134638,0.0
134641,0.0
134643,0.0
134644,0.0
134653,0.0
134675,0.0
134676,0.0
134684,0.0
134688,0.0
134689,0.0
134690,0.0
134694,0.0
134707,0.0
134714,0.0
134716,0.0
134720,0.0
134728,0.0
134729,0.0
134734,0.0
134740,0.0
134756,0.0
134773,0.0
134779,0.0
134781,0.0
134785,0.0
134793,0.0
134807,0.0
134814,0.0
134830,0.0
134833,0.0
134840,0.0
134842,0.0
134848,0.0
134850,0.0
134854,0.0
134857,0.0
134859,0.0
134866,0.0
134867,0.0
134873,0.0
134882,0.0
134886,0.0
134898,0.0
134906,0.0
134911,0.0
134919,0.0
134936,0.0
134952,0.0
134972,0.0
134977,0.0
134985,0.0
134986,0.0
135008,0.0
135009,0.0
135015,0.0
135033,0.0
135041,0.0
135042,0.0
135050,0.0
135071,0.0
135072,0.0
135075,0.0
135082,0.0
135084,0.0
135090,0.0
135097,0.0
135102,0.0
135112,0.0
135123,0.0
135146,0.0
135152,0.0
135155,0.0
135166,0.0
135174,0.0
135186,0.0
135192,0.0
135198,0.0
135227,0.0
135232,0.0
135244,0.0
135248,0.0
135266,0.0
135289,0.0
135295,0.0
135298,0.0
135302,0.0
135309,0.0
135337,0.0
135340,0.0
135364,0.0
135370,0.0
135375,0.0
135397,0.0
135399,0.0
135403,0.0
135405,0.0
135419,0.0
135425,0.0
135438,0.0
135441,0.0
135446,0.0
135458,0.0
135461,0.0
135464,0.0
135483,0.0
135503,0.0
135505,0.0
135509,0.0
135518,0.0
135522,0.0
135526,0.0
135530,0.0
135535,0.0
135539,0.0
135541,0.0
135542,0.0
135546,0.0
135550,0.0
135563,0.0
135570,0.0
135580,0.0
135591,0.0
135592,0.0
135595,0.0
135597,0.0
135599,0.0
135610,0.0
135611,0.0
135621,0.0
135622,0.0
135632,0.0
135635,0.0
135640,0.0
135654,0.0
135676,0.0
135677,0.0
135687,0.0
135695,0.0
135696,0.0
135701,0.0
135753,0.0
135757,0.0
135765,0.0
135781,0.0
135788,0.0
135790,0.0
135793,0.0
135807,0.0
135814,0.0
135815,0.0
135826,0.0
135827,0.0
135831,0.0
135840,0.0
135851,0.0
135864,0.0
135871,0.0
135894,0.0
135908,0.0
135912,0.0
135927,0.0
135943,0.0
135951,0.0
135952,0.0
135969,0.0
135976,0.0
135984,0.0
135993,0.0
136001,0.0
136005,0.0
136012,0.0
136041,0.0
136046,0.0
136047,0.0
136087,0.0
136094,0.0
136095,0.0
136116,0.0
136121,0.0
136124,0.0
136130,0.0
136132,0.0
136134,0.0
136141,0.0
136151,0.0
136160,0.0
136165,0.0
136183,0.0
136186,0.0
136194,0.0
136202,0.0
136205,0.0
136228,0.0
136229,0.0
136234,0.0
136246,0.0
136259,0.0
136264,0.0
136265,0.0
136266,0.0
136268,0.0
136274,0.0
136301,0.0
136304,0.0
136320,0.0
136328,0.0
136340,0.0
136357,0.0
136362,0.0
136370,0.0
136383,0.0
136389,0.0
136393,0.0
136405,0.0
136412,0.0
136423,0.0
136426,0.0
136431,0.0
136438,0.0
136466,0.0
136498,0.0
136516,0.0
136526,0.0
136531,0.0
136548,0.0
136563,0.0
136578,0.0
136582,0.0
136593,0.0
136595,0.0
136599,0.0
136600,0.0
136628,0.0
136642,0.0
136647,0.0
136662,0.0
136670,0.0
136671,0.0
136679,0.0
136680,0.0
136683,0.0
136701,0.0
136708,0.0
136709,0.0
136712,0.0
136734,0.0
136746,0.0
136752,0.0
136761,0.0
136770,0.0
136773,0.0
136780,0.0
136794,0.0
136796,0.0
136806,0.0
136807,0.0
136819,0.0
136826,0.0
136844,0.0
136849,0.0
136852,0.0
136854,0.0
136855,0.0
136860,0.0
136861,0.0
136862,0.0
136875,0.0
136879,0.0
136886,0.0
136888,0.0
136889,0.0
136894,0.0
136897,0.0
136921,0.0
136922,0.0
136931,0.0
136932,0.0
136940,0.0
136941,0.0
136956,0.0
136958,0.0
136960,0.0
136977,0.0
136980,0.0
136984,0.0
136989,0.0
137018,0.0
137029,0.0
137032,0.0
137048,0.0
137057,0.0
137064,0.0
137072,0.0
137080,0.0
137090,0.0
137097,0.0
137112,0.0
137121,0.0
137130,0.0
137131,0.0
137139,0.0
137143,0.0
137162,0.0
137182,0.0
137186,0.0
137191,0.0
137202,0.0
137207,0.0
137226,0.0
137232,0.0
137237,0.0
137243,0.0
137249,0.0
137251,0.0
137255,0.0
137277,0.0
137279,0.0
137280,0.0
137286,0.0
137302,0.0
137310,0.0
137313,0.0
137348,0.0
137354,0.0
137360,0.0
137366,0.0
137369,0.0
137375,0.0
137377,0.0
137387,0.0
137391,0.0
137393,0.0
137404,0.0
137410,0.0
137429,0.0
137467,0.0
137476,0.0
137482,0.0
137486,0.0
137495,0.0
137508,0.0
137525,0.0
137527,0.0
137530,0.0
137550,0.0
137552,0.0
137563,0.0
137571,0.0
137579,0.0
137581,0.0
137598,0.0
137603,0.0
137650,0.0
137682,0.0
137686,0.0
137699,0.0
137704,0.0
137708,0.0
137709,0.0
137713,0.0
137715,0.0
137716,0.0
137731,0.0
137741,0.0
137746,0.0
137759,0.0
137774,0.0
137782,0.0
137791,0.0
137793,0.0
137802,0.0
137807,0.0
137809,0.0
137835,0.0
137839,0.0
137849,0.0
137850,0.0
137852,0.0
137854,0.0
137856,0.0
137871,0.0
137881,0.0
137883,0.0
137885,0.0
137890,0.0
137894,0.0
137905,0.0
137911,0.0
137925,0.0
137928,0.0
137940,0.0
137946,0.0
137949,0.0
137951,0.0
137954,0.0
137976,0.0
137993,0.0
137995,0.0
137997,0.0
138019,0.0
138040,0.0
138042,0.0
138047,0.0
138065,0.0
138092,0.0
138098,0.0
138107,0.0
138110,0.0
138114,0.0
138115,0.0
138134,0.0
138146,0.0
138150,0.0
138162,0.0
138164,0.0
138185,0.0
138192,0.0
138208,0.0
138211,0.0
138215,0.0
138235,0.0
138256,0.0
138267,0.0
138279,0.0
138281,0.0
138301,0.0
138317,0.0
138325,0.0
138342,0.0
138353,0.0
138364,0.0
138387,0.0
138404,0.0
138415,0.0
138419,0.0
138431,0.0
138432,0.0
138437,0.0
138444,0.0
138452,0.0
138454,0.0
138477,0.0
138483,0.0
138490,0.0
138493,0.0
